Order_id,Product Name,Category,Region,Quantity,Sales,Profit,Order Date,,
O01,Printer,Office,North,4,3640,348.93,01-01-2022,,
O02,Mouse,Accessories,East,7,1197,106.53,01-01-2022,, 
O03,Tablet,Electronics,South,5,5865,502.73,01-01-2022,,
O04,Mouse,Accessories,South,2,786,202.87,01-01-2022,,
O05,Mouse,Accessories,West,1,509,103.28,01-01-2022,,
O06,Camera,Electronics,West,1,524,106.35,02-01-2022,,
O07,Headphones,Accessories,North,7,6167,1027.98,02-01-2022,,
O08,Camera,Electronics,South,7,3059,873.5,03-01-2022,,
O09,Smartwatch,Electronics,East,9,5526,595.28,04-01-2022,,
O10,Printer,Office,South,8,672,186.37,04-01-2022,,
O11,Monitor,Accessories,South,6,7074,1357.68,04-01-2022,,
O12,Smartwatch,Electronics,East,2,502,137.4,04-01-2022,,
O13,Tablet,Electronics,North,7,7462,2166.17,05-01-2022,,
O14,Smartphone,Electronics,West,5,4205,585.29,05-01-2022,,
O15,Camera,Electronics,West,1,570,138.54,05-01-2022,,
O16,Headphones,Accessories,East,1,441,102.42,06-01-2022,,
O17,Mouse,Accessories,North,7,7469,589.81,07-01-2022,,
O18,Tablet,Electronics,South,2,2212,145.75,07-01-2022,,
O19,Tablet,Electronics,East,5,740,146.39,07-01-2022,,
O20,Headphones,Accessories,North,1,662,193.92,08-01-2022,,
O21,Mouse,Accessories,North,7,5712,651.27,08-01-2022,,
O22,Smartwatch,Electronics,North,3,2739,572.73,08-01-2022,,
O23,Keyboard,Accessories,West,5,1400,213.63,09-01-2022,,
O24,Printer,Office,North,3,3477,939.2,09-01-2022,,
O25,Camera,Electronics,North,5,3475,570.36,10-01-2022,,
O26,Laptop,Electronics,West,9,6138,1562.14,10-01-2022,,
O27,Camera,Electronics,West,5,3665,406.93,10-01-2022,,
O28,Printer,Office,North,2,2372,206.42,10-01-2022,,
O29,Laptop,Electronics,North,2,1382,211.11,10-01-2022,,
O30,Laptop,Electronics,West,1,1126,194.08,11-01-2022,,
O31,Printer,Office,West,8,1376,152.1,11-01-2022,,
O32,Mouse,Accessories,West,4,988,147.91,11-01-2022,,
O33,Laptop,Electronics,North,9,10773,1907.36,11-01-2022,,
O34,Headphones,Accessories,South,4,3252,713.46,11-01-2022,,
O35,Headphones,Accessories,North,3,2739,202.81,12-01-2022,,
O36,Tablet,Electronics,South,7,2709,702.79,12-01-2022,,
O37,Printer,Office,West,3,936,201.24,12-01-2022,,
O38,Camera,Electronics,West,4,3720,410.92,12-01-2022,,
O39,Mouse,Accessories,West,5,5320,716.91,12-01-2022,,
O40,Headphones,Accessories,East,4,804,121.51,13-01-2022,,
O41,Laptop,Electronics,North,8,1224,246.77,13-01-2022,,
O42,Headphones,Accessories,South,9,8667,781.78,13-01-2022,,
O43,Monitor,Accessories,West,3,3018,320.11,13-01-2022,,
O44,Laptop,Electronics,West,5,4325,1023.39,13-01-2022,,
O45,Laptop,Electronics,South,3,1557,181.08,14-01-2022,,
O46,Monitor,Accessories,South,6,3672,1002.5,14-01-2022,,
O47,Mouse,Accessories,West,1,333,72.34,14-01-2022,,
O48,Headphones,Accessories,West,4,2384,577.26,15-01-2022,,
O49,Mouse,Accessories,West,6,888,210.39,15-01-2022,,
O50,Laptop,Electronics,West,5,3280,954.17,15-01-2022,,
O51,Mouse,Accessories,South,7,1239,177.39,16-01-2022,,
O52,Headphones,Accessories,East,8,5880,436.85,16-01-2022,,
O53,Smartphone,Electronics,West,2,1668,437.3,16-01-2022,,
O54,Printer,Office,West,7,4109,1037.64,16-01-2022,,
O55,Smartwatch,Electronics,West,7,595,148.5,16-01-2022,,
O56,Headphones,Accessories,East,7,8155,1587.91,17-01-2022,,
O57,Monitor,Accessories,South,3,1872,553.1,17-01-2022,,
O58,Smartwatch,Electronics,East,6,2124,126.03,17-01-2022,,
O59,Monitor,Accessories,West,5,5210,1338.8,17-01-2022,,
O60,Mouse,Accessories,South,7,5761,362.48,17-01-2022,,
O61,Headphones,Accessories,South,7,6895,1596.35,18-01-2022,,
O62,Smartwatch,Electronics,East,3,2118,317.08,18-01-2022,,
O63,Smartwatch,Electronics,North,5,830,58.28,18-01-2022,,
O64,Smartwatch,Electronics,North,1,851,93.56,18-01-2022,,
O65,Tablet,Electronics,East,5,4730,1365.63,18-01-2022,,
O66,Mouse,Accessories,West,6,5460,845.75,19-01-2022,,
O67,Headphones,Accessories,East,5,5795,310.6,19-01-2022,,
O68,Laptop,Electronics,South,4,2008,338.44,19-01-2022,,
O69,Mouse,Accessories,South,7,2842,425.24,19-01-2022,,
O70,Mouse,Accessories,East,4,3404,392.22,19-01-2022,,
O71,Smartwatch,Electronics,West,1,1065,228.63,19-01-2022,,
O72,Tablet,Electronics,West,7,2149,121.69,20-01-2022,,
O73,Keyboard,Accessories,East,8,5912,1143.04,20-01-2022,,
O74,Mouse,Accessories,West,3,3348,331.28,21-01-2022,,
O75,Smartphone,Electronics,South,3,2409,531.79,21-01-2022,,
O76,Tablet,Electronics,North,2,328,39.51,21-01-2022,,
O77,Smartphone,Electronics,West,8,6224,1561.42,22-01-2022,,
O78,Smartwatch,Electronics,North,5,2530,486.09,22-01-2022,,
O79,Headphones,Accessories,West,4,4108,462.17,23-01-2022,,
O80,Printer,Office,South,5,1640,391.36,23-01-2022,,
O81,Laptop,Electronics,South,1,111,19.33,24-01-2022,,
O82,Headphones,Accessories,North,1,445,128.89,24-01-2022,,
O83,Printer,Office,North,4,3600,623.72,25-01-2022,,
O84,Mouse,Accessories,North,3,1335,176.44,25-01-2022,,
O85,Keyboard,Accessories,South,5,3090,242.15,26-01-2022,,
O86,Printer,Office,East,5,3910,538.52,26-01-2022,,
O87,Camera,Electronics,South,1,219,32.67,26-01-2022,,
O88,Smartphone,Electronics,West,5,390,27.77,26-01-2022,,
O89,Laptop,Electronics,North,6,3294,359.61,26-01-2022,,
O90,Keyboard,Accessories,West,4,4572,1038.05,27-01-2022,,
O91,Monitor,Accessories,South,7,980,109.94,27-01-2022,,
O92,Headphones,Accessories,North,2,2262,532.12,27-01-2022,,
O93,Camera,Electronics,South,7,7518,1655.91,27-01-2022,,
O94,Camera,Electronics,South,1,873,158.97,28-01-2022,,
O95,Mouse,Accessories,North,6,1512,423.03,28-01-2022,,
O96,Laptop,Electronics,West,1,705,165.16,28-01-2022,,
O97,Smartwatch,Electronics,North,8,3256,533.7,28-01-2022,,
O98,Tablet,Electronics,West,4,556,81.77,28-01-2022,,
O99,Mouse,Accessories,East,9,7101,2105.82,29-01-2022,,
O100,Laptop,Electronics,West,9,8802,1344.96,29-01-2022,,
O101,Headphones,Accessories,South,6,5592,1294.16,29-01-2022,,
O102,Tablet,Electronics,North,2,1852,168.92,29-01-2022,,
O103,Monitor,Accessories,East,1,195,57.88,29-01-2022,,
O104,Mouse,Accessories,East,9,7884,2054.02,29-01-2022,,
O105,Laptop,Electronics,East,5,4360,1160.55,30-01-2022,,
O106,Mouse,Accessories,North,6,4920,929.18,31-01-2022,,
O107,Mouse,Accessories,East,3,3474,565,31-01-2022,,
O108,Keyboard,Accessories,West,1,930,222.5,31-01-2022,,
O109,Tablet,Electronics,South,7,1421,248.02,31-01-2022,,
O110,Headphones,Accessories,North,2,634,161.1,31-01-2022,,
O111,Camera,Electronics,East,1,673,114.42,31-01-2022,,
O112,Mouse,Accessories,South,5,3135,787.7,31-01-2022,,
O113,Smartphone,Electronics,East,6,882,184.48,31-01-2022,,
O114,Smartphone,Electronics,East,4,1192,212.77,01-02-2022,,
O115,Printer,Office,South,3,390,112.08,02-02-2022,,
O116,Tablet,Electronics,North,1,834,95.54,02-02-2022,,
O117,Smartphone,Electronics,East,6,612,83.75,03-02-2022,,
O118,Headphones,Accessories,West,9,8073,710.23,03-02-2022,,
O119,Keyboard,Accessories,North,8,2640,723.88,03-02-2022,,
O120,Smartphone,Electronics,North,3,3234,440.7,03-02-2022,,
O121,Monitor,Accessories,West,5,4435,355.51,04-02-2022,,
O122,Smartwatch,Electronics,North,2,2302,305.07,05-02-2022,,
O123,Camera,Electronics,East,6,1728,307.44,05-02-2022,,
O124,Laptop,Electronics,East,4,228,54.05,05-02-2022,,
O125,Tablet,Electronics,West,6,3450,705.74,05-02-2022,,
O126,Smartphone,Electronics,South,8,7456,1702.48,07-02-2022,,
O127,Smartphone,Electronics,West,6,4728,705.85,07-02-2022,,
O128,Smartwatch,Electronics,North,7,945,124.62,07-02-2022,,
O129,Laptop,Electronics,North,4,296,65.05,08-02-2022,,
O130,Smartphone,Electronics,West,4,640,149.89,08-02-2022,,
O131,Tablet,Electronics,North,1,797,65.27,08-02-2022,,
O132,Monitor,Accessories,North,4,1456,431.89,08-02-2022,,
O133,Monitor,Accessories,South,6,4038,364.11,08-02-2022,,
O134,Tablet,Electronics,West,7,5656,355.81,08-02-2022,,
O135,Mouse,Accessories,West,4,3876,302.37,08-02-2022,,
O136,Keyboard,Accessories,South,6,1002,114.7,08-02-2022,,
O137,Headphones,Accessories,East,9,2187,413.76,09-02-2022,,
O138,Mouse,Accessories,North,6,7146,1627.42,09-02-2022,,
O139,Keyboard,Accessories,South,1,189,14.88,10-02-2022,,
O140,Monitor,Accessories,East,5,940,266.02,11-02-2022,,
O141,Headphones,Accessories,North,1,951,127.58,11-02-2022,,
O142,Printer,Office,East,2,124,27.42,11-02-2022,,
O143,Mouse,Accessories,West,9,7506,594.28,11-02-2022,,
O144,Monitor,Accessories,West,7,8176,2308.76,11-02-2022,,
O145,Smartphone,Electronics,East,5,2125,632.68,11-02-2022,,
O146,Headphones,Accessories,North,1,967,59.98,12-02-2022,,
O147,Headphones,Accessories,South,5,270,29.41,13-02-2022,,
O148,Keyboard,Accessories,West,9,10035,1486.3,13-02-2022,,
O149,Printer,Office,North,8,6792,1125.23,13-02-2022,,
O150,Printer,Office,East,1,714,99.13,13-02-2022,,
O151,Smartphone,Electronics,South,5,765,157.64,13-02-2022,,
O152,Headphones,Accessories,East,7,4221,358.02,13-02-2022,,
O153,Laptop,Electronics,North,4,2108,576.48,14-02-2022,,
O154,Monitor,Accessories,North,9,10530,2387.63,14-02-2022,,
O155,Keyboard,Accessories,South,6,3396,914.17,15-02-2022,,
O156,Monitor,Accessories,North,4,1060,213.05,15-02-2022,,
O157,Tablet,Electronics,East,5,480,73.07,15-02-2022,,
O158,Headphones,Accessories,West,3,2529,285.65,16-02-2022,,
O159,Smartwatch,Electronics,East,8,4792,511.97,16-02-2022,,
O160,Smartwatch,Electronics,East,8,8056,605.8,16-02-2022,,
O161,Tablet,Electronics,North,4,4228,947.76,16-02-2022,,
O162,Tablet,Electronics,East,1,653,93.78,17-02-2022,,
O163,Tablet,Electronics,North,9,7452,1212.51,17-02-2022,,
O164,Mouse,Accessories,East,4,4128,1156.71,17-02-2022,,
O165,Tablet,Electronics,West,5,5090,1201.56,17-02-2022,,
O166,Camera,Electronics,North,5,4930,387.33,18-02-2022,,
O167,Smartwatch,Electronics,South,6,2610,434.37,18-02-2022,,
O168,Laptop,Electronics,North,3,2139,415.84,18-02-2022,,
O169,Tablet,Electronics,South,1,226,55.4,18-02-2022,,
O170,Smartwatch,Electronics,West,2,2244,212.08,19-02-2022,,
O171,Monitor,Accessories,East,6,3150,578.87,19-02-2022,,
O172,Laptop,Electronics,South,7,3388,347.19,19-02-2022,,
O173,Laptop,Electronics,East,8,8736,580.31,19-02-2022,,
O174,Smartphone,Electronics,South,2,1102,176.53,19-02-2022,,
O175,Monitor,Accessories,East,3,2640,199.97,21-02-2022,,
O176,Printer,Office,West,3,2547,300.74,22-02-2022,,
O177,Laptop,Electronics,North,7,728,64.82,22-02-2022,,
O178,Camera,Electronics,South,7,3444,607.44,22-02-2022,,
O179,Camera,Electronics,West,5,3140,853.66,23-02-2022,,
O180,Smartphone,Electronics,East,3,435,129.27,23-02-2022,,
O181,Keyboard,Accessories,East,4,856,72.99,24-02-2022,,
O182,Printer,Office,North,2,112,23.33,24-02-2022,,
O183,Headphones,Accessories,North,3,2247,507.79,24-02-2022,,
O184,Keyboard,Accessories,West,2,1512,298.73,24-02-2022,,
O185,Mouse,Accessories,South,5,4915,1196.6,25-02-2022,,
O186,Mouse,Accessories,South,3,2709,663.54,25-02-2022,,
O187,Tablet,Electronics,North,7,1239,118.36,25-02-2022,,
O188,Tablet,Electronics,West,2,572,86.16,25-02-2022,,
O189,Smartwatch,Electronics,North,2,1708,93.25,26-02-2022,,
O190,Smartwatch,Electronics,North,4,360,42.66,27-02-2022,,
O191,Camera,Electronics,North,6,3822,388.34,27-02-2022,,
O192,Camera,Electronics,North,6,4680,932.97,27-02-2022,,
O193,Camera,Electronics,North,5,2520,487.18,28-02-2022,,
O194,Smartwatch,Electronics,North,2,2138,619.29,28-02-2022,,
O195,Keyboard,Accessories,West,3,2529,169.6,01-03-2022,,
O196,Keyboard,Accessories,East,1,236,29.33,02-03-2022,,
O197,Tablet,Electronics,West,6,2730,636.48,02-03-2022,,
O198,Headphones,Accessories,North,3,3021,872.49,02-03-2022,,
O199,Smartwatch,Electronics,North,2,244,16.78,03-03-2022,,
O200,Camera,Electronics,South,8,728,120.06,03-03-2022,,
O201,Mouse,Accessories,North,3,453,89.49,03-03-2022,,
O202,Laptop,Electronics,South,1,379,84.38,03-03-2022,,
O203,Tablet,Electronics,West,3,2130,510.69,03-03-2022,,
O204,Monitor,Accessories,North,8,4120,710.11,04-03-2022,,
O205,Smartwatch,Electronics,South,7,3150,299.7,04-03-2022,,
O206,Smartwatch,Electronics,East,7,2688,603.07,05-03-2022,,
O207,Tablet,Electronics,East,2,1752,501.19,05-03-2022,,
O208,Keyboard,Accessories,North,7,7308,948.4,05-03-2022,,
O209,Tablet,Electronics,North,3,2007,160.84,05-03-2022,,
O210,Tablet,Electronics,West,7,7224,479.23,05-03-2022,,
O211,Monitor,Accessories,South,9,6939,1249.31,06-03-2022,,
O212,Smartphone,Electronics,East,7,5516,1475.67,07-03-2022,,
O213,Printer,Office,South,2,2224,116.47,07-03-2022,,
O214,Laptop,Electronics,South,5,3985,824.4,08-03-2022,,
O215,Camera,Electronics,North,7,2723,638.26,08-03-2022,,
O216,Tablet,Electronics,North,2,746,170.75,08-03-2022,,
O217,Laptop,Electronics,West,5,3170,245.25,09-03-2022,,
O218,Smartwatch,Electronics,East,5,550,63.11,09-03-2022,,
O219,Tablet,Electronics,North,8,480,132.45,09-03-2022,,
O220,Printer,Office,East,4,3284,354.4,10-03-2022,,
O221,Smartwatch,Electronics,South,2,1748,183.75,10-03-2022,,
O222,Headphones,Accessories,North,8,824,240.84,10-03-2022,,
O223,Headphones,Accessories,North,4,1872,448.46,10-03-2022,,
O224,Tablet,Electronics,West,3,627,103.98,10-03-2022,,
O225,Camera,Electronics,East,9,5661,1104.02,10-03-2022,,
O226,Camera,Electronics,North,3,2910,765.47,10-03-2022,,
O227,Tablet,Electronics,South,9,9036,1087.46,10-03-2022,,
O228,Tablet,Electronics,West,5,4815,338.31,11-03-2022,,
O229,Mouse,Accessories,South,1,1187,206.28,12-03-2022,,
O230,Headphones,Accessories,East,3,3339,732.92,12-03-2022,,
O231,Tablet,Electronics,East,1,620,165.43,12-03-2022,,
O232,Camera,Electronics,West,5,2025,414.42,12-03-2022,,
O233,Printer,Office,East,5,3030,811.92,12-03-2022,,
O234,Smartwatch,Electronics,North,5,655,166.69,12-03-2022,,
O235,Printer,Office,West,2,2238,294.54,12-03-2022,,
O236,Smartphone,Electronics,South,8,3312,811.31,13-03-2022,,
O237,Printer,Office,East,9,9387,1271.64,13-03-2022,,
O238,Mouse,Accessories,West,6,5790,1285.21,13-03-2022,,
O239,Laptop,Electronics,South,6,2700,527.97,14-03-2022,,
O240,Smartwatch,Electronics,East,8,2072,555.06,14-03-2022,,
O241,Keyboard,Accessories,North,3,2991,716.54,14-03-2022,,
O242,Laptop,Electronics,East,6,5568,958.59,14-03-2022,,
O243,Smartwatch,Electronics,North,7,5509,1648.74,15-03-2022,,
O244,Printer,Office,West,7,5922,1323.1,15-03-2022,,
O245,Smartphone,Electronics,South,4,4380,362.81,15-03-2022,,
O246,Tablet,Electronics,South,5,1760,272.68,15-03-2022,,
O247,Headphones,Accessories,North,9,5571,1523.81,15-03-2022,,
O248,Tablet,Electronics,South,2,1082,182.1,15-03-2022,,
O249,Camera,Electronics,East,1,569,138.11,16-03-2022,,
O250,Mouse,Accessories,North,8,3416,697.42,16-03-2022,,
O251,Printer,Office,West,1,570,57.07,17-03-2022,,
O252,Monitor,Accessories,East,6,3300,386.92,17-03-2022,,
O253,Laptop,Electronics,South,8,2584,568.77,17-03-2022,,
O254,Monitor,Accessories,South,9,7650,2204.44,18-03-2022,,
O255,Headphones,Accessories,West,8,3600,272.51,18-03-2022,,
O256,Monitor,Accessories,West,6,846,190.87,18-03-2022,,
O257,Smartphone,Electronics,West,1,51,9.36,19-03-2022,,
O258,Smartwatch,Electronics,South,6,7056,586.91,19-03-2022,,
O259,Smartwatch,Electronics,West,2,384,38.41,19-03-2022,,
O260,Laptop,Electronics,South,8,2928,663.54,19-03-2022,,
O261,Camera,Electronics,West,7,1904,352.86,19-03-2022,,
O262,Tablet,Electronics,East,2,2314,312.07,19-03-2022,,
O263,Printer,Office,South,4,1028,192.13,19-03-2022,,
O264,Headphones,Accessories,South,9,8307,1326.23,19-03-2022,,
O265,Printer,Office,West,9,1539,203.54,20-03-2022,,
O266,Tablet,Electronics,West,7,2506,537.98,20-03-2022,,
O267,Smartphone,Electronics,West,6,5778,1232.54,21-03-2022,,
O268,Tablet,Electronics,East,9,10188,2165.78,21-03-2022,,
O269,Monitor,Accessories,North,1,952,157.7,23-03-2022,,
O270,Smartwatch,Electronics,West,8,3624,750.86,23-03-2022,,
O271,Keyboard,Accessories,South,8,7968,1551.12,23-03-2022,,
O272,Mouse,Accessories,South,2,1254,250.09,23-03-2022,,
O273,Printer,Office,West,3,705,196.05,24-03-2022,,
O274,Mouse,Accessories,West,1,916,223.5,25-03-2022,,
O275,Printer,Office,North,2,848,129.96,25-03-2022,,
O276,Monitor,Accessories,East,8,2240,313.17,25-03-2022,,
O277,Monitor,Accessories,South,1,940,120.35,25-03-2022,,
O278,Headphones,Accessories,West,5,1550,203.51,25-03-2022,,
O279,Keyboard,Accessories,South,7,2352,256.4,26-03-2022,,
O280,Smartwatch,Electronics,North,9,1638,183.75,26-03-2022,,
O281,Camera,Electronics,North,6,7164,1442.72,26-03-2022,,
O282,Mouse,Accessories,East,1,205,54.54,27-03-2022,,
O283,Keyboard,Accessories,North,2,766,49.23,27-03-2022,,
O284,Keyboard,Accessories,North,1,168,17.84,27-03-2022,,
O285,Mouse,Accessories,South,1,1058,207.55,27-03-2022,,
O286,Keyboard,Accessories,South,5,1455,423.81,27-03-2022,,
O287,Camera,Electronics,East,2,2224,364.04,28-03-2022,,
O288,Smartphone,Electronics,West,7,1400,80.49,28-03-2022,,
O289,Smartphone,Electronics,East,7,7567,2213.18,28-03-2022,,
O290,Tablet,Electronics,East,6,3396,987.68,29-03-2022,,
O291,Smartwatch,Electronics,East,2,704,135.63,29-03-2022,,
O292,Tablet,Electronics,East,9,7767,2172.19,29-03-2022,,
O293,Mouse,Accessories,West,5,2050,157.13,31-03-2022,,
O294,Monitor,Accessories,North,9,10458,2799.48,31-03-2022,,
O295,Camera,Electronics,South,4,4700,619.26,31-03-2022,,
O296,Smartphone,Electronics,North,2,892,222.51,31-03-2022,,
O297,Laptop,Electronics,East,8,6968,1479.09,02-04-2022,,
O298,Laptop,Electronics,North,7,1344,300.88,02-04-2022,,
O299,Camera,Electronics,West,1,354,65.99,02-04-2022,,
O300,Monitor,Accessories,South,3,3051,662.23,03-04-2022,,
O301,Camera,Electronics,South,3,402,106.87,03-04-2022,,
O302,Monitor,Accessories,North,5,3570,517.82,03-04-2022,,
O303,Keyboard,Accessories,North,7,3829,876.35,04-04-2022,,
O304,Mouse,Accessories,North,7,4676,242.64,05-04-2022,,
O305,Keyboard,Accessories,East,3,1119,317.36,06-04-2022,,
O306,Smartphone,Electronics,East,4,4228,764.3,06-04-2022,,
O307,Headphones,Accessories,North,8,1240,251.2,07-04-2022,,
O308,Keyboard,Accessories,North,9,3591,342.18,07-04-2022,,
O309,Printer,Office,West,8,3952,451.08,07-04-2022,,
O310,Keyboard,Accessories,South,6,3648,1050.08,07-04-2022,,
O311,Monitor,Accessories,North,5,3875,768.74,07-04-2022,,
O312,Smartwatch,Electronics,West,8,3416,478.9,07-04-2022,,
O313,Tablet,Electronics,West,1,908,222.58,08-04-2022,,
O314,Headphones,Accessories,South,4,4532,987.32,08-04-2022,,
O315,Headphones,Accessories,East,4,4168,650.15,08-04-2022,,
O316,Laptop,Electronics,North,3,3543,941.37,09-04-2022,,
O317,Laptop,Electronics,East,6,5124,1078.57,09-04-2022,,
O318,Smartwatch,Electronics,South,9,5751,1196.23,09-04-2022,,
O319,Camera,Electronics,East,2,624,139.64,09-04-2022,,
O320,Camera,Electronics,South,1,508,151.29,09-04-2022,,
O321,Headphones,Accessories,South,4,4700,914.6,10-04-2022,,
O322,Keyboard,Accessories,West,8,3216,639.78,10-04-2022,,
O323,Laptop,Electronics,West,6,2844,581,10-04-2022,,
O324,Smartphone,Electronics,West,5,2385,258.6,10-04-2022,,
O325,Monitor,Accessories,South,8,928,170.05,11-04-2022,,
O326,Headphones,Accessories,North,6,4656,673.35,11-04-2022,,
O327,Headphones,Accessories,North,2,330,21.46,11-04-2022,,
O328,Camera,Electronics,North,7,1799,274.11,12-04-2022,,
O329,Printer,Office,East,1,1029,173.61,13-04-2022,,
O330,Headphones,Accessories,North,8,5432,1619.39,13-04-2022,,
O331,Camera,Electronics,West,5,5785,1191.11,13-04-2022,,
O332,Printer,Office,North,1,1062,272.42,14-04-2022,,
O333,Keyboard,Accessories,North,1,163,22.07,14-04-2022,,
O334,Smartphone,Electronics,West,9,9162,1625.62,14-04-2022,,
O335,Printer,Office,East,4,1440,130.24,14-04-2022,,
O336,Monitor,Accessories,South,5,1465,149.62,15-04-2022,,
O337,Monitor,Accessories,West,2,366,31.23,15-04-2022,,
O338,Camera,Electronics,South,5,3135,277.28,15-04-2022,,
O339,Keyboard,Accessories,North,2,630,161.04,15-04-2022,,
O340,Monitor,Accessories,South,1,213,42.94,15-04-2022,,
O341,Monitor,Accessories,North,4,3792,1092.85,15-04-2022,,
O342,Mouse,Accessories,East,2,1932,109.07,15-04-2022,,
O343,Keyboard,Accessories,West,4,4152,317.28,16-04-2022,,
O344,Smartphone,Electronics,North,7,3612,529.57,16-04-2022,,
O345,Smartphone,Electronics,East,2,2258,280.76,16-04-2022,,
O346,Camera,Electronics,South,3,594,47.73,16-04-2022,,
O347,Headphones,Accessories,West,7,8071,1799.06,17-04-2022,,
O348,Keyboard,Accessories,North,7,5838,631.45,17-04-2022,,
O349,Keyboard,Accessories,North,4,692,181.31,17-04-2022,,
O350,Keyboard,Accessories,South,3,1704,309.06,17-04-2022,,
O351,Printer,Office,South,5,3235,941.24,18-04-2022,,
O352,Mouse,Accessories,East,6,4746,545.57,20-04-2022,,
O353,Smartwatch,Electronics,South,8,7600,788.88,20-04-2022,,
O354,Smartphone,Electronics,West,5,1935,128.01,21-04-2022,,
O355,Laptop,Electronics,North,3,1638,306.29,21-04-2022,,
O356,Keyboard,Accessories,West,7,4746,816.6,21-04-2022,,
O357,Smartphone,Electronics,North,8,4824,1187.93,22-04-2022,,
O358,Camera,Electronics,South,1,1193,153.72,22-04-2022,,
O359,Laptop,Electronics,East,2,562,92.94,22-04-2022,,
O360,Smartphone,Electronics,North,8,6200,1296.84,23-04-2022,,
O361,Printer,Office,North,8,4128,315.48,23-04-2022,,
O362,Printer,Office,East,5,5405,326.56,23-04-2022,,
O363,Laptop,Electronics,North,3,1371,104.66,23-04-2022,,
O364,Keyboard,Accessories,West,5,1405,194.33,24-04-2022,,
O365,Keyboard,Accessories,North,3,1644,158.32,24-04-2022,,
O366,Mouse,Accessories,West,6,3414,396.92,24-04-2022,,
O367,Laptop,Electronics,East,8,3272,674.57,25-04-2022,,
O368,Smartphone,Electronics,North,3,2655,646.91,25-04-2022,,
O369,Smartwatch,Electronics,West,7,1673,458.32,25-04-2022,,
O370,Tablet,Electronics,East,2,846,145.09,26-04-2022,,
O371,Smartphone,Electronics,East,1,985,196.64,27-04-2022,,
O372,Smartwatch,Electronics,North,9,7551,894.4,27-04-2022,,
O373,Tablet,Electronics,North,5,855,217.16,28-04-2022,,
O374,Camera,Electronics,South,2,396,94.55,28-04-2022,,
O375,Tablet,Electronics,West,8,2296,560.48,28-04-2022,,
O376,Monitor,Accessories,North,6,1704,199.94,28-04-2022,,
O377,Smartphone,Electronics,East,2,1180,261.16,29-04-2022,,
O378,Smartphone,Electronics,East,3,411,55.73,29-04-2022,,
O379,Mouse,Accessories,East,1,745,151.22,30-04-2022,,
O380,Printer,Office,West,9,10656,961.3,30-04-2022,,
O381,Mouse,Accessories,South,3,1494,178.5,30-04-2022,,
O382,Camera,Electronics,South,5,1755,358.01,30-04-2022,,
O383,Camera,Electronics,South,9,4941,894.52,30-04-2022,,
O384,Smartwatch,Electronics,North,6,6510,1539.18,02-05-2022,,
O385,Smartphone,Electronics,South,5,5465,719.92,02-05-2022,,
O386,Tablet,Electronics,South,3,3522,285.91,02-05-2022,,
O387,Tablet,Electronics,West,6,1656,139.86,02-05-2022,,
O388,Printer,Office,North,5,1255,257.15,02-05-2022,,
O389,Keyboard,Accessories,East,1,1192,320.13,03-05-2022,,
O390,Tablet,Electronics,West,5,1925,204.74,03-05-2022,,
O391,Tablet,Electronics,West,8,1688,337.33,03-05-2022,,
O392,Headphones,Accessories,South,1,260,16.81,03-05-2022,,
O393,Monitor,Accessories,West,5,4880,1250.66,05-05-2022,,
O394,Keyboard,Accessories,West,7,1134,179.74,05-05-2022,,
O395,Laptop,Electronics,North,9,9621,1201.29,06-05-2022,,
O396,Monitor,Accessories,South,4,2836,698.83,06-05-2022,,
O397,Printer,Office,North,9,5859,1153.89,06-05-2022,,
O398,Smartwatch,Electronics,South,2,2044,460.03,07-05-2022,,
O399,Monitor,Accessories,South,1,612,174.52,07-05-2022,,
O400,Smartwatch,Electronics,North,3,1890,492.31,07-05-2022,,
O401,Smartwatch,Electronics,East,5,2025,168.82,08-05-2022,,
O402,Printer,Office,South,2,1960,312.06,08-05-2022,,
O403,Camera,Electronics,North,6,4410,893.27,08-05-2022,,
O404,Keyboard,Accessories,West,8,8272,2391.88,08-05-2022,,
O405,Smartwatch,Electronics,West,6,5712,638.29,09-05-2022,,
O406,Smartwatch,Electronics,North,6,1524,178.36,09-05-2022,,
O407,Keyboard,Accessories,North,8,5160,1057.41,09-05-2022,,
O408,Mouse,Accessories,East,4,2956,451.6,09-05-2022,,
O409,Smartphone,Electronics,West,8,7944,2257.73,09-05-2022,,
O410,Camera,Electronics,North,5,1815,535.22,09-05-2022,,
O411,Headphones,Accessories,North,3,2706,546.97,09-05-2022,,
O412,Laptop,Electronics,North,2,1356,144.18,10-05-2022,,
O413,Printer,Office,South,6,6384,1189.19,10-05-2022,,
O414,Smartwatch,Electronics,South,9,4248,964.12,10-05-2022,,
O415,Monitor,Accessories,North,6,3954,676.82,11-05-2022,,
O416,Smartphone,Electronics,South,6,7110,739.6,11-05-2022,,
O417,Headphones,Accessories,South,7,8113,995.03,11-05-2022,,
O418,Headphones,Accessories,North,3,1830,183.62,11-05-2022,,
O419,Keyboard,Accessories,West,4,3732,671.19,11-05-2022,,
O420,Mouse,Accessories,West,6,4062,1087.17,12-05-2022,,
O421,Smartwatch,Electronics,North,1,496,93.31,12-05-2022,,
O422,Smartwatch,Electronics,East,4,1104,84.31,12-05-2022,,
O423,Smartphone,Electronics,West,3,2274,662,13-05-2022,,
O424,Smartwatch,Electronics,North,8,4456,1106.04,13-05-2022,,
O425,Mouse,Accessories,West,8,4928,1038.18,13-05-2022,,
O426,Smartphone,Electronics,North,4,1740,224.79,13-05-2022,,
O427,Headphones,Accessories,North,2,178,31.46,13-05-2022,,
O428,Printer,Office,East,8,5296,1234.81,13-05-2022,,
O429,Mouse,Accessories,North,4,4156,847.09,13-05-2022,,
O430,Printer,Office,North,1,624,106.92,13-05-2022,,
O431,Smartphone,Electronics,West,4,3892,1052.72,14-05-2022,,
O432,Mouse,Accessories,South,9,1620,294.6,14-05-2022,,
O433,Mouse,Accessories,West,3,2250,301.97,14-05-2022,,
O434,Monitor,Accessories,West,2,1390,316.31,14-05-2022,,
O435,Camera,Electronics,South,5,5155,1325.16,14-05-2022,,
O436,Smartwatch,Electronics,North,5,1025,262.91,15-05-2022,,
O437,Mouse,Accessories,South,3,1785,244.52,15-05-2022,,
O438,Smartwatch,Electronics,North,9,2952,605.85,15-05-2022,,
O439,Headphones,Accessories,East,1,773,181.52,15-05-2022,,
O440,Tablet,Electronics,North,8,1640,361.48,16-05-2022,,
O441,Keyboard,Accessories,East,1,1017,69.33,16-05-2022,,
O442,Headphones,Accessories,East,4,1964,349.91,16-05-2022,,
O443,Mouse,Accessories,North,3,2994,638.59,16-05-2022,,
O444,Printer,Office,East,9,8046,2210.33,17-05-2022,,
O445,Printer,Office,West,2,1874,271.5,17-05-2022,,
O446,Mouse,Accessories,North,8,6008,871.76,17-05-2022,,
O447,Camera,Electronics,East,8,7240,411.19,18-05-2022,,
O448,Monitor,Accessories,South,9,1188,348.31,18-05-2022,,
O449,Headphones,Accessories,North,9,2997,163.34,18-05-2022,,
O450,Printer,Office,West,9,7524,2017.85,18-05-2022,,
O451,Monitor,Accessories,North,5,3625,268.73,18-05-2022,,
O452,Laptop,Electronics,East,8,6952,871.2,19-05-2022,,
O453,Camera,Electronics,North,9,1053,283.58,19-05-2022,,
O454,Monitor,Accessories,North,9,6696,1224.22,19-05-2022,,
O455,Headphones,Accessories,North,2,1420,93.59,20-05-2022,,
O456,Camera,Electronics,West,9,9972,2566.01,20-05-2022,,
O457,Laptop,Electronics,South,8,3136,494.26,20-05-2022,,
O458,Camera,Electronics,West,3,225,20.52,21-05-2022,,
O459,Mouse,Accessories,East,3,1662,375.04,21-05-2022,,
O460,Printer,Office,West,4,500,85.96,22-05-2022,,
O461,Smartphone,Electronics,North,8,3168,747.33,22-05-2022,,
O462,Smartphone,Electronics,East,1,622,104.57,22-05-2022,,
O463,Tablet,Electronics,North,3,1233,361.12,23-05-2022,,
O464,Laptop,Electronics,West,3,573,116.14,23-05-2022,,
O465,Tablet,Electronics,South,1,702,129.34,23-05-2022,,
O466,Laptop,Electronics,South,8,4832,1261.06,24-05-2022,,
O467,Printer,Office,North,5,3765,670.8,24-05-2022,,
O468,Camera,Electronics,North,8,6928,1415.16,24-05-2022,,
O469,Headphones,Accessories,West,7,1624,436.13,24-05-2022,,
O470,Headphones,Accessories,North,1,68,10.39,24-05-2022,,
O471,Mouse,Accessories,North,1,651,187.99,25-05-2022,,
O472,Printer,Office,North,7,6293,718.49,25-05-2022,,
O473,Keyboard,Accessories,West,2,1068,85.71,26-05-2022,,
O474,Keyboard,Accessories,North,1,381,26.69,28-05-2022,,
O475,Printer,Office,South,2,2016,426.43,28-05-2022,,
O476,Headphones,Accessories,West,2,1224,340.67,28-05-2022,,
O477,Monitor,Accessories,South,5,2180,400.01,28-05-2022,,
O478,Laptop,Electronics,North,9,2853,353.09,29-05-2022,,
O479,Mouse,Accessories,South,1,272,45.33,29-05-2022,,
O480,Smartphone,Electronics,North,4,2640,183.23,29-05-2022,,
O481,Monitor,Accessories,North,2,488,129.02,29-05-2022,,
O482,Printer,Office,South,8,9184,1795.93,29-05-2022,,
O483,Tablet,Electronics,North,5,280,23.98,29-05-2022,,
O484,Keyboard,Accessories,East,3,2889,604.45,30-05-2022,,
O485,Laptop,Electronics,West,1,625,125.9,30-05-2022,,
O486,Keyboard,Accessories,South,8,7056,538.48,30-05-2022,,
O487,Tablet,Electronics,West,8,3936,720.2,31-05-2022,,
O488,Smartwatch,Electronics,East,6,2472,363.38,31-05-2022,,
O489,Mouse,Accessories,West,5,855,67.57,31-05-2022,,
O490,Mouse,Accessories,West,3,3480,560.39,01-06-2022,,
O491,Camera,Electronics,South,1,846,103.3,01-06-2022,,
O492,Keyboard,Accessories,North,1,158,46.24,02-06-2022,,
O493,Mouse,Accessories,South,9,3186,583.24,02-06-2022,,
O494,Mouse,Accessories,North,7,6972,969.43,03-06-2022,,
O495,Mouse,Accessories,East,5,1745,449.64,04-06-2022,,
O496,Laptop,Electronics,East,8,4256,372.95,04-06-2022,,
O497,Keyboard,Accessories,South,3,1674,499.63,04-06-2022,,
O498,Camera,Electronics,North,8,6488,1072.86,04-06-2022,,
O499,Tablet,Electronics,East,5,3530,803.86,04-06-2022,,
O500,Mouse,Accessories,North,2,632,87.45,05-06-2022,,
O501,Monitor,Accessories,North,7,3675,236.8,05-06-2022,,
O502,Smartwatch,Electronics,West,6,5592,926.42,05-06-2022,,
O503,Keyboard,Accessories,East,6,6432,807.94,05-06-2022,,
O504,Camera,Electronics,East,3,3069,503.3,06-06-2022,,
O505,Keyboard,Accessories,North,7,2898,490.11,06-06-2022,,
O506,Tablet,Electronics,North,4,3960,632.76,06-06-2022,,
O507,Tablet,Electronics,South,3,1476,85.16,06-06-2022,,
O508,Printer,Office,East,2,1058,298.69,07-06-2022,,
O509,Monitor,Accessories,South,5,1215,162.02,07-06-2022,,
O510,Camera,Electronics,North,3,204,20.43,08-06-2022,,
O511,Tablet,Electronics,West,7,4137,221.66,09-06-2022,,
O512,Camera,Electronics,West,5,250,16.81,09-06-2022,,
O513,Tablet,Electronics,West,5,1185,254.34,09-06-2022,,
O514,Headphones,Accessories,South,2,1504,108.52,10-06-2022,,
O515,Keyboard,Accessories,West,6,6888,945.07,10-06-2022,,
O516,Smartphone,Electronics,West,3,3588,958.84,10-06-2022,,
O517,Laptop,Electronics,South,7,1477,367.22,10-06-2022,,
O518,Smartwatch,Electronics,East,8,1280,131.56,10-06-2022,,
O519,Tablet,Electronics,South,7,7161,630.76,10-06-2022,,
O520,Printer,Office,North,5,1850,346.4,11-06-2022,,
O521,Mouse,Accessories,East,3,3378,520.31,11-06-2022,,
O522,Laptop,Electronics,West,7,7672,2046.38,11-06-2022,,
O523,Tablet,Electronics,South,6,4254,938.66,12-06-2022,,
O524,Keyboard,Accessories,East,5,2285,279.9,13-06-2022,,
O525,Keyboard,Accessories,West,7,5775,680.6,13-06-2022,,
O526,Smartphone,Electronics,North,9,9360,910.35,13-06-2022,,
O527,Printer,Office,North,8,6936,1156.52,14-06-2022,,
O528,Camera,Electronics,East,9,5634,464.71,14-06-2022,,
O529,Smartphone,Electronics,North,4,2644,731.86,15-06-2022,,
O530,Headphones,Accessories,North,1,247,35.65,15-06-2022,,
O531,Laptop,Electronics,East,7,1869,357.27,16-06-2022,,
O532,Smartwatch,Electronics,West,7,1988,430.59,16-06-2022,,
O533,Laptop,Electronics,West,4,1920,549.11,16-06-2022,,
O534,Headphones,Accessories,West,3,2577,196.37,17-06-2022,,
O535,Camera,Electronics,East,3,828,117.95,17-06-2022,,
O536,Camera,Electronics,South,2,1580,403.76,17-06-2022,,
O537,Camera,Electronics,East,9,9009,1909.26,17-06-2022,,
O538,Smartphone,Electronics,East,9,7425,1580.86,18-06-2022,,
O539,Monitor,Accessories,West,5,2945,672.35,18-06-2022,,
O540,Mouse,Accessories,West,3,294,22.9,18-06-2022,,
O541,Mouse,Accessories,South,5,5875,789.23,18-06-2022,,
O542,Smartwatch,Electronics,West,3,1308,197.6,18-06-2022,,
O543,Monitor,Accessories,South,4,2360,391.82,18-06-2022,,
O544,Smartwatch,Electronics,West,6,1008,245.45,18-06-2022,,
O545,Smartwatch,Electronics,North,6,1344,338.4,19-06-2022,,
O546,Printer,Office,West,7,5635,1185.97,19-06-2022,,
O547,Mouse,Accessories,East,4,4088,1200.03,20-06-2022,,
O548,Camera,Electronics,South,8,2192,441.77,20-06-2022,,
O549,Keyboard,Accessories,South,8,1952,444.15,21-06-2022,,
O550,Smartphone,Electronics,East,7,3955,1144.76,21-06-2022,,
O551,Mouse,Accessories,South,8,5256,1118.16,22-06-2022,,
O552,Camera,Electronics,North,1,1163,115.09,22-06-2022,,
O553,Smartwatch,Electronics,North,9,5004,973.65,22-06-2022,,
O554,Mouse,Accessories,North,8,9128,1342.19,23-06-2022,,
O555,Laptop,Electronics,East,4,4700,576.34,24-06-2022,,
O556,Camera,Electronics,West,2,1686,146.39,24-06-2022,,
O557,Keyboard,Accessories,South,9,4572,279.54,24-06-2022,,
O558,Smartphone,Electronics,South,5,2510,515.12,25-06-2022,,
O559,Smartphone,Electronics,West,3,3117,829.09,26-06-2022,,
O560,Laptop,Electronics,West,1,380,94.35,27-06-2022,,
O561,Monitor,Accessories,West,9,2889,604.19,27-06-2022,,
O562,Smartwatch,Electronics,East,9,3654,581.9,27-06-2022,,
O563,Printer,Office,East,6,5610,298.77,28-06-2022,,
O564,Smartphone,Electronics,South,1,668,99.4,28-06-2022,,
O565,Smartphone,Electronics,South,7,3983,360.13,28-06-2022,,
O566,Keyboard,Accessories,South,1,1112,272.81,28-06-2022,,
O567,Monitor,Accessories,North,9,4230,221.06,29-06-2022,,
O568,Tablet,Electronics,East,8,2968,530.3,30-06-2022,,
O569,Monitor,Accessories,West,5,4690,706.74,30-06-2022,,
O570,Camera,Electronics,West,6,4296,1240.31,30-06-2022,,
O571,Camera,Electronics,North,7,7203,523.52,30-06-2022,,
O572,Smartphone,Electronics,North,4,3640,695.31,01-07-2022,,
O573,Smartphone,Electronics,East,1,1131,304.62,01-07-2022,,
O574,Camera,Electronics,West,9,3627,797.53,01-07-2022,,
O575,Mouse,Accessories,South,8,7968,1249.98,02-07-2022,,
O576,Headphones,Accessories,South,3,3546,490.28,03-07-2022,,
O577,Tablet,Electronics,South,5,2270,546.56,04-07-2022,,
O578,Keyboard,Accessories,West,2,1354,136.91,04-07-2022,,
O579,Headphones,Accessories,West,7,6811,1423.57,04-07-2022,,
O580,Smartwatch,Electronics,East,3,1410,232.65,05-07-2022,,
O581,Keyboard,Accessories,North,2,1170,249.99,05-07-2022,,
O582,Laptop,Electronics,East,7,4739,740.74,05-07-2022,,
O583,Mouse,Accessories,South,9,7866,1554.38,06-07-2022,,
O584,Monitor,Accessories,East,5,3645,388.31,07-07-2022,,
O585,Headphones,Accessories,East,6,5358,568.34,07-07-2022,,
O586,Camera,Electronics,North,5,1775,486.37,07-07-2022,,
O587,Headphones,Accessories,South,9,4905,1351.25,08-07-2022,,
O588,Mouse,Accessories,East,6,4260,372.33,09-07-2022,,
O589,Printer,Office,East,2,1632,292.78,09-07-2022,,
O590,Smartwatch,Electronics,East,6,3324,466.78,09-07-2022,,
O591,Camera,Electronics,West,5,4590,347.14,09-07-2022,,
O592,Laptop,Electronics,East,9,8496,2182.42,09-07-2022,,
O593,Printer,Office,North,6,6444,518.79,09-07-2022,,
O594,Camera,Electronics,North,1,812,51.13,10-07-2022,,
O595,Monitor,Accessories,West,6,1764,465.93,10-07-2022,,
O596,Printer,Office,West,1,1012,172.67,11-07-2022,,
O597,Keyboard,Accessories,South,2,836,47.07,11-07-2022,,
O598,Smartwatch,Electronics,East,1,723,115.26,11-07-2022,,
O599,Headphones,Accessories,North,6,5628,1033.15,12-07-2022,,
O600,Laptop,Electronics,North,5,1660,283.14,12-07-2022,,
O601,Headphones,Accessories,West,3,2295,244.83,12-07-2022,,
O602,Printer,Office,East,2,2190,477.8,13-07-2022,,
O603,Tablet,Electronics,East,7,3500,919.35,13-07-2022,,
O604,Headphones,Accessories,West,2,1098,239.92,14-07-2022,,
O605,Mouse,Accessories,North,5,945,194.03,15-07-2022,,
O606,Mouse,Accessories,West,6,5622,1382.67,15-07-2022,,
O607,Camera,Electronics,East,3,2325,309.49,15-07-2022,,
O608,Keyboard,Accessories,South,1,1157,252.08,15-07-2022,,
O609,Printer,Office,West,3,531,126.24,16-07-2022,,
O610,Tablet,Electronics,West,2,1760,278.09,17-07-2022,,
O611,Smartwatch,Electronics,North,1,371,108.58,18-07-2022,,
O612,Smartphone,Electronics,East,4,1896,191.7,18-07-2022,,
O613,Smartwatch,Electronics,South,2,514,106.75,18-07-2022,,
O614,Monitor,Accessories,West,7,1876,129.25,18-07-2022,,
O615,Camera,Electronics,East,6,1182,236.12,19-07-2022,,
O616,Smartphone,Electronics,North,5,4255,961.41,20-07-2022,,
O617,Monitor,Accessories,North,9,1341,150.7,21-07-2022,,
O618,Keyboard,Accessories,North,1,644,49.25,21-07-2022,,
O619,Monitor,Accessories,South,3,1827,94.4,21-07-2022,,
O620,Camera,Electronics,North,1,930,136.16,21-07-2022,,
O621,Camera,Electronics,South,4,528,152.8,23-07-2022,,
O622,Monitor,Accessories,South,6,4236,739.22,23-07-2022,,
O623,Headphones,Accessories,North,4,1664,190.82,23-07-2022,,
O624,Smartwatch,Electronics,North,3,2727,554.46,24-07-2022,,
O625,Smartwatch,Electronics,North,2,522,52.73,24-07-2022,,
O626,Mouse,Accessories,West,7,8288,1945.03,25-07-2022,,
O627,Laptop,Electronics,West,9,1062,73.58,25-07-2022,,
O628,Smartphone,Electronics,East,3,1140,226.52,26-07-2022,,
O629,Keyboard,Accessories,East,8,3488,712.24,26-07-2022,,
O630,Tablet,Electronics,North,8,5920,1436.7,26-07-2022,,
O631,Monitor,Accessories,North,9,3096,362.89,26-07-2022,,
O632,Monitor,Accessories,South,5,3490,205.04,27-07-2022,,
O633,Smartwatch,Electronics,South,6,4374,702.62,28-07-2022,,
O634,Smartphone,Electronics,South,6,3366,541.86,29-07-2022,,
O635,Printer,Office,East,6,822,231.62,29-07-2022,,
O636,Monitor,Accessories,North,2,340,39.12,29-07-2022,,
O637,Mouse,Accessories,East,1,763,217.94,30-07-2022,,
O638,Headphones,Accessories,West,4,3408,856.98,31-07-2022,,
O639,Tablet,Electronics,West,7,2282,537.71,31-07-2022,,
O640,Camera,Electronics,South,7,4151,1047.43,31-07-2022,,
O641,Laptop,Electronics,North,7,6279,1689.55,31-07-2022,,
O642,Monitor,Accessories,North,3,474,83.32,31-07-2022,,
O643,Monitor,Accessories,West,5,680,176.44,31-07-2022,,
O644,Headphones,Accessories,West,9,8496,1721.6,31-07-2022,,
O645,Keyboard,Accessories,South,7,7826,714.68,01-08-2022,,
O646,Mouse,Accessories,South,6,4014,717.44,01-08-2022,,
O647,Laptop,Electronics,East,1,687,62.82,01-08-2022,,
O648,Smartwatch,Electronics,South,3,2943,234.27,01-08-2022,,
O649,Printer,Office,East,7,5649,660.37,01-08-2022,,
O650,Tablet,Electronics,North,8,3296,623.67,02-08-2022,,
O651,Headphones,Accessories,North,3,1137,173.92,02-08-2022,,
O652,Smartphone,Electronics,North,2,380,101.7,02-08-2022,,
O653,Laptop,Electronics,West,5,4405,1247.86,02-08-2022,,
O654,Tablet,Electronics,East,1,120,9.43,03-08-2022,,
O655,Printer,Office,East,1,1176,182.07,03-08-2022,,
O656,Camera,Electronics,South,3,1770,366.58,03-08-2022,,
O657,Camera,Electronics,South,6,4302,965.02,04-08-2022,,
O658,Camera,Electronics,North,3,2988,362.68,04-08-2022,,
O659,Headphones,Accessories,East,3,3033,458.41,05-08-2022,,
O660,Mouse,Accessories,South,9,6363,1752.65,05-08-2022,,
O661,Tablet,Electronics,West,6,3402,501.29,05-08-2022,,
O662,Keyboard,Accessories,South,4,3496,1032.81,05-08-2022,,
O663,Monitor,Accessories,East,4,1080,204.95,05-08-2022,,
O664,Headphones,Accessories,East,6,1530,218.99,05-08-2022,,
O665,Keyboard,Accessories,West,4,3568,764.2,06-08-2022,,
O666,Smartphone,Electronics,West,1,954,48.97,06-08-2022,,
O667,Camera,Electronics,West,4,1196,223.66,07-08-2022,,
O668,Smartwatch,Electronics,North,4,2136,217.47,07-08-2022,,
O669,Printer,Office,South,9,8496,2316.03,08-08-2022,,
O670,Laptop,Electronics,West,7,7280,1450.82,08-08-2022,,
O671,Smartwatch,Electronics,South,5,4935,625.39,09-08-2022,,
O672,Tablet,Electronics,South,8,9056,872.48,10-08-2022,,
O673,Smartwatch,Electronics,South,1,563,46.96,10-08-2022,,
O674,Printer,Office,South,2,1570,247.7,11-08-2022,,
O675,Camera,Electronics,North,3,2181,517.02,11-08-2022,,
O676,Mouse,Accessories,North,4,3808,442.33,12-08-2022,,
O677,Keyboard,Accessories,West,7,6552,635.09,12-08-2022,,
O678,Laptop,Electronics,South,8,6544,1086.29,12-08-2022,,
O679,Mouse,Accessories,West,3,2631,157.19,12-08-2022,,
O680,Monitor,Accessories,West,9,945,94.75,12-08-2022,,
O681,Monitor,Accessories,West,2,760,192.42,13-08-2022,,
O682,Monitor,Accessories,North,4,1392,394.48,13-08-2022,,
O683,Smartwatch,Electronics,East,3,1242,206.74,13-08-2022,,
O684,Laptop,Electronics,East,3,3183,868.73,13-08-2022,,
O685,Monitor,Accessories,West,5,4260,229.77,13-08-2022,,
O686,Smartphone,Electronics,West,1,1041,132.46,14-08-2022,,
O687,Smartwatch,Electronics,East,3,1692,348.81,14-08-2022,,
O688,Camera,Electronics,North,4,1728,403.06,14-08-2022,,
O689,Camera,Electronics,South,4,4484,893.27,14-08-2022,,
O690,Smartphone,Electronics,East,7,4123,750.05,14-08-2022,,
O691,Mouse,Accessories,East,2,2372,392.07,14-08-2022,,
O692,Smartphone,Electronics,East,7,5201,745.2,14-08-2022,,
O693,Mouse,Accessories,South,5,3100,695.28,15-08-2022,,
O694,Smartwatch,Electronics,East,6,5292,1105.95,16-08-2022,,
O695,Tablet,Electronics,South,6,5952,971.53,17-08-2022,,
O696,Smartphone,Electronics,East,4,1932,472.91,17-08-2022,,
O697,Tablet,Electronics,West,6,3486,1011.74,17-08-2022,,
O698,Tablet,Electronics,West,2,1708,441.43,17-08-2022,,
O699,Monitor,Accessories,South,4,4324,288.12,18-08-2022,,
O700,Laptop,Electronics,South,4,2708,302.14,18-08-2022,,
O701,Printer,Office,West,8,7944,1142.83,18-08-2022,,
O702,Camera,Electronics,East,3,684,39.33,18-08-2022,,
O703,Printer,Office,West,9,5904,1440.45,19-08-2022,,
O704,Printer,Office,South,5,4970,1080.12,19-08-2022,,
O705,Headphones,Accessories,West,2,2288,234.97,19-08-2022,,
O706,Smartphone,Electronics,East,6,4662,350.79,19-08-2022,,
O707,Mouse,Accessories,East,4,2532,404.96,21-08-2022,,
O708,Tablet,Electronics,South,8,9328,1008.6,21-08-2022,,
O709,Printer,Office,North,1,686,86.18,21-08-2022,,
O710,Smartwatch,Electronics,South,6,1290,343.35,21-08-2022,,
O711,Printer,Office,West,5,1205,235.19,22-08-2022,,
O712,Headphones,Accessories,South,7,7966,1313.56,22-08-2022,,
O713,Camera,Electronics,North,7,1085,130.72,22-08-2022,,
O714,Monitor,Accessories,West,9,6633,1239.11,22-08-2022,,
O715,Laptop,Electronics,North,7,5096,971.5,22-08-2022,,
O716,Tablet,Electronics,East,4,4120,710.07,22-08-2022,,
O717,Monitor,Accessories,West,3,1479,207.58,23-08-2022,,
O718,Smartphone,Electronics,West,7,1652,397.49,24-08-2022,,
O719,Laptop,Electronics,South,1,1028,240.61,24-08-2022,,
O720,Monitor,Accessories,East,4,4580,655.14,24-08-2022,,
O721,Monitor,Accessories,South,8,2152,196.53,24-08-2022,,
O722,Monitor,Accessories,South,6,4566,866.13,24-08-2022,,
O723,Headphones,Accessories,East,3,2244,301.53,25-08-2022,,
O724,Mouse,Accessories,West,4,1344,140.52,25-08-2022,,
O725,Printer,Office,South,6,2622,131.53,25-08-2022,,
O726,Smartphone,Electronics,South,1,325,46.84,26-08-2022,,
O727,Keyboard,Accessories,West,1,960,95.88,26-08-2022,,
O728,Smartphone,Electronics,North,7,2639,268.88,26-08-2022,,
O729,Printer,Office,South,5,1025,246.15,27-08-2022,,
O730,Monitor,Accessories,West,2,1924,434.86,27-08-2022,,
O731,Smartphone,Electronics,North,2,1660,362.88,27-08-2022,,
O732,Printer,Office,North,1,985,105.09,27-08-2022,,
O733,Keyboard,Accessories,North,5,2600,537.11,27-08-2022,,
O734,Camera,Electronics,West,4,2792,725.35,28-08-2022,,
O735,Headphones,Accessories,North,2,378,87.37,28-08-2022,,
O736,Camera,Electronics,West,8,968,271.61,29-08-2022,,
O737,Smartwatch,Electronics,North,3,564,108.35,29-08-2022,,
O738,Laptop,Electronics,South,5,2365,667.61,29-08-2022,,
O739,Smartphone,Electronics,West,6,3252,834.84,30-08-2022,,
O740,Camera,Electronics,North,1,276,42.68,30-08-2022,,
O741,Mouse,Accessories,West,3,3408,205.76,31-08-2022,,
O742,Laptop,Electronics,East,6,1398,180.88,01-09-2022,,
O743,Keyboard,Accessories,North,4,904,108.85,01-09-2022,,
O744,Keyboard,Accessories,South,1,1178,161.06,02-09-2022,,
O745,Headphones,Accessories,West,3,2535,292.19,02-09-2022,,
O746,Tablet,Electronics,West,1,496,146.92,03-09-2022,,
O747,Smartphone,Electronics,West,4,3888,284.17,03-09-2022,,
O748,Tablet,Electronics,East,7,4921,798.16,03-09-2022,,
O749,Smartwatch,Electronics,West,8,4472,290.79,03-09-2022,,
O750,Tablet,Electronics,North,3,603,153.37,03-09-2022,,
O751,Headphones,Accessories,West,9,1899,501.4,03-09-2022,,
O752,Printer,Office,North,4,544,67.84,04-09-2022,,
O753,Monitor,Accessories,North,9,6471,1844.59,04-09-2022,,
O754,Keyboard,Accessories,North,1,677,54.14,05-09-2022,,
O755,Laptop,Electronics,South,4,1372,302.58,06-09-2022,,
O756,Keyboard,Accessories,North,9,7542,1477.49,07-09-2022,,
O757,Monitor,Accessories,West,1,924,125.65,07-09-2022,,
O758,Smartphone,Electronics,East,5,3940,755.11,08-09-2022,,
O759,Tablet,Electronics,West,2,374,49.26,09-09-2022,,
O760,Printer,Office,North,5,1800,252.69,09-09-2022,,
O761,Monitor,Accessories,West,5,3170,868.34,09-09-2022,,
O762,Headphones,Accessories,North,7,5362,1029.47,10-09-2022,,
O763,Monitor,Accessories,East,9,5976,1747.57,10-09-2022,,
O764,Keyboard,Accessories,North,9,8514,1400.4,11-09-2022,,
O765,Laptop,Electronics,South,1,810,157.47,11-09-2022,,
O766,Mouse,Accessories,South,1,71,12.02,11-09-2022,,
O767,Laptop,Electronics,North,1,651,57.94,11-09-2022,,
O768,Monitor,Accessories,North,3,1245,119.11,11-09-2022,,
O769,Monitor,Accessories,West,1,464,58.38,12-09-2022,,
O770,Monitor,Accessories,North,5,5155,356.43,12-09-2022,,
O771,Smartphone,Electronics,East,5,5175,786.27,12-09-2022,,
O772,Smartphone,Electronics,East,2,1668,470.42,13-09-2022,,
O773,Printer,Office,East,3,1872,532.81,13-09-2022,,
O774,Laptop,Electronics,North,3,513,132.56,14-09-2022,,
O775,Printer,Office,West,2,2276,366.5,14-09-2022,,
O776,Mouse,Accessories,West,4,3428,305.79,14-09-2022,,
O777,Keyboard,Accessories,East,2,1640,176.87,14-09-2022,,
O778,Camera,Electronics,East,7,7077,1921.73,14-09-2022,,
O779,Printer,Office,South,9,9225,1391.15,15-09-2022,,
O780,Mouse,Accessories,South,5,3910,584.77,15-09-2022,,
O781,Printer,Office,West,5,1995,369.22,15-09-2022,,
O782,Keyboard,Accessories,North,7,385,43.43,15-09-2022,,
O783,Mouse,Accessories,East,4,4316,566.7,15-09-2022,,
O784,Smartwatch,Electronics,North,1,1169,340.69,16-09-2022,,
O785,Headphones,Accessories,East,5,2325,506.32,16-09-2022,,
O786,Monitor,Accessories,North,1,199,48.92,16-09-2022,,
O787,Smartwatch,Electronics,South,3,375,80.58,16-09-2022,,
O788,Laptop,Electronics,East,9,8010,763.32,16-09-2022,,
O789,Mouse,Accessories,East,4,316,77.13,16-09-2022,,
O790,Camera,Electronics,South,9,5895,442.49,17-09-2022,,
O791,Headphones,Accessories,East,4,388,35.21,17-09-2022,,
O792,Mouse,Accessories,West,5,3670,462.97,17-09-2022,,
O793,Smartphone,Electronics,East,9,7731,2178.05,18-09-2022,,
O794,Laptop,Electronics,South,3,1596,91.23,18-09-2022,,
O795,Camera,Electronics,East,4,4192,216.16,19-09-2022,,
O796,Tablet,Electronics,West,7,5264,756.33,19-09-2022,,
O797,Laptop,Electronics,North,1,425,48.81,20-09-2022,,
O798,Smartwatch,Electronics,North,4,3380,211.72,21-09-2022,,
O799,Printer,Office,East,7,8379,2009.05,22-09-2022,,
O800,Keyboard,Accessories,North,4,2040,393.72,22-09-2022,,
O801,Printer,Office,East,4,1336,116.65,22-09-2022,,
O802,Keyboard,Accessories,South,2,1934,157.41,22-09-2022,,
O803,Keyboard,Accessories,South,3,1560,391.11,23-09-2022,,
O804,Keyboard,Accessories,North,6,4446,1217.86,23-09-2022,,
O805,Printer,Office,West,3,1893,508.8,23-09-2022,,
O806,Camera,Electronics,East,4,4492,670.42,23-09-2022,,
O807,Mouse,Accessories,South,6,6228,1852.45,24-09-2022,,
O808,Camera,Electronics,East,7,4403,1295.89,24-09-2022,,
O809,Headphones,Accessories,South,9,4176,510.97,24-09-2022,,
O810,Keyboard,Accessories,West,2,486,64.43,25-09-2022,,
O811,Printer,Office,East,5,4880,1084.69,25-09-2022,,
O812,Printer,Office,West,5,265,53.21,26-09-2022,,
O813,Laptop,Electronics,East,1,1041,128.58,26-09-2022,,
O814,Smartphone,Electronics,East,8,9448,616.5,27-09-2022,,
O815,Headphones,Accessories,South,3,1617,440.46,27-09-2022,,
O816,Laptop,Electronics,West,2,1486,233.7,27-09-2022,,
O817,Smartwatch,Electronics,East,8,7152,1539.72,27-09-2022,,
O818,Mouse,Accessories,East,6,1404,368.36,28-09-2022,,
O819,Camera,Electronics,South,2,122,16.23,28-09-2022,,
O820,Camera,Electronics,North,9,7533,1285.72,28-09-2022,,
O821,Headphones,Accessories,South,4,3888,810.08,28-09-2022,,
O822,Smartphone,Electronics,South,5,870,48.87,29-09-2022,,
O823,Mouse,Accessories,South,2,1446,403.89,29-09-2022,,
O824,Tablet,Electronics,South,6,510,151.91,29-09-2022,,
O825,Keyboard,Accessories,West,8,6224,790.27,29-09-2022,,
O826,Keyboard,Accessories,North,2,686,85.03,30-09-2022,,
O827,Mouse,Accessories,West,4,2840,591.94,30-09-2022,,
O828,Laptop,Electronics,South,7,2562,347.62,30-09-2022,,
O829,Smartphone,Electronics,West,5,790,216.12,01-10-2022,,
O830,Laptop,Electronics,East,5,4170,786.42,01-10-2022,,
O831,Tablet,Electronics,East,4,1360,373.59,01-10-2022,,
O832,Camera,Electronics,East,6,5316,782.42,01-10-2022,,
O833,Laptop,Electronics,West,4,3956,293.38,01-10-2022,,
O834,Monitor,Accessories,North,3,726,94.38,02-10-2022,,
O835,Smartphone,Electronics,North,4,228,29.37,02-10-2022,,
O836,Headphones,Accessories,North,3,2274,442.57,02-10-2022,,
O837,Keyboard,Accessories,North,9,2628,459.87,02-10-2022,,
O838,Camera,Electronics,South,6,606,104.85,02-10-2022,,
O839,Headphones,Accessories,East,8,7256,558.79,02-10-2022,,
O840,Camera,Electronics,West,4,1956,125.69,03-10-2022,,
O841,Printer,Office,South,6,3954,690.1,03-10-2022,,
O842,Keyboard,Accessories,East,6,2262,442.86,04-10-2022,,
O843,Printer,Office,North,4,2804,391.59,04-10-2022,,
O844,Tablet,Electronics,South,9,5850,1511.06,05-10-2022,,
O845,Keyboard,Accessories,West,1,56,9.16,05-10-2022,,
O846,Monitor,Accessories,East,9,4302,344.64,05-10-2022,,
O847,Camera,Electronics,West,9,10143,1690.66,05-10-2022,,
O848,Headphones,Accessories,North,1,1012,164.89,06-10-2022,,
O849,Tablet,Electronics,East,9,8964,448.62,06-10-2022,,
O850,Mouse,Accessories,South,6,1758,262.36,06-10-2022,,
O851,Printer,Office,North,6,6348,557.72,06-10-2022,,
O852,Printer,Office,North,2,1582,422.46,06-10-2022,,
O853,Mouse,Accessories,South,2,1924,394.4,07-10-2022,,
O854,Keyboard,Accessories,North,1,120,23.86,08-10-2022,,
O855,Headphones,Accessories,East,8,7752,1943.84,08-10-2022,,
O856,Camera,Electronics,East,2,1114,300.44,08-10-2022,,
O857,Keyboard,Accessories,North,5,1765,229.06,09-10-2022,,
O858,Keyboard,Accessories,West,6,6834,1418.21,09-10-2022,,
O859,Smartphone,Electronics,East,5,1520,433.53,10-10-2022,,
O860,Smartwatch,Electronics,West,7,8141,767.6,10-10-2022,,
O861,Tablet,Electronics,South,8,5176,866.36,10-10-2022,,
O862,Mouse,Accessories,East,9,738,64.42,10-10-2022,,
O863,Printer,Office,South,9,4086,217.48,11-10-2022,,
O864,Mouse,Accessories,East,2,442,28.13,12-10-2022,,
O865,Smartphone,Electronics,East,6,2478,153.86,12-10-2022,,
O866,Keyboard,Accessories,South,2,1860,327.15,13-10-2022,,
O867,Monitor,Accessories,East,9,4968,991.82,13-10-2022,,
O868,Printer,Office,South,3,1446,278.94,14-10-2022,,
O869,Mouse,Accessories,East,7,1722,414.87,14-10-2022,,
O870,Smartwatch,Electronics,East,7,6573,460.28,14-10-2022,,
O871,Headphones,Accessories,East,3,2481,249.52,15-10-2022,,
O872,Monitor,Accessories,West,6,3828,1102.86,15-10-2022,,
O873,Tablet,Electronics,East,7,1197,103.34,15-10-2022,,
O874,Tablet,Electronics,West,7,7623,1459.84,16-10-2022,,
O875,Mouse,Accessories,North,9,3384,252.11,16-10-2022,,
O876,Monitor,Accessories,South,8,1296,273.97,17-10-2022,,
O877,Tablet,Electronics,West,8,2840,262.62,17-10-2022,,
O878,Camera,Electronics,East,7,1540,342.93,17-10-2022,,
O879,Camera,Electronics,West,2,1414,308.39,17-10-2022,,
O880,Camera,Electronics,West,8,8328,466.38,18-10-2022,,
O881,Camera,Electronics,North,2,744,217.21,18-10-2022,,
O882,Mouse,Accessories,South,9,1773,168.01,18-10-2022,,
O883,Smartphone,Electronics,East,7,6034,1018.37,19-10-2022,,
O884,Smartphone,Electronics,South,9,756,99.21,19-10-2022,,
O885,Monitor,Accessories,East,8,2256,468.52,19-10-2022,,
O886,Monitor,Accessories,North,7,875,203.63,20-10-2022,,
O887,Headphones,Accessories,South,4,1208,115.13,20-10-2022,,
O888,Headphones,Accessories,South,2,352,54.19,20-10-2022,,
O889,Printer,Office,West,6,4266,357.51,20-10-2022,,
O890,Tablet,Electronics,North,7,1841,496.89,20-10-2022,,
O891,Camera,Electronics,East,1,712,89.5,20-10-2022,,
O892,Printer,Office,West,2,724,72.19,20-10-2022,,
O893,Smartphone,Electronics,West,8,5832,662.72,20-10-2022,,
O894,Keyboard,Accessories,South,6,4188,989.14,20-10-2022,,
O895,Tablet,Electronics,West,1,392,50.7,21-10-2022,,
O896,Laptop,Electronics,East,9,963,49.71,21-10-2022,,
O897,Camera,Electronics,West,6,5706,319.46,21-10-2022,,
O898,Headphones,Accessories,West,7,1365,312.04,21-10-2022,,
O899,Headphones,Accessories,South,1,202,11.24,21-10-2022,,
O900,Smartphone,Electronics,North,9,2430,613.67,22-10-2022,,
O901,Monitor,Accessories,South,3,2670,515.39,22-10-2022,,
O902,Tablet,Electronics,South,7,2758,520.66,22-10-2022,,
O903,Monitor,Accessories,South,9,873,82.35,22-10-2022,,
O904,Smartwatch,Electronics,West,9,7245,1410.92,23-10-2022,,
O905,Camera,Electronics,North,4,960,255.24,23-10-2022,,
O906,Smartwatch,Electronics,East,4,1284,171.02,23-10-2022,,
O907,Mouse,Accessories,West,4,512,110.47,23-10-2022,,
O908,Smartwatch,Electronics,South,9,9729,2039.41,23-10-2022,,
O909,Camera,Electronics,North,5,1580,166.16,24-10-2022,,
O910,Mouse,Accessories,East,8,976,234.24,24-10-2022,,
O911,Printer,Office,North,8,1824,495.35,24-10-2022,,
O912,Smartphone,Electronics,South,4,3188,202.81,25-10-2022,,
O913,Camera,Electronics,East,7,5467,556.02,25-10-2022,,
O914,Smartphone,Electronics,South,6,5406,1277.46,26-10-2022,,
O915,Headphones,Accessories,East,8,2984,742.31,27-10-2022,,
O916,Printer,Office,North,1,919,193.35,27-10-2022,,
O917,Camera,Electronics,South,6,1686,426.72,28-10-2022,,
O918,Laptop,Electronics,West,7,4165,493.24,28-10-2022,,
O919,Smartphone,Electronics,West,7,1281,282.63,29-10-2022,,
O920,Smartwatch,Electronics,East,3,2829,362.16,29-10-2022,,
O921,Monitor,Accessories,West,3,2211,292.31,29-10-2022,,
O922,Headphones,Accessories,East,4,4740,607.81,29-10-2022,,
O923,Camera,Electronics,East,1,718,169.09,30-10-2022,,
O924,Headphones,Accessories,North,6,1716,108.81,30-10-2022,,
O925,Monitor,Accessories,South,7,1547,152.59,31-10-2022,,
O926,Mouse,Accessories,North,1,739,111.18,31-10-2022,,
O927,Laptop,Electronics,West,3,819,231.88,01-11-2022,,
O928,Laptop,Electronics,South,8,5696,1156.3,01-11-2022,,
O929,Monitor,Accessories,South,2,1706,184.71,01-11-2022,,
O930,Camera,Electronics,North,2,2066,608.23,01-11-2022,,
O931,Laptop,Electronics,North,2,256,35.66,02-11-2022,,
O932,Smartphone,Electronics,North,2,1102,182.54,02-11-2022,,
O933,Monitor,Accessories,North,8,2872,483.94,02-11-2022,,
O934,Tablet,Electronics,East,4,2584,394.52,03-11-2022,,
O935,Mouse,Accessories,North,2,1366,298.32,03-11-2022,,
O936,Smartwatch,Electronics,South,7,1253,354.23,03-11-2022,,
O937,Laptop,Electronics,West,7,2618,300.81,04-11-2022,,
O938,Headphones,Accessories,East,9,6822,1811.37,04-11-2022,,
O939,Keyboard,Accessories,East,6,5286,636.16,04-11-2022,,
O940,Monitor,Accessories,North,1,579,133.57,04-11-2022,,
O941,Laptop,Electronics,West,8,1392,190.99,04-11-2022,,
O942,Laptop,Electronics,West,9,2493,696.69,04-11-2022,,
O943,Smartphone,Electronics,North,7,6461,766.45,05-11-2022,,
O944,Tablet,Electronics,East,2,1486,201.07,05-11-2022,,
O945,Printer,Office,South,1,1152,280.28,06-11-2022,,
O946,Smartwatch,Electronics,West,2,1750,103.99,06-11-2022,,
O947,Smartphone,Electronics,West,7,4417,495.37,06-11-2022,,
O948,Laptop,Electronics,South,4,3724,276.85,07-11-2022,,
O949,Camera,Electronics,West,3,2220,121.14,07-11-2022,,
O950,Monitor,Accessories,West,8,9104,2620.58,07-11-2022,,
O951,Printer,Office,West,3,3093,584.23,07-11-2022,,
O952,Headphones,Accessories,South,6,3048,842.24,07-11-2022,,
O953,Smartphone,Electronics,North,1,161,36.58,07-11-2022,,
O954,Monitor,Accessories,West,7,7238,1889.69,08-11-2022,,
O955,Smartphone,Electronics,North,3,3561,347.31,09-11-2022,,
O956,Monitor,Accessories,North,5,1850,534.39,10-11-2022,,
O957,Mouse,Accessories,West,6,3522,626.72,10-11-2022,,
O958,Smartwatch,Electronics,East,1,584,172.4,10-11-2022,,
O959,Smartphone,Electronics,East,4,2556,412.44,11-11-2022,,
O960,Smartphone,Electronics,South,2,348,56.31,11-11-2022,,
O961,Monitor,Accessories,South,9,1602,142.49,12-11-2022,,
O962,Monitor,Accessories,South,3,2853,437.59,12-11-2022,,
O963,Printer,Office,West,1,1024,230.3,12-11-2022,,
O964,Camera,Electronics,East,5,4485,1324.49,13-11-2022,,
O965,Printer,Office,East,2,436,79.69,13-11-2022,,
O966,Smartwatch,Electronics,North,2,2232,150.12,13-11-2022,,
O967,Keyboard,Accessories,South,6,7056,1445.01,14-11-2022,,
O968,Keyboard,Accessories,East,5,875,96.65,14-11-2022,,
O969,Smartwatch,Electronics,East,3,315,61.94,14-11-2022,,
O970,Laptop,Electronics,East,2,358,51.75,14-11-2022,,
O971,Camera,Electronics,South,7,3451,194.42,15-11-2022,,
O972,Laptop,Electronics,North,9,1350,189.13,15-11-2022,,
O973,Tablet,Electronics,West,8,3320,413.32,16-11-2022,,
O974,Mouse,Accessories,North,9,8442,940.33,16-11-2022,,
O975,Keyboard,Accessories,South,1,166,31.97,16-11-2022,,
O976,Mouse,Accessories,North,5,3720,448.6,17-11-2022,,
O977,Laptop,Electronics,South,2,1090,136.65,17-11-2022,,
O978,Laptop,Electronics,West,9,9783,2347.49,17-11-2022,,
O979,Smartphone,Electronics,North,4,2432,657.18,18-11-2022,,
O980,Mouse,Accessories,North,7,4060,291.42,18-11-2022,,
O981,Smartwatch,Electronics,North,1,387,99.59,19-11-2022,,
O982,Smartwatch,Electronics,North,3,966,120.56,19-11-2022,,
O983,Tablet,Electronics,North,3,3366,882.29,19-11-2022,,
O984,Monitor,Accessories,West,7,7833,1843.94,19-11-2022,,
O985,Monitor,Accessories,West,1,610,33.55,20-11-2022,,
O986,Smartwatch,Electronics,West,8,4288,597.09,21-11-2022,,
O987,Printer,Office,North,9,7740,605.35,21-11-2022,,
O988,Smartwatch,Electronics,West,9,3150,457.13,21-11-2022,,
O989,Keyboard,Accessories,West,2,894,224.75,22-11-2022,,
O990,Laptop,Electronics,North,8,7544,1219.73,22-11-2022,,
O991,Keyboard,Accessories,North,8,6360,1871.88,22-11-2022,,
O992,Smartphone,Electronics,West,4,2428,485.75,23-11-2022,,
O993,Headphones,Accessories,South,2,574,38.52,23-11-2022,,
O994,Keyboard,Accessories,West,6,6744,660.47,24-11-2022,,
O995,Headphones,Accessories,North,6,798,213.4,24-11-2022,,
O996,Printer,Office,North,5,2860,339,24-11-2022,,
O997,Printer,Office,South,5,5410,1129.77,24-11-2022,,
O998,Laptop,Electronics,West,5,4445,580.15,25-11-2022,,
O999,Smartwatch,Electronics,South,8,7536,1197.09,26-11-2022,,
O1000,Monitor,Accessories,North,7,4165,263.26,26-11-2022,,
O1001,Laptop,Electronics,East,3,3021,763.99,26-11-2022,,
O1002,Keyboard,Accessories,North,2,310,70.66,26-11-2022,,
O1003,Headphones,Accessories,South,2,2170,522,27-11-2022,,
O1004,Tablet,Electronics,West,3,2832,317.76,27-11-2022,,
O1005,Smartwatch,Electronics,West,5,3945,392.09,27-11-2022,,
O1006,Tablet,Electronics,South,4,2104,308,28-11-2022,,
O1007,Monitor,Accessories,South,2,2060,517.64,28-11-2022,,
O1008,Printer,Office,North,4,1060,155.78,28-11-2022,,
O1009,Smartwatch,Electronics,South,6,810,108.61,28-11-2022,,
O1010,Laptop,Electronics,West,3,873,57.42,29-11-2022,,
O1011,Tablet,Electronics,West,5,595,121.11,29-11-2022,,
O1012,Laptop,Electronics,West,2,1562,119.56,30-11-2022,,
O1013,Smartwatch,Electronics,East,9,5337,1575.99,30-11-2022,,
O1014,Printer,Office,North,2,212,13.4,30-11-2022,,
O1015,Printer,Office,East,8,2704,705.74,01-12-2022,,
O1016,Laptop,Electronics,North,5,3225,523.32,01-12-2022,,
O1017,Monitor,Accessories,North,2,1342,184.59,02-12-2022,,
O1018,Mouse,Accessories,South,7,3395,1012.78,02-12-2022,,
O1019,Smartwatch,Electronics,East,4,3968,480.72,02-12-2022,,
O1020,Smartphone,Electronics,West,5,4555,776.65,03-12-2022,,
O1021,Tablet,Electronics,West,2,2132,365.44,03-12-2022,,
O1022,Mouse,Accessories,West,6,6516,842.83,03-12-2022,,
O1023,Smartwatch,Electronics,North,2,2040,481.15,04-12-2022,,
O1024,Mouse,Accessories,East,6,6126,428.38,04-12-2022,,
O1025,Smartwatch,Electronics,West,8,520,30.58,04-12-2022,,
O1026,Camera,Electronics,South,5,4470,526.96,05-12-2022,,
O1027,Smartwatch,Electronics,West,8,5504,1196.78,05-12-2022,,
O1028,Headphones,Accessories,West,4,3036,511.69,05-12-2022,,
O1029,Smartwatch,Electronics,East,5,2725,308.29,05-12-2022,,
O1030,Printer,Office,North,8,4080,336.96,06-12-2022,,
O1031,Keyboard,Accessories,North,8,3080,776.6,06-12-2022,,
O1032,Smartwatch,Electronics,North,5,1525,413.75,06-12-2022,,
O1033,Monitor,Accessories,South,4,1332,342.85,06-12-2022,,
O1034,Smartphone,Electronics,South,7,4669,803.21,07-12-2022,,
O1035,Smartwatch,Electronics,West,6,5310,1099.84,07-12-2022,,
O1036,Camera,Electronics,East,8,9392,2651.84,07-12-2022,,
O1037,Monitor,Accessories,South,5,1350,198.19,08-12-2022,,
O1038,Monitor,Accessories,North,4,3648,768.61,09-12-2022,,
O1039,Printer,Office,North,2,300,47.59,09-12-2022,,
O1040,Smartphone,Electronics,North,3,3408,727.26,09-12-2022,,
O1041,Keyboard,Accessories,South,9,4302,475.96,10-12-2022,,
O1042,Keyboard,Accessories,South,5,4575,771.24,10-12-2022,,
O1043,Laptop,Electronics,East,8,9304,1855.7,10-12-2022,,
O1044,Monitor,Accessories,East,4,1928,232.48,11-12-2022,,
O1045,Printer,Office,East,2,1042,86.24,11-12-2022,,
O1046,Tablet,Electronics,East,3,2214,507.7,12-12-2022,,
O1047,Keyboard,Accessories,South,4,3024,678.26,12-12-2022,,
O1048,Camera,Electronics,East,2,1104,173.01,14-12-2022,,
O1049,Mouse,Accessories,East,8,6056,1631.71,14-12-2022,,
O1050,Mouse,Accessories,South,5,5295,1375.98,14-12-2022,,
O1051,Smartphone,Electronics,North,4,3668,839.4,14-12-2022,,
O1052,Printer,Office,South,9,4293,295.47,14-12-2022,,
O1053,Mouse,Accessories,North,7,5789,950.45,14-12-2022,,
O1054,Smartwatch,Electronics,North,6,4440,800.92,14-12-2022,,
O1055,Printer,Office,South,5,5515,330.02,15-12-2022,,
O1056,Camera,Electronics,North,4,784,192.77,15-12-2022,,
O1057,Laptop,Electronics,East,4,576,156.59,15-12-2022,,
O1058,Smartwatch,Electronics,West,5,705,198.62,15-12-2022,,
O1059,Keyboard,Accessories,North,6,4458,1215.3,15-12-2022,,
O1060,Smartphone,Electronics,East,6,6780,811.92,16-12-2022,,
O1061,Smartwatch,Electronics,North,5,3970,642.7,17-12-2022,,
O1062,Monitor,Accessories,North,7,5131,368.11,17-12-2022,,
O1063,Laptop,Electronics,East,7,1750,90.21,17-12-2022,,
O1064,Tablet,Electronics,East,7,8337,753.35,17-12-2022,,
O1065,Keyboard,Accessories,East,9,9810,549.46,18-12-2022,,
O1066,Keyboard,Accessories,East,3,2658,794.36,18-12-2022,,
O1067,Printer,Office,West,1,473,43.65,18-12-2022,,
O1068,Tablet,Electronics,North,9,2205,410.01,19-12-2022,,
O1069,Smartphone,Electronics,South,9,6948,1409.3,19-12-2022,,
O1070,Tablet,Electronics,North,3,774,212.02,19-12-2022,,
O1071,Tablet,Electronics,North,3,2532,343.13,20-12-2022,,
O1072,Laptop,Electronics,West,7,6587,1173.91,21-12-2022,,
O1073,Smartphone,Electronics,East,7,7266,806.79,21-12-2022,,
O1074,Smartphone,Electronics,East,7,6867,502.06,21-12-2022,,
O1075,Camera,Electronics,South,9,4887,396.36,22-12-2022,,
O1076,Mouse,Accessories,West,4,864,251.99,22-12-2022,,
O1077,Smartphone,Electronics,East,6,5190,1215.07,23-12-2022,,
O1078,Keyboard,Accessories,South,8,2128,294.45,23-12-2022,,
O1079,Mouse,Accessories,East,2,1718,218.82,23-12-2022,,
O1080,Smartphone,Electronics,North,2,1270,229.39,23-12-2022,,
O1081,Keyboard,Accessories,East,7,2569,130.19,24-12-2022,,
O1082,Printer,Office,South,2,1518,262.65,24-12-2022,,
O1083,Headphones,Accessories,South,2,1210,268.37,25-12-2022,,
O1084,Mouse,Accessories,East,2,1128,94.13,25-12-2022,,
O1085,Headphones,Accessories,North,1,1077,77.97,26-12-2022,,
O1086,Keyboard,Accessories,East,6,2244,517.47,26-12-2022,,
O1087,Mouse,Accessories,West,8,1608,464.18,27-12-2022,,
O1088,Camera,Electronics,West,5,3685,476.2,27-12-2022,,
O1089,Camera,Electronics,North,8,4080,1079.49,28-12-2022,,
O1090,Monitor,Accessories,North,1,404,84.4,29-12-2022,,
O1091,Keyboard,Accessories,South,2,1738,163.38,29-12-2022,,
O1092,Printer,Office,West,3,828,210.33,30-12-2022,,
O1093,Mouse,Accessories,North,4,4344,461.72,31-12-2022,,
O1094,Tablet,Electronics,North,1,1130,268.88,31-12-2022,,
O1095,Headphones,Accessories,North,3,1698,304.91,01-01-2023,,
O1096,Tablet,Electronics,East,4,844,136.02,01-01-2023,,
O1097,Printer,Office,West,2,2286,218.18,01-01-2023,,
O1098,Camera,Electronics,East,2,1026,170.31,01-01-2023,,
O1099,Laptop,Electronics,West,6,6984,1433.65,02-01-2023,,
O1100,Monitor,Accessories,West,4,1672,432.35,02-01-2023,,
O1101,Laptop,Electronics,North,6,1092,63.98,02-01-2023,,
O1102,Headphones,Accessories,South,2,272,24.71,03-01-2023,,
O1103,Headphones,Accessories,West,2,1126,204.99,03-01-2023,,
O1104,Mouse,Accessories,West,7,8155,2177.38,03-01-2023,,
O1105,Smartwatch,Electronics,East,7,4298,358.38,03-01-2023,,
O1106,Smartphone,Electronics,East,5,1365,310.66,03-01-2023,,
O1107,Camera,Electronics,West,6,4116,381.35,03-01-2023,,
O1108,Headphones,Accessories,South,8,904,181.45,04-01-2023,,
O1109,Smartwatch,Electronics,South,1,70,10.64,05-01-2023,,
O1110,Keyboard,Accessories,East,2,344,72.87,06-01-2023,,
O1111,Printer,Office,East,1,330,78.52,06-01-2023,,
O1112,Headphones,Accessories,South,2,518,34.22,06-01-2023,,
O1113,Mouse,Accessories,North,9,2763,458.4,06-01-2023,,
O1114,Smartwatch,Electronics,North,2,2298,343.53,07-01-2023,,
O1115,Monitor,Accessories,South,1,436,73.89,08-01-2023,,
O1116,Mouse,Accessories,East,6,1824,213.47,08-01-2023,,
O1117,Laptop,Electronics,North,5,1540,411.83,08-01-2023,,
O1118,Tablet,Electronics,East,7,5572,385.82,08-01-2023,,
O1119,Monitor,Accessories,East,6,3030,335.71,08-01-2023,,
O1120,Monitor,Accessories,West,5,1245,345.84,08-01-2023,,
O1121,Tablet,Electronics,South,4,1252,326.69,09-01-2023,,
O1122,Camera,Electronics,North,9,4959,479.28,09-01-2023,,
O1123,Monitor,Accessories,West,7,8162,443.81,09-01-2023,,
O1124,Monitor,Accessories,East,5,1370,253.92,10-01-2023,,
O1125,Tablet,Electronics,North,3,3111,607.23,10-01-2023,,
O1126,Mouse,Accessories,South,7,7805,1078.03,11-01-2023,,
O1127,Smartphone,Electronics,South,9,10314,2729.6,11-01-2023,,
O1128,Keyboard,Accessories,South,9,10782,2730.14,11-01-2023,,
O1129,Monitor,Accessories,West,5,4375,987.96,11-01-2023,,
O1130,Monitor,Accessories,North,5,2265,595.05,12-01-2023,,
O1131,Laptop,Electronics,East,1,166,9.69,12-01-2023,,
O1132,Headphones,Accessories,North,7,7217,1481.7,12-01-2023,,
O1133,Tablet,Electronics,East,3,1767,186.54,13-01-2023,,
O1134,Laptop,Electronics,East,3,2883,557.81,13-01-2023,,
O1135,Smartwatch,Electronics,South,3,1338,396.08,13-01-2023,,
O1136,Printer,Office,East,9,9459,604.06,13-01-2023,,
O1137,Printer,Office,North,3,168,45.31,13-01-2023,,
O1138,Smartphone,Electronics,South,9,4536,479.78,13-01-2023,,
O1139,Mouse,Accessories,East,4,4404,793.7,13-01-2023,,
O1140,Monitor,Accessories,North,4,1952,148.67,13-01-2023,,
O1141,Mouse,Accessories,North,3,2004,467.76,13-01-2023,,
O1142,Keyboard,Accessories,South,4,468,131.48,14-01-2023,,
O1143,Smartphone,Electronics,West,9,8667,1597.49,14-01-2023,,
O1144,Printer,Office,West,7,6097,567.32,14-01-2023,,
O1145,Headphones,Accessories,South,9,4752,1415.65,14-01-2023,,
O1146,Keyboard,Accessories,East,1,1172,124.9,15-01-2023,,
O1147,Keyboard,Accessories,North,2,1608,170.29,16-01-2023,,
O1148,Printer,Office,South,7,7595,969.07,16-01-2023,,
O1149,Smartwatch,Electronics,West,1,1142,306.84,16-01-2023,,
O1150,Keyboard,Accessories,North,2,116,13.67,16-01-2023,,
O1151,Smartphone,Electronics,East,9,3951,908.13,16-01-2023,,
O1152,Keyboard,Accessories,East,2,1606,138.96,17-01-2023,,
O1153,Headphones,Accessories,South,3,2025,403,17-01-2023,,
O1154,Smartwatch,Electronics,West,2,2006,235.52,17-01-2023,,
O1155,Camera,Electronics,South,9,9423,652.06,17-01-2023,,
O1156,Laptop,Electronics,North,4,2276,399.94,18-01-2023,,
O1157,Monitor,Accessories,West,5,4880,664.06,18-01-2023,,
O1158,Laptop,Electronics,East,3,1773,183.15,20-01-2023,,
O1159,Smartwatch,Electronics,South,9,2718,195.97,21-01-2023,,
O1160,Headphones,Accessories,East,4,3168,939.45,21-01-2023,,
O1161,Camera,Electronics,West,2,1716,368.06,21-01-2023,,
O1162,Smartphone,Electronics,West,2,214,14.08,21-01-2023,,
O1163,Camera,Electronics,East,2,2092,366.12,21-01-2023,,
O1164,Headphones,Accessories,West,3,225,46.96,22-01-2023,,
O1165,Smartwatch,Electronics,East,1,859,217.67,22-01-2023,,
O1166,Printer,Office,West,2,2070,183.41,22-01-2023,,
O1167,Keyboard,Accessories,South,6,3240,758.19,22-01-2023,,
O1168,Tablet,Electronics,East,2,1748,506.52,23-01-2023,,
O1169,Mouse,Accessories,West,8,2080,108.48,23-01-2023,,
O1170,Smartwatch,Electronics,North,3,2193,521.14,23-01-2023,,
O1171,Headphones,Accessories,West,5,2080,614.77,24-01-2023,,
O1172,Mouse,Accessories,South,5,5070,986.39,24-01-2023,,
O1173,Laptop,Electronics,South,7,469,47.4,24-01-2023,,
O1174,Printer,Office,South,1,802,153.55,25-01-2023,,
O1175,Smartphone,Electronics,West,6,930,213.6,25-01-2023,,
O1176,Smartwatch,Electronics,South,1,495,55.17,25-01-2023,,
O1177,Monitor,Accessories,East,6,4938,847.89,26-01-2023,,
O1178,Tablet,Electronics,South,2,1300,267.46,26-01-2023,,
O1179,Mouse,Accessories,South,7,2100,131.67,27-01-2023,,
O1180,Camera,Electronics,South,2,2248,636.52,27-01-2023,,
O1181,Headphones,Accessories,North,8,7096,991.23,27-01-2023,,
O1182,Headphones,Accessories,East,3,1992,252.21,27-01-2023,,
O1183,Camera,Electronics,South,4,4056,1189.26,27-01-2023,,
O1184,Camera,Electronics,East,2,1986,208.88,28-01-2023,,
O1185,Printer,Office,East,3,1635,196.73,28-01-2023,,
O1186,Smartwatch,Electronics,East,9,3132,443.27,28-01-2023,,
O1187,Smartphone,Electronics,South,8,7064,1554.52,28-01-2023,,
O1188,Camera,Electronics,East,1,907,249.2,28-01-2023,,
O1189,Mouse,Accessories,South,9,7938,1191.41,30-01-2023,,
O1190,Printer,Office,South,4,4360,1207.46,30-01-2023,,
O1191,Keyboard,Accessories,West,3,375,95.04,31-01-2023,,
O1192,Monitor,Accessories,North,7,826,101.01,31-01-2023,,
O1193,Headphones,Accessories,East,1,1011,186.42,31-01-2023,,
O1194,Mouse,Accessories,East,3,807,148.58,31-01-2023,,
O1195,Headphones,Accessories,North,2,1840,367.7,31-01-2023,,
O1196,Keyboard,Accessories,West,5,4550,1039.34,01-02-2023,,
O1197,Smartphone,Electronics,North,9,8793,901.7,01-02-2023,,
O1198,Headphones,Accessories,North,5,310,32.01,01-02-2023,,
O1199,Headphones,Accessories,East,3,1143,275.04,01-02-2023,,
O1200,Monitor,Accessories,West,3,2610,740.21,01-02-2023,,
O1201,Tablet,Electronics,West,6,1494,269.25,01-02-2023,,
O1202,Smartphone,Electronics,North,4,1524,189.32,02-02-2023,,
O1203,Tablet,Electronics,North,9,9441,2171.42,02-02-2023,,
O1204,Smartphone,Electronics,South,4,3520,417.26,02-02-2023,,
O1205,Tablet,Electronics,West,2,390,103.99,02-02-2023,,
O1206,Printer,Office,South,3,3219,255.09,02-02-2023,,
O1207,Laptop,Electronics,North,1,450,75.89,03-02-2023,,
O1208,Smartwatch,Electronics,South,4,828,216.98,03-02-2023,,
O1209,Printer,Office,East,1,1146,152.79,03-02-2023,,
O1210,Monitor,Accessories,West,3,1986,361.33,03-02-2023,,
O1211,Smartwatch,Electronics,North,8,7264,1776.83,03-02-2023,,
O1212,Laptop,Electronics,East,7,7469,915.63,03-02-2023,,
O1213,Laptop,Electronics,South,5,1385,165.55,04-02-2023,,
O1214,Tablet,Electronics,North,4,4556,315.07,04-02-2023,,
O1215,Monitor,Accessories,North,3,456,61.42,04-02-2023,,
O1216,Monitor,Accessories,North,2,1984,125.13,05-02-2023,,
O1217,Smartwatch,Electronics,North,6,5178,1321.58,05-02-2023,,
O1218,Smartwatch,Electronics,West,1,281,30.51,05-02-2023,,
O1219,Monitor,Accessories,South,9,3033,177.92,05-02-2023,,
O1220,Camera,Electronics,East,3,1107,65.88,06-02-2023,,
O1221,Mouse,Accessories,South,3,1446,356.7,07-02-2023,,
O1222,Printer,Office,North,3,1335,263.04,07-02-2023,,
O1223,Mouse,Accessories,South,2,266,20.11,07-02-2023,,
O1224,Smartphone,Electronics,West,6,648,162.3,07-02-2023,,
O1225,Tablet,Electronics,South,2,344,80.87,07-02-2023,,
O1226,Smartphone,Electronics,West,6,5724,1640.19,07-02-2023,,
O1227,Headphones,Accessories,East,5,4920,323.38,08-02-2023,,
O1228,Camera,Electronics,West,5,5440,457.04,08-02-2023,,
O1229,Smartphone,Electronics,West,7,7994,908.65,09-02-2023,,
O1230,Camera,Electronics,South,9,3780,724.36,09-02-2023,,
O1231,Smartphone,Electronics,North,1,1017,209.97,09-02-2023,,
O1232,Smartphone,Electronics,West,6,1578,82.85,10-02-2023,,
O1233,Smartphone,Electronics,South,2,912,161.37,10-02-2023,,
O1234,Laptop,Electronics,West,6,2520,182.59,10-02-2023,,
O1235,Mouse,Accessories,East,8,2632,262.55,10-02-2023,,
O1236,Monitor,Accessories,West,6,6582,729.68,11-02-2023,,
O1237,Camera,Electronics,East,8,3432,172.69,11-02-2023,,
O1238,Keyboard,Accessories,South,2,1030,254.65,11-02-2023,,
O1239,Mouse,Accessories,West,8,1192,289.91,11-02-2023,,
O1240,Printer,Office,West,9,7083,994.47,11-02-2023,,
O1241,Printer,Office,South,7,3675,227.14,12-02-2023,,
O1242,Monitor,Accessories,North,4,4740,833.27,13-02-2023,,
O1243,Headphones,Accessories,East,4,1716,364.96,13-02-2023,,
O1244,Printer,Office,South,7,3528,260.06,13-02-2023,,
O1245,Camera,Electronics,South,3,777,71.72,14-02-2023,,
O1246,Camera,Electronics,East,4,3368,558.93,14-02-2023,,
O1247,Tablet,Electronics,North,4,4240,251.46,15-02-2023,,
O1248,Laptop,Electronics,South,3,3285,292.87,15-02-2023,,
O1249,Smartphone,Electronics,South,6,4872,612.73,15-02-2023,,
O1250,Smartphone,Electronics,East,9,2466,638.41,16-02-2023,,
O1251,Tablet,Electronics,West,5,2465,497.19,16-02-2023,,
O1252,Tablet,Electronics,North,3,612,40.15,16-02-2023,,
O1253,Tablet,Electronics,South,5,4170,658.98,16-02-2023,,
O1254,Camera,Electronics,South,8,1088,160.33,16-02-2023,,
O1255,Keyboard,Accessories,West,2,1626,354.49,18-02-2023,,
O1256,Smartphone,Electronics,North,6,6486,359.49,19-02-2023,,
O1257,Monitor,Accessories,West,8,6968,1226.22,19-02-2023,,
O1258,Smartphone,Electronics,North,1,357,82.86,19-02-2023,,
O1259,Laptop,Electronics,South,1,454,58.4,20-02-2023,,
O1260,Tablet,Electronics,East,3,3582,501.47,20-02-2023,,
O1261,Tablet,Electronics,West,9,3762,484.75,20-02-2023,,
O1262,Smartwatch,Electronics,South,9,6642,394.48,21-02-2023,,
O1263,Monitor,Accessories,West,4,408,45.2,21-02-2023,,
O1264,Tablet,Electronics,West,1,105,25.26,21-02-2023,,
O1265,Tablet,Electronics,West,3,2682,584.69,21-02-2023,,
O1266,Keyboard,Accessories,East,7,497,76.31,22-02-2023,,
O1267,Printer,Office,South,7,4823,420.58,23-02-2023,,
O1268,Smartwatch,Electronics,North,8,4048,666.1,23-02-2023,,
O1269,Printer,Office,South,7,2758,459.02,24-02-2023,,
O1270,Smartphone,Electronics,North,8,4096,266.35,24-02-2023,,
O1271,Printer,Office,North,8,7264,1318,24-02-2023,,
O1272,Mouse,Accessories,East,6,4302,957.38,24-02-2023,,
O1273,Printer,Office,North,7,3297,583.86,24-02-2023,,
O1274,Printer,Office,North,5,5960,1139.78,24-02-2023,,
O1275,Keyboard,Accessories,West,1,386,114.9,25-02-2023,,
O1276,Printer,Office,West,1,684,170.36,26-02-2023,,
O1277,Laptop,Electronics,South,3,1275,168.64,26-02-2023,,
O1278,Mouse,Accessories,North,9,5949,368.51,26-02-2023,,
O1279,Camera,Electronics,East,7,5159,755.22,26-02-2023,,
O1280,Monitor,Accessories,North,4,1100,127.13,27-02-2023,,
O1281,Mouse,Accessories,South,2,290,50.23,27-02-2023,,
O1282,Smartwatch,Electronics,East,8,7144,492.1,27-02-2023,,
O1283,Keyboard,Accessories,West,5,4200,330.48,28-02-2023,,
O1284,Monitor,Accessories,North,6,5022,291.89,01-03-2023,,
O1285,Smartphone,Electronics,West,2,2354,371.34,01-03-2023,,
O1286,Smartphone,Electronics,South,2,2032,149.7,01-03-2023,,
O1287,Printer,Office,South,8,9528,1942.35,01-03-2023,,
O1288,Keyboard,Accessories,South,2,2372,275.88,02-03-2023,,
O1289,Laptop,Electronics,West,3,2703,609.75,02-03-2023,,
O1290,Laptop,Electronics,South,4,1264,267.82,02-03-2023,,
O1291,Smartphone,Electronics,South,4,1624,333.74,02-03-2023,,
O1292,Mouse,Accessories,West,8,2976,507.77,03-03-2023,,
O1293,Headphones,Accessories,West,6,4998,863.82,03-03-2023,,
O1294,Printer,Office,South,1,445,29.57,03-03-2023,,
O1295,Printer,Office,West,1,98,28.57,04-03-2023,,
O1296,Tablet,Electronics,North,7,4102,354.03,04-03-2023,,
O1297,Printer,Office,North,1,1016,171.31,04-03-2023,,
O1298,Headphones,Accessories,South,4,1960,234.88,04-03-2023,,
O1299,Mouse,Accessories,West,7,2751,675.95,05-03-2023,,
O1300,Smartphone,Electronics,East,7,4032,742.98,05-03-2023,,
O1301,Smartphone,Electronics,West,7,5978,1791.25,06-03-2023,,
O1302,Headphones,Accessories,West,7,8050,2129.97,06-03-2023,,
O1303,Monitor,Accessories,East,7,4648,1240.98,06-03-2023,,
O1304,Smartphone,Electronics,North,3,1119,108.68,07-03-2023,,
O1305,Printer,Office,South,9,2178,382.67,07-03-2023,,
O1306,Laptop,Electronics,East,1,918,180.31,07-03-2023,,
O1307,Smartphone,Electronics,East,9,6903,837.35,07-03-2023,,
O1308,Keyboard,Accessories,North,5,4855,534.23,07-03-2023,,
O1309,Camera,Electronics,South,2,2158,483.94,08-03-2023,,
O1310,Mouse,Accessories,North,7,4550,1077.8,08-03-2023,,
O1311,Tablet,Electronics,West,4,3592,249.54,08-03-2023,,
O1312,Tablet,Electronics,South,8,3488,943.25,09-03-2023,,
O1313,Monitor,Accessories,North,2,1214,163.8,10-03-2023,,
O1314,Mouse,Accessories,West,9,7200,1469.23,10-03-2023,,
O1315,Laptop,Electronics,East,8,1808,339.31,10-03-2023,,
O1316,Camera,Electronics,West,9,7083,560.88,10-03-2023,,
O1317,Monitor,Accessories,East,4,1060,260.21,11-03-2023,,
O1318,Smartwatch,Electronics,South,9,7182,461.61,11-03-2023,,
O1319,Smartphone,Electronics,West,6,5532,552.74,12-03-2023,,
O1320,Headphones,Accessories,South,8,1800,326.03,12-03-2023,,
O1321,Headphones,Accessories,South,1,351,32.61,13-03-2023,,
O1322,Smartwatch,Electronics,West,2,1200,191.43,13-03-2023,,
O1323,Tablet,Electronics,South,9,1593,322.46,13-03-2023,,
O1324,Monitor,Accessories,East,3,2580,448.02,13-03-2023,,
O1325,Keyboard,Accessories,East,6,6780,1794.97,13-03-2023,,
O1326,Smartphone,Electronics,South,2,1298,204.08,14-03-2023,,
O1327,Smartwatch,Electronics,South,7,4585,383.97,14-03-2023,,
O1328,Tablet,Electronics,North,1,516,70.53,14-03-2023,,
O1329,Tablet,Electronics,West,4,1780,420.28,14-03-2023,,
O1330,Keyboard,Accessories,North,5,365,94.05,14-03-2023,,
O1331,Tablet,Electronics,South,8,3896,735.66,15-03-2023,,
O1332,Laptop,Electronics,South,1,636,169.24,15-03-2023,,
O1333,Monitor,Accessories,East,7,637,87.86,15-03-2023,,
O1334,Keyboard,Accessories,South,3,1302,180.82,15-03-2023,,
O1335,Smartphone,Electronics,West,1,719,40.42,16-03-2023,,
O1336,Camera,Electronics,West,6,5106,1341.93,17-03-2023,,
O1337,Mouse,Accessories,West,3,1215,129.8,17-03-2023,,
O1338,Camera,Electronics,East,9,1791,187.28,17-03-2023,,
O1339,Printer,Office,East,9,6255,452.46,17-03-2023,,
O1340,Printer,Office,East,5,4165,1012.37,17-03-2023,,
O1341,Monitor,Accessories,South,5,5990,1192.11,17-03-2023,,
O1342,Tablet,Electronics,South,1,847,142.74,17-03-2023,,
O1343,Camera,Electronics,East,8,688,131.26,17-03-2023,,
O1344,Tablet,Electronics,East,2,1188,286.38,18-03-2023,,
O1345,Camera,Electronics,North,7,3101,926.09,18-03-2023,,
O1346,Headphones,Accessories,West,9,8703,1562.88,18-03-2023,,
O1347,Printer,Office,West,9,9324,2416.93,19-03-2023,,
O1348,Laptop,Electronics,North,1,749,68.17,19-03-2023,,
O1349,Smartwatch,Electronics,West,4,3224,871.53,19-03-2023,,
O1350,Monitor,Accessories,South,3,459,40.96,19-03-2023,,
O1351,Smartwatch,Electronics,East,7,5726,976.14,20-03-2023,,
O1352,Keyboard,Accessories,West,4,616,175.75,21-03-2023,,
O1353,Laptop,Electronics,North,2,1584,406.25,21-03-2023,,
O1354,Laptop,Electronics,East,5,3205,368.41,21-03-2023,,
O1355,Printer,Office,East,1,958,186.76,21-03-2023,,
O1356,Laptop,Electronics,East,9,5139,1315.93,22-03-2023,,
O1357,Smartphone,Electronics,West,5,3795,239.15,22-03-2023,,
O1358,Camera,Electronics,East,2,810,229.33,23-03-2023,,
O1359,Camera,Electronics,South,6,5106,1500.2,23-03-2023,,
O1360,Monitor,Accessories,West,2,798,79.25,23-03-2023,,
O1361,Laptop,Electronics,West,5,3165,895.33,23-03-2023,,
O1362,Tablet,Electronics,East,5,5935,875.84,23-03-2023,,
O1363,Keyboard,Accessories,South,4,3352,663.15,24-03-2023,,
O1364,Smartphone,Electronics,West,9,8343,821,24-03-2023,,
O1365,Monitor,Accessories,East,4,2604,411.38,24-03-2023,,
O1366,Headphones,Accessories,West,1,526,108.88,24-03-2023,,
O1367,Monitor,Accessories,West,9,5220,1324.01,25-03-2023,,
O1368,Printer,Office,North,9,1737,152.98,25-03-2023,,
O1369,Mouse,Accessories,West,6,3186,841.04,25-03-2023,,
O1370,Smartphone,Electronics,West,6,7014,1202.25,25-03-2023,,
O1371,Mouse,Accessories,South,9,3411,444.87,26-03-2023,,
O1372,Monitor,Accessories,East,1,513,87.58,26-03-2023,,
O1373,Smartphone,Electronics,West,1,1104,277.85,26-03-2023,,
O1374,Smartphone,Electronics,East,9,2718,271.51,26-03-2023,,
O1375,Headphones,Accessories,North,6,1662,416.3,26-03-2023,,
O1376,Mouse,Accessories,West,5,1700,360.59,28-03-2023,,
O1377,Tablet,Electronics,South,4,2932,597.65,28-03-2023,,
O1378,Mouse,Accessories,North,4,3604,971.14,29-03-2023,,
O1379,Camera,Electronics,West,4,4596,553.58,29-03-2023,,
O1380,Smartwatch,Electronics,East,6,930,68.24,29-03-2023,,
O1381,Tablet,Electronics,North,3,2790,470.93,29-03-2023,,
O1382,Smartphone,Electronics,North,6,4596,1162.75,29-03-2023,,
O1383,Keyboard,Accessories,South,1,962,260.28,29-03-2023,,
O1384,Smartphone,Electronics,North,1,92,14.88,30-03-2023,,
O1385,Keyboard,Accessories,North,5,1130,254.99,30-03-2023,,
O1386,Headphones,Accessories,East,6,6024,1706.41,30-03-2023,,
O1387,Printer,Office,South,1,879,135,30-03-2023,,
O1388,Monitor,Accessories,East,8,2384,444.98,30-03-2023,,
O1389,Camera,Electronics,South,4,4644,277.26,31-03-2023,,
O1390,Keyboard,Accessories,East,1,607,79.78,31-03-2023,,
O1391,Mouse,Accessories,South,7,770,129.11,31-03-2023,,
O1392,Keyboard,Accessories,South,1,711,158.89,01-04-2023,,
O1393,Keyboard,Accessories,South,2,1088,235.83,01-04-2023,,
O1394,Laptop,Electronics,East,7,4704,513.14,02-04-2023,,
O1395,Laptop,Electronics,East,5,660,90.86,02-04-2023,,
O1396,Headphones,Accessories,South,5,4680,516.26,02-04-2023,,
O1397,Camera,Electronics,East,7,6797,665.29,02-04-2023,,
O1398,Mouse,Accessories,North,9,558,38.86,02-04-2023,,
O1399,Monitor,Accessories,East,4,4496,1115.75,03-04-2023,,
O1400,Keyboard,Accessories,South,1,713,62.78,05-04-2023,,
O1401,Camera,Electronics,East,2,1310,212.43,05-04-2023,,
O1402,Keyboard,Accessories,West,9,2853,564.05,05-04-2023,,
O1403,Camera,Electronics,South,2,2324,516.06,05-04-2023,,
O1404,Laptop,Electronics,North,1,330,53.42,05-04-2023,,
O1405,Camera,Electronics,South,3,588,100.52,06-04-2023,,
O1406,Smartphone,Electronics,East,1,63,11.91,06-04-2023,,
O1407,Tablet,Electronics,East,7,847,147.71,06-04-2023,,
O1408,Printer,Office,East,1,1037,56.89,07-04-2023,,
O1409,Mouse,Accessories,North,1,373,72.17,07-04-2023,,
O1410,Laptop,Electronics,North,1,1176,157.47,07-04-2023,,
O1411,Smartphone,Electronics,East,3,2139,422.52,08-04-2023,,
O1412,Monitor,Accessories,West,9,4140,301.12,09-04-2023,,
O1413,Laptop,Electronics,North,1,1038,63.23,09-04-2023,,
O1414,Monitor,Accessories,East,8,2024,203.11,09-04-2023,,
O1415,Smartwatch,Electronics,South,6,6624,1136.09,09-04-2023,,
O1416,Smartwatch,Electronics,East,7,5019,1154.79,09-04-2023,,
O1417,Smartphone,Electronics,East,5,750,207.77,10-04-2023,,
O1418,Camera,Electronics,North,7,6461,1455.36,10-04-2023,,
O1419,Tablet,Electronics,West,6,2946,208.01,10-04-2023,,
O1420,Monitor,Accessories,South,1,618,81.04,11-04-2023,,
O1421,Printer,Office,South,2,1774,322.49,11-04-2023,,
O1422,Camera,Electronics,East,9,8586,700.37,11-04-2023,,
O1423,Laptop,Electronics,South,5,2000,232.41,11-04-2023,,
O1424,Mouse,Accessories,East,1,849,205.88,11-04-2023,,
O1425,Mouse,Accessories,East,6,3186,374.63,11-04-2023,,
O1426,Monitor,Accessories,South,4,2536,495.13,12-04-2023,,
O1427,Smartwatch,Electronics,South,2,1306,228.41,12-04-2023,,
O1428,Tablet,Electronics,East,3,2508,631.85,13-04-2023,,
O1429,Tablet,Electronics,North,8,1048,107.56,13-04-2023,,
O1430,Keyboard,Accessories,East,4,1516,256.96,13-04-2023,,
O1431,Smartphone,Electronics,West,9,10458,1835.21,13-04-2023,,
O1432,Headphones,Accessories,East,9,2754,259.16,15-04-2023,,
O1433,Printer,Office,West,4,3432,364.27,15-04-2023,,
O1434,Monitor,Accessories,South,2,1234,257.89,16-04-2023,,
O1435,Monitor,Accessories,East,1,847,146.25,16-04-2023,,
O1436,Keyboard,Accessories,South,7,7672,896.11,16-04-2023,,
O1437,Monitor,Accessories,North,9,7596,1454.15,16-04-2023,,
O1438,Keyboard,Accessories,East,7,7252,1357.27,16-04-2023,,
O1439,Smartwatch,Electronics,West,6,732,136.59,16-04-2023,,
O1440,Smartphone,Electronics,West,1,173,20.96,16-04-2023,,
O1441,Camera,Electronics,North,3,2805,749.5,17-04-2023,,
O1442,Smartphone,Electronics,West,8,7048,391.96,18-04-2023,,
O1443,Mouse,Accessories,East,6,4698,1020.11,18-04-2023,,
O1444,Smartwatch,Electronics,South,1,565,148.79,19-04-2023,,
O1445,Monitor,Accessories,North,1,672,198.75,19-04-2023,,
O1446,Camera,Electronics,South,6,2604,566.34,19-04-2023,,
O1447,Tablet,Electronics,West,6,5124,501.5,20-04-2023,,
O1448,Smartwatch,Electronics,West,5,2455,714.35,20-04-2023,,
O1449,Printer,Office,North,2,1796,225.15,20-04-2023,,
O1450,Laptop,Electronics,South,1,288,61.85,20-04-2023,,
O1451,Laptop,Electronics,North,5,2160,553.41,20-04-2023,,
O1452,Tablet,Electronics,West,1,105,27.36,20-04-2023,,
O1453,Monitor,Accessories,South,9,7578,1596.64,20-04-2023,,
O1454,Headphones,Accessories,South,1,365,50.1,21-04-2023,,
O1455,Camera,Electronics,West,8,3752,537.98,21-04-2023,,
O1456,Keyboard,Accessories,North,2,1384,316.21,21-04-2023,,
O1457,Smartphone,Electronics,West,5,475,76.22,21-04-2023,,
O1458,Printer,Office,West,4,1116,242.31,22-04-2023,,
O1459,Smartphone,Electronics,West,1,137,39.35,23-04-2023,,
O1460,Headphones,Accessories,South,6,738,158.96,23-04-2023,,
O1461,Camera,Electronics,West,3,1821,543.01,24-04-2023,,
O1462,Keyboard,Accessories,West,7,3654,670.16,24-04-2023,,
O1463,Keyboard,Accessories,East,6,2592,404.89,25-04-2023,,
O1464,Camera,Electronics,East,6,996,225.75,25-04-2023,,
O1465,Mouse,Accessories,North,1,693,62.75,25-04-2023,,
O1466,Keyboard,Accessories,East,3,513,48.23,25-04-2023,,
O1467,Smartwatch,Electronics,East,8,5736,937.62,25-04-2023,,
O1468,Mouse,Accessories,East,2,1458,208.93,25-04-2023,,
O1469,Smartphone,Electronics,East,8,5496,1104.93,26-04-2023,,
O1470,Tablet,Electronics,North,3,3183,358.87,26-04-2023,,
O1471,Headphones,Accessories,East,6,3990,975.5,26-04-2023,,
O1472,Smartphone,Electronics,West,2,582,76.45,26-04-2023,,
O1473,Printer,Office,South,5,3340,845.53,26-04-2023,,
O1474,Monitor,Accessories,West,1,890,59.1,27-04-2023,,
O1475,Printer,Office,East,6,4890,689.01,27-04-2023,,
O1476,Keyboard,Accessories,East,3,2625,349.61,28-04-2023,,
O1477,Smartwatch,Electronics,North,4,1440,200.09,28-04-2023,,
O1478,Headphones,Accessories,North,5,505,93.85,28-04-2023,,
O1479,Laptop,Electronics,North,8,8192,1822.87,29-04-2023,,
O1480,Keyboard,Accessories,East,3,1920,144.3,29-04-2023,,
O1481,Smartwatch,Electronics,West,8,8768,1065.8,30-04-2023,,
O1482,Mouse,Accessories,North,1,1140,117.05,30-04-2023,,
O1483,Laptop,Electronics,North,4,952,264.61,01-05-2023,,
O1484,Smartphone,Electronics,North,1,225,51.07,02-05-2023,,
O1485,Printer,Office,South,4,1304,336.95,02-05-2023,,
O1486,Camera,Electronics,East,3,1029,206.83,02-05-2023,,
O1487,Printer,Office,South,3,3402,442.67,02-05-2023,,
O1488,Laptop,Electronics,North,9,8460,1201.94,03-05-2023,,
O1489,Monitor,Accessories,North,1,104,26.86,03-05-2023,,
O1490,Monitor,Accessories,West,9,10665,1595.08,03-05-2023,,
O1491,Smartwatch,Electronics,East,8,984,183.07,04-05-2023,,
O1492,Smartphone,Electronics,North,4,2064,359.3,04-05-2023,,
O1493,Laptop,Electronics,North,2,594,172.47,04-05-2023,,
O1494,Printer,Office,South,8,6016,898.33,04-05-2023,,
O1495,Smartphone,Electronics,North,8,2864,195.16,04-05-2023,,
O1496,Tablet,Electronics,North,4,724,186.95,05-05-2023,,
O1497,Mouse,Accessories,East,6,4098,1174.46,05-05-2023,,
O1498,Monitor,Accessories,North,1,338,32.61,05-05-2023,,
O1499,Printer,Office,West,8,9280,1596.88,05-05-2023,,
O1500,Smartwatch,Electronics,East,1,890,57.04,06-05-2023,,
O1501,Tablet,Electronics,South,2,1790,442.75,06-05-2023,,
O1502,Tablet,Electronics,North,9,8523,978.97,07-05-2023,,
O1503,Headphones,Accessories,West,9,7776,677.74,07-05-2023,,
O1504,Mouse,Accessories,North,7,3031,417.5,07-05-2023,,
O1505,Camera,Electronics,South,9,4698,1262.47,07-05-2023,,
O1506,Keyboard,Accessories,West,9,4851,1408.41,07-05-2023,,
O1507,Camera,Electronics,East,6,4542,1169.16,08-05-2023,,
O1508,Headphones,Accessories,North,2,978,210.75,08-05-2023,,
O1509,Mouse,Accessories,South,9,9378,1740.97,08-05-2023,,
O1510,Smartwatch,Electronics,North,8,9464,2043.73,09-05-2023,,
O1511,Printer,Office,West,8,1720,401.26,09-05-2023,,
O1512,Keyboard,Accessories,West,8,4752,1124.22,09-05-2023,,
O1513,Keyboard,Accessories,South,4,584,127.28,09-05-2023,,
O1514,Camera,Electronics,North,9,4554,1031.09,09-05-2023,,
O1515,Tablet,Electronics,South,2,2392,483.39,10-05-2023,,
O1516,Camera,Electronics,South,7,3962,916.13,10-05-2023,,
O1517,Laptop,Electronics,North,3,1308,141.04,10-05-2023,,
O1518,Printer,Office,South,8,5912,1153.18,10-05-2023,,
O1519,Camera,Electronics,South,7,5831,1416.31,11-05-2023,,
O1520,Camera,Electronics,West,7,5572,690.68,11-05-2023,,
O1521,Monitor,Accessories,North,6,5214,1093.04,12-05-2023,,
O1522,Mouse,Accessories,East,9,6705,1283.78,12-05-2023,,
O1523,Headphones,Accessories,North,1,426,93.83,13-05-2023,,
O1524,Smartphone,Electronics,West,2,2204,523.82,13-05-2023,,
O1525,Smartphone,Electronics,North,3,2652,161.67,14-05-2023,,
O1526,Printer,Office,South,6,3132,919.52,14-05-2023,,
O1527,Printer,Office,West,5,1830,437.35,14-05-2023,,
O1528,Laptop,Electronics,East,9,2763,676.25,14-05-2023,,
O1529,Monitor,Accessories,North,8,9056,2281.97,14-05-2023,,
O1530,Camera,Electronics,North,7,5439,1416.62,14-05-2023,,
O1531,Camera,Electronics,South,6,828,47.91,15-05-2023,,
O1532,Smartwatch,Electronics,East,5,1910,463.07,15-05-2023,,
O1533,Tablet,Electronics,North,2,1874,333.86,15-05-2023,,
O1534,Mouse,Accessories,East,1,1032,291.41,15-05-2023,,
O1535,Keyboard,Accessories,East,3,3264,556.86,16-05-2023,,
O1536,Smartphone,Electronics,West,1,877,110.99,16-05-2023,,
O1537,Camera,Electronics,North,3,924,183.18,17-05-2023,,
O1538,Camera,Electronics,West,3,417,114.42,17-05-2023,,
O1539,Laptop,Electronics,West,5,2670,155.89,17-05-2023,,
O1540,Keyboard,Accessories,South,7,2716,512.09,18-05-2023,,
O1541,Headphones,Accessories,West,9,10134,1334.37,18-05-2023,,
O1542,Monitor,Accessories,North,5,5500,1230.98,18-05-2023,,
O1543,Tablet,Electronics,East,6,6228,1756.82,18-05-2023,,
O1544,Laptop,Electronics,West,7,1092,274.77,19-05-2023,,
O1545,Monitor,Accessories,West,5,3255,332.54,19-05-2023,,
O1546,Tablet,Electronics,West,5,5645,1320.86,19-05-2023,,
O1547,Smartphone,Electronics,North,9,7578,466.87,19-05-2023,,
O1548,Keyboard,Accessories,South,9,6282,1594.61,19-05-2023,,
O1549,Laptop,Electronics,South,6,2364,639.29,19-05-2023,,
O1550,Keyboard,Accessories,North,8,6880,1570.91,20-05-2023,,
O1551,Smartphone,Electronics,East,6,3288,249.02,21-05-2023,,
O1552,Monitor,Accessories,East,6,5292,659.58,21-05-2023,,
O1553,Printer,Office,North,3,3522,883.41,21-05-2023,,
O1554,Smartwatch,Electronics,West,2,1518,87.6,21-05-2023,,
O1555,Tablet,Electronics,North,7,2457,690.55,21-05-2023,,
O1556,Headphones,Accessories,West,1,309,62.08,22-05-2023,,
O1557,Monitor,Accessories,North,6,6192,717.46,22-05-2023,,
O1558,Camera,Electronics,East,5,4235,747.96,23-05-2023,,
O1559,Smartwatch,Electronics,North,9,7128,457.11,23-05-2023,,
O1560,Tablet,Electronics,North,5,5660,641.69,24-05-2023,,
O1561,Smartphone,Electronics,South,1,787,120.38,24-05-2023,,
O1562,Mouse,Accessories,West,3,375,107.26,24-05-2023,,
O1563,Camera,Electronics,South,4,296,44.79,25-05-2023,,
O1564,Keyboard,Accessories,East,6,6372,570.75,25-05-2023,,
O1565,Mouse,Accessories,West,6,2214,322.73,25-05-2023,,
O1566,Headphones,Accessories,South,6,2640,734.44,26-05-2023,,
O1567,Camera,Electronics,South,7,2240,580.47,26-05-2023,,
O1568,Smartwatch,Electronics,East,7,6258,1347.74,26-05-2023,,
O1569,Printer,Office,West,8,3816,574.57,26-05-2023,,
O1570,Smartwatch,Electronics,South,2,390,115.48,26-05-2023,,
O1571,Tablet,Electronics,South,7,630,83.28,26-05-2023,,
O1572,Smartphone,Electronics,South,4,3868,819.26,27-05-2023,,
O1573,Monitor,Accessories,North,1,777,211.31,27-05-2023,,
O1574,Monitor,Accessories,North,3,1347,196.59,27-05-2023,,
O1575,Laptop,Electronics,East,9,7272,500.32,29-05-2023,,
O1576,Printer,Office,North,6,5724,857.33,29-05-2023,,
O1577,Headphones,Accessories,West,3,312,74.8,29-05-2023,,
O1578,Laptop,Electronics,East,3,1947,239.63,30-05-2023,,
O1579,Tablet,Electronics,North,6,1128,207.97,31-05-2023,,
O1580,Laptop,Electronics,East,9,4158,672.32,31-05-2023,,
O1581,Keyboard,Accessories,East,6,2670,782.28,31-05-2023,,
O1582,Headphones,Accessories,East,1,85,17.71,31-05-2023,,
O1583,Mouse,Accessories,East,8,4136,1056.54,31-05-2023,,
O1584,Tablet,Electronics,North,6,4332,348.61,01-06-2023,,
O1585,Monitor,Accessories,North,8,1600,305.3,01-06-2023,,
O1586,Tablet,Electronics,East,7,5075,471.21,02-06-2023,,
O1587,Tablet,Electronics,South,6,4152,1065.46,02-06-2023,,
O1588,Printer,Office,East,7,5635,1665.01,02-06-2023,,
O1589,Smartwatch,Electronics,East,3,3108,220.97,02-06-2023,,
O1590,Smartwatch,Electronics,South,7,4270,1197.44,03-06-2023,,
O1591,Monitor,Accessories,West,5,1350,321.9,03-06-2023,,
O1592,Keyboard,Accessories,East,3,330,81.86,03-06-2023,,
O1593,Camera,Electronics,South,6,4260,504.82,04-06-2023,,
O1594,Headphones,Accessories,North,3,2712,751.52,04-06-2023,,
O1595,Smartphone,Electronics,West,1,328,46.23,04-06-2023,,
O1596,Smartphone,Electronics,West,8,7776,498.6,04-06-2023,,
O1597,Laptop,Electronics,East,4,2896,522.82,04-06-2023,,
O1598,Tablet,Electronics,North,2,1902,388.83,04-06-2023,,
O1599,Smartwatch,Electronics,North,7,3255,814.85,05-06-2023,,
O1600,Keyboard,Accessories,North,3,633,162.4,06-06-2023,,
O1601,Tablet,Electronics,East,7,6209,402.78,06-06-2023,,
O1602,Smartwatch,Electronics,East,9,4698,1167.9,06-06-2023,,
O1603,Smartphone,Electronics,West,8,7424,1878.07,06-06-2023,,
O1604,Printer,Office,East,1,498,58.3,06-06-2023,,
O1605,Headphones,Accessories,East,1,111,27.91,07-06-2023,,
O1606,Laptop,Electronics,North,8,7520,1201.4,07-06-2023,,
O1607,Camera,Electronics,South,1,182,30.97,07-06-2023,,
O1608,Mouse,Accessories,West,5,5890,309,08-06-2023,,
O1609,Laptop,Electronics,South,4,3244,357.55,08-06-2023,,
O1610,Smartphone,Electronics,South,7,5229,1058.26,08-06-2023,,
O1611,Smartwatch,Electronics,North,9,5202,1271.47,08-06-2023,,
O1612,Keyboard,Accessories,West,3,438,67.43,08-06-2023,,
O1613,Keyboard,Accessories,East,6,6900,1109.73,09-06-2023,,
O1614,Tablet,Electronics,East,3,369,36.07,09-06-2023,,
O1615,Laptop,Electronics,West,4,4140,1229.85,09-06-2023,,
O1616,Printer,Office,South,3,1086,188.65,09-06-2023,,
O1617,Mouse,Accessories,South,2,2134,269.53,10-06-2023,,
O1618,Laptop,Electronics,North,6,5310,637.81,10-06-2023,,
O1619,Headphones,Accessories,East,6,2748,682.8,10-06-2023,,
O1620,Printer,Office,South,9,3357,405.61,10-06-2023,,
O1621,Smartwatch,Electronics,West,9,10206,592.77,11-06-2023,,
O1622,Smartphone,Electronics,South,6,2970,425.9,11-06-2023,,
O1623,Mouse,Accessories,West,4,1208,351.47,11-06-2023,,
O1624,Smartwatch,Electronics,South,3,945,135.59,11-06-2023,,
O1625,Monitor,Accessories,East,8,7040,996.02,12-06-2023,,
O1626,Smartphone,Electronics,West,4,3684,1009.1,12-06-2023,,
O1627,Headphones,Accessories,East,2,1262,190.02,13-06-2023,,
O1628,Mouse,Accessories,South,3,3504,807.65,13-06-2023,,
O1629,Printer,Office,East,6,4464,1122.37,13-06-2023,,
O1630,Laptop,Electronics,East,4,1324,227.2,13-06-2023,,
O1631,Camera,Electronics,East,6,4140,451.27,14-06-2023,,
O1632,Mouse,Accessories,West,8,2384,120.28,14-06-2023,,
O1633,Laptop,Electronics,West,8,4624,1313.36,14-06-2023,,
O1634,Smartwatch,Electronics,West,6,4812,662.54,14-06-2023,,
O1635,Tablet,Electronics,North,6,5640,856.44,15-06-2023,,
O1636,Smartwatch,Electronics,West,5,1840,307.09,16-06-2023,,
O1637,Keyboard,Accessories,North,7,8071,435.51,17-06-2023,,
O1638,Keyboard,Accessories,North,3,2400,297.07,17-06-2023,,
O1639,Smartwatch,Electronics,East,6,3570,265.62,17-06-2023,,
O1640,Laptop,Electronics,East,3,1758,245.92,17-06-2023,,
O1641,Monitor,Accessories,North,4,3072,394.2,17-06-2023,,
O1642,Mouse,Accessories,South,5,2185,136.1,18-06-2023,,
O1643,Smartphone,Electronics,North,8,7664,1251.65,19-06-2023,,
O1644,Headphones,Accessories,West,5,1710,338.1,20-06-2023,,
O1645,Printer,Office,South,2,1878,386.28,20-06-2023,,
O1646,Tablet,Electronics,South,1,569,141.33,20-06-2023,,
O1647,Smartwatch,Electronics,West,3,1488,296.36,20-06-2023,,
O1648,Mouse,Accessories,West,9,9918,1956.17,20-06-2023,,
O1649,Smartwatch,Electronics,South,3,432,36.84,21-06-2023,,
O1650,Tablet,Electronics,East,9,9828,1300.68,22-06-2023,,
O1651,Smartwatch,Electronics,North,5,3625,245.52,22-06-2023,,
O1652,Smartwatch,Electronics,South,3,2187,491.13,23-06-2023,,
O1653,Monitor,Accessories,South,5,5105,1003.4,24-06-2023,,
O1654,Headphones,Accessories,South,3,1392,345.78,24-06-2023,,
O1655,Smartphone,Electronics,North,2,744,110.81,24-06-2023,,
O1656,Smartwatch,Electronics,South,4,1724,233.21,24-06-2023,,
O1657,Mouse,Accessories,West,5,1940,423.17,24-06-2023,,
O1658,Mouse,Accessories,South,4,356,59.15,24-06-2023,,
O1659,Monitor,Accessories,West,5,1095,269.87,24-06-2023,,
O1660,Tablet,Electronics,North,8,4064,543.9,24-06-2023,,
O1661,Smartwatch,Electronics,West,7,5453,1592.37,25-06-2023,,
O1662,Monitor,Accessories,South,8,7104,529.35,25-06-2023,,
O1663,Keyboard,Accessories,East,9,2745,660.56,25-06-2023,,
O1664,Camera,Electronics,North,5,1030,64.81,26-06-2023,,
O1665,Tablet,Electronics,North,9,8973,471.86,26-06-2023,,
O1666,Keyboard,Accessories,North,2,794,128.5,26-06-2023,,
O1667,Printer,Office,South,6,2142,476.19,26-06-2023,,
O1668,Headphones,Accessories,East,2,414,51.1,27-06-2023,,
O1669,Tablet,Electronics,North,3,1416,220.7,27-06-2023,,
O1670,Tablet,Electronics,South,3,2103,541.35,27-06-2023,,
O1671,Camera,Electronics,West,3,861,173.49,27-06-2023,,
O1672,Headphones,Accessories,West,3,2367,222.26,27-06-2023,,
O1673,Tablet,Electronics,South,5,2435,688.82,28-06-2023,,
O1674,Printer,Office,South,4,2456,163.61,28-06-2023,,
O1675,Laptop,Electronics,East,4,3216,962.49,30-06-2023,,
O1676,Smartwatch,Electronics,East,4,4324,833.11,30-06-2023,,
O1677,Mouse,Accessories,South,4,2628,727.87,30-06-2023,,
O1678,Keyboard,Accessories,West,8,8992,2018.64,01-07-2023,,
O1679,Laptop,Electronics,West,6,360,22.16,01-07-2023,,
O1680,Tablet,Electronics,South,3,2067,479.39,01-07-2023,,
O1681,Mouse,Accessories,South,9,3573,550.44,01-07-2023,,
O1682,Laptop,Electronics,South,8,1800,142.86,01-07-2023,,
O1683,Printer,Office,South,8,3912,334.1,02-07-2023,,
O1684,Headphones,Accessories,North,8,5640,747.26,03-07-2023,,
O1685,Tablet,Electronics,South,1,552,115.74,03-07-2023,,
O1686,Mouse,Accessories,South,7,1428,289.65,03-07-2023,,
O1687,Printer,Office,West,1,349,42.05,05-07-2023,,
O1688,Tablet,Electronics,North,6,6402,1366.28,06-07-2023,,
O1689,Monitor,Accessories,East,9,657,185.95,06-07-2023,,
O1690,Mouse,Accessories,West,7,5327,950.7,06-07-2023,,
O1691,Keyboard,Accessories,North,4,4196,1152.45,07-07-2023,,
O1692,Laptop,Electronics,East,4,2892,863.47,07-07-2023,,
O1693,Laptop,Electronics,West,9,2772,432.77,08-07-2023,,
O1694,Smartwatch,Electronics,North,6,4692,1044.97,08-07-2023,,
O1695,Mouse,Accessories,East,6,2742,334.48,10-07-2023,,
O1696,Smartphone,Electronics,North,8,8896,1154.96,10-07-2023,,
O1697,Mouse,Accessories,North,2,2344,385.19,10-07-2023,,
O1698,Headphones,Accessories,South,7,4186,655.53,10-07-2023,,
O1699,Tablet,Electronics,East,9,5238,1152.42,11-07-2023,,
O1700,Mouse,Accessories,North,3,2982,452.22,11-07-2023,,
O1701,Smartwatch,Electronics,West,4,2580,602.5,11-07-2023,,
O1702,Keyboard,Accessories,West,5,2675,671.6,11-07-2023,,
O1703,Printer,Office,East,4,2396,608.5,11-07-2023,,
O1704,Laptop,Electronics,West,5,1600,242.25,12-07-2023,,
O1705,Smartwatch,Electronics,North,4,304,34.73,12-07-2023,,
O1706,Keyboard,Accessories,East,9,2070,457.39,13-07-2023,,
O1707,Printer,Office,North,5,1230,158.23,13-07-2023,,
O1708,Camera,Electronics,South,6,6234,758.78,13-07-2023,,
O1709,Headphones,Accessories,South,2,396,46.33,13-07-2023,,
O1710,Mouse,Accessories,East,9,2349,244.18,13-07-2023,,
O1711,Headphones,Accessories,North,9,5949,626.92,13-07-2023,,
O1712,Printer,Office,East,7,5957,1433.85,13-07-2023,,
O1713,Headphones,Accessories,East,3,1989,299.79,14-07-2023,,
O1714,Mouse,Accessories,South,1,1138,243.36,14-07-2023,,
O1715,Tablet,Electronics,West,9,3321,689.64,14-07-2023,,
O1716,Camera,Electronics,South,4,4480,592.82,14-07-2023,,
O1717,Smartwatch,Electronics,East,3,1533,440.88,14-07-2023,,
O1718,Mouse,Accessories,East,1,109,10.35,14-07-2023,,
O1719,Smartphone,Electronics,South,4,2380,594.86,15-07-2023,,
O1720,Printer,Office,South,8,2592,432.37,15-07-2023,,
O1721,Laptop,Electronics,East,6,5112,1289.47,15-07-2023,,
O1722,Smartwatch,Electronics,North,8,9392,1753.08,15-07-2023,,
O1723,Laptop,Electronics,West,2,2386,381.83,15-07-2023,,
O1724,Smartwatch,Electronics,South,5,465,71.23,15-07-2023,,
O1725,Smartphone,Electronics,West,2,604,102.52,15-07-2023,,
O1726,Smartwatch,Electronics,East,2,2216,650.27,15-07-2023,,
O1727,Mouse,Accessories,East,4,1168,220.22,15-07-2023,,
O1728,Monitor,Accessories,South,7,4088,230.43,16-07-2023,,
O1729,Keyboard,Accessories,West,7,2597,152.09,16-07-2023,,
O1730,Smartwatch,Electronics,West,3,2151,322.03,16-07-2023,,
O1731,Laptop,Electronics,East,6,462,71.22,16-07-2023,,
O1732,Mouse,Accessories,North,7,5957,1077.86,17-07-2023,,
O1733,Smartphone,Electronics,West,6,6978,2028.63,17-07-2023,,
O1734,Headphones,Accessories,South,1,282,72.5,17-07-2023,,
O1735,Camera,Electronics,East,1,157,27.65,18-07-2023,,
O1736,Monitor,Accessories,North,8,3304,404.33,18-07-2023,,
O1737,Headphones,Accessories,North,3,3051,201.26,18-07-2023,,
O1738,Mouse,Accessories,East,9,8082,1783.55,18-07-2023,,
O1739,Laptop,Electronics,West,3,510,110.38,19-07-2023,,
O1740,Tablet,Electronics,East,8,3976,1170.36,19-07-2023,,
O1741,Smartphone,Electronics,East,9,828,59.99,19-07-2023,,
O1742,Headphones,Accessories,West,7,2457,388.11,19-07-2023,,
O1743,Camera,Electronics,North,4,3924,298.07,20-07-2023,,
O1744,Headphones,Accessories,West,2,2018,227.75,20-07-2023,,
O1745,Monitor,Accessories,West,3,2043,479.9,20-07-2023,,
O1746,Printer,Office,West,5,1035,187.12,20-07-2023,,
O1747,Smartwatch,Electronics,North,6,2724,675.53,20-07-2023,,
O1748,Camera,Electronics,East,1,1120,127.32,20-07-2023,,
O1749,Monitor,Accessories,North,6,3438,631.95,21-07-2023,,
O1750,Smartwatch,Electronics,West,5,3170,379.27,21-07-2023,,
O1751,Smartwatch,Electronics,East,4,660,83.96,22-07-2023,,
O1752,Tablet,Electronics,East,7,4669,1088.15,22-07-2023,,
O1753,Smartwatch,Electronics,West,5,1045,89,23-07-2023,,
O1754,Keyboard,Accessories,North,4,2724,229.47,23-07-2023,,
O1755,Headphones,Accessories,West,8,5312,1583,23-07-2023,,
O1756,Tablet,Electronics,West,4,4252,445.18,23-07-2023,,
O1757,Printer,Office,East,7,8057,1652.27,23-07-2023,,
O1758,Keyboard,Accessories,South,7,2023,274.25,24-07-2023,,
O1759,Monitor,Accessories,South,8,9416,2125.54,24-07-2023,,
O1760,Monitor,Accessories,East,8,7560,494.34,24-07-2023,,
O1761,Monitor,Accessories,West,2,828,50.07,25-07-2023,,
O1762,Mouse,Accessories,West,1,527,27.45,26-07-2023,,
O1763,Keyboard,Accessories,North,2,1160,206.49,26-07-2023,,
O1764,Mouse,Accessories,West,5,5430,310.86,27-07-2023,,
O1765,Tablet,Electronics,South,7,6874,454.53,27-07-2023,,
O1766,Printer,Office,East,8,8952,1825.37,27-07-2023,,
O1767,Mouse,Accessories,East,8,416,67.81,27-07-2023,,
O1768,Smartphone,Electronics,South,3,1680,140.27,27-07-2023,,
O1769,Mouse,Accessories,South,7,4340,383.9,28-07-2023,,
O1770,Laptop,Electronics,West,9,7650,2130.82,28-07-2023,,
O1771,Smartwatch,Electronics,West,8,6328,412.76,28-07-2023,,
O1772,Keyboard,Accessories,West,2,1312,344,29-07-2023,,
O1773,Camera,Electronics,East,9,8055,2300.17,29-07-2023,,
O1774,Camera,Electronics,South,2,840,153.61,29-07-2023,,
O1775,Tablet,Electronics,South,9,9423,2794.89,29-07-2023,,
O1776,Monitor,Accessories,North,8,6520,1113.12,30-07-2023,,
O1777,Laptop,Electronics,North,3,1950,116.12,30-07-2023,,
O1778,Camera,Electronics,South,6,5928,1177.2,30-07-2023,,
O1779,Camera,Electronics,South,7,4809,1418.72,30-07-2023,,
O1780,Smartphone,Electronics,West,4,356,23.4,31-07-2023,,
O1781,Laptop,Electronics,South,2,570,94.39,31-07-2023,,
O1782,Monitor,Accessories,East,7,7791,907.96,31-07-2023,,
O1783,Smartwatch,Electronics,East,4,4168,494.48,01-08-2023,,
O1784,Tablet,Electronics,North,2,684,183.85,01-08-2023,,
O1785,Smartphone,Electronics,East,7,3857,447.99,01-08-2023,,
O1786,Camera,Electronics,North,5,3250,699.99,02-08-2023,,
O1787,Printer,Office,North,6,1194,79.62,02-08-2023,,
O1788,Laptop,Electronics,West,6,3486,320.91,02-08-2023,,
O1789,Monitor,Accessories,West,7,1554,370.97,02-08-2023,,
O1790,Smartwatch,Electronics,North,3,2601,463.36,02-08-2023,,
O1791,Headphones,Accessories,West,4,3616,745.75,03-08-2023,,
O1792,Mouse,Accessories,West,5,3350,986.33,03-08-2023,,
O1793,Smartwatch,Electronics,South,5,2545,588.47,04-08-2023,,
O1794,Monitor,Accessories,East,1,545,68.28,04-08-2023,,
O1795,Mouse,Accessories,North,7,1470,178.85,04-08-2023,,
O1796,Camera,Electronics,South,3,3126,870.95,05-08-2023,,
O1797,Laptop,Electronics,West,3,1368,302.29,05-08-2023,,
O1798,Headphones,Accessories,East,9,7083,1353.39,05-08-2023,,
O1799,Printer,Office,East,2,1994,453.74,05-08-2023,,
O1800,Camera,Electronics,North,4,4716,1084.16,05-08-2023,,
O1801,Monitor,Accessories,South,1,975,125.85,06-08-2023,,
O1802,Smartphone,Electronics,West,9,9891,1774.03,06-08-2023,,
O1803,Smartwatch,Electronics,South,2,626,159.49,06-08-2023,,
O1804,Monitor,Accessories,East,8,5632,1620.04,06-08-2023,,
O1805,Printer,Office,West,3,2568,734.6,07-08-2023,,
O1806,Tablet,Electronics,East,7,5285,629.07,07-08-2023,,
O1807,Camera,Electronics,East,2,516,122.77,08-08-2023,,
O1808,Monitor,Accessories,East,3,2139,503.08,08-08-2023,,
O1809,Laptop,Electronics,East,9,8136,1923.89,08-08-2023,,
O1810,Laptop,Electronics,West,5,2130,318.99,09-08-2023,,
O1811,Headphones,Accessories,South,5,3445,202.15,09-08-2023,,
O1812,Tablet,Electronics,East,8,5376,429.84,09-08-2023,,
O1813,Printer,Office,West,6,3006,730.14,09-08-2023,,
O1814,Headphones,Accessories,North,7,3941,1113.85,09-08-2023,,
O1815,Monitor,Accessories,North,5,3350,389.95,10-08-2023,,
O1816,Printer,Office,South,3,2019,265.44,10-08-2023,,
O1817,Headphones,Accessories,North,8,2416,403.38,10-08-2023,,
O1818,Monitor,Accessories,West,8,6160,684.71,11-08-2023,,
O1819,Printer,Office,East,4,2796,682.65,11-08-2023,,
O1820,Smartwatch,Electronics,South,7,7700,1573.41,11-08-2023,,
O1821,Smartwatch,Electronics,West,5,2095,193.93,11-08-2023,,
O1822,Camera,Electronics,North,5,5990,1548.62,11-08-2023,,
O1823,Smartwatch,Electronics,North,2,1206,307.02,11-08-2023,,
O1824,Smartwatch,Electronics,South,5,1330,285.78,11-08-2023,,
O1825,Camera,Electronics,West,6,2706,766.68,11-08-2023,,
O1826,Laptop,Electronics,East,3,426,50.8,12-08-2023,,
O1827,Tablet,Electronics,West,1,414,50.26,12-08-2023,,
O1828,Laptop,Electronics,East,5,5465,546.33,12-08-2023,,
O1829,Tablet,Electronics,South,3,726,71.06,12-08-2023,,
O1830,Smartwatch,Electronics,East,1,1001,225.75,12-08-2023,,
O1831,Mouse,Accessories,West,9,7362,1866.65,12-08-2023,,
O1832,Keyboard,Accessories,East,4,2284,576.59,12-08-2023,,
O1833,Tablet,Electronics,East,4,2940,566.36,12-08-2023,,
O1834,Printer,Office,South,4,3068,868.89,12-08-2023,,
O1835,Smartphone,Electronics,North,3,3477,862.21,12-08-2023,,
O1836,Smartwatch,Electronics,West,9,4014,204.48,12-08-2023,,
O1837,Monitor,Accessories,North,8,7200,804.53,13-08-2023,,
O1838,Smartwatch,Electronics,West,3,735,134.53,13-08-2023,,
O1839,Monitor,Accessories,East,3,2964,446.54,13-08-2023,,
O1840,Camera,Electronics,West,9,3699,276.07,13-08-2023,,
O1841,Printer,Office,West,3,1563,221.62,13-08-2023,,
O1842,Mouse,Accessories,South,2,124,32.27,13-08-2023,,
O1843,Mouse,Accessories,North,2,416,71.68,13-08-2023,,
O1844,Camera,Electronics,South,8,2624,294.24,14-08-2023,,
O1845,Headphones,Accessories,East,4,1636,134.85,14-08-2023,,
O1846,Headphones,Accessories,East,8,8200,1978.93,15-08-2023,,
O1847,Mouse,Accessories,East,5,5615,715.58,15-08-2023,,
O1848,Printer,Office,East,5,3085,413.52,16-08-2023,,
O1849,Keyboard,Accessories,South,6,3198,913.76,16-08-2023,,
O1850,Camera,Electronics,West,4,1848,374.66,16-08-2023,,
O1851,Smartwatch,Electronics,North,4,652,116.06,16-08-2023,,
O1852,Mouse,Accessories,South,6,2940,609.99,16-08-2023,,
O1853,Headphones,Accessories,East,4,3912,454.89,17-08-2023,,
O1854,Tablet,Electronics,South,8,9392,891.07,17-08-2023,,
O1855,Monitor,Accessories,West,1,312,43.01,17-08-2023,,
O1856,Laptop,Electronics,East,9,7731,1459.74,18-08-2023,,
O1857,Tablet,Electronics,West,1,1081,229.32,18-08-2023,,
O1858,Smartphone,Electronics,West,6,1926,393.01,18-08-2023,,
O1859,Monitor,Accessories,East,3,936,88.51,18-08-2023,,
O1860,Laptop,Electronics,South,9,8550,1970.98,19-08-2023,,
O1861,Monitor,Accessories,North,4,2468,457.51,19-08-2023,,
O1862,Tablet,Electronics,West,3,801,90.34,19-08-2023,,
O1863,Laptop,Electronics,East,9,2655,701.11,19-08-2023,,
O1864,Smartwatch,Electronics,West,8,3928,700.38,19-08-2023,,
O1865,Monitor,Accessories,East,8,6488,1438.34,19-08-2023,,
O1866,Headphones,Accessories,West,9,7695,1749.26,20-08-2023,,
O1867,Headphones,Accessories,West,2,1856,468.19,20-08-2023,,
O1868,Smartwatch,Electronics,North,7,1519,403.63,20-08-2023,,
O1869,Tablet,Electronics,West,3,3549,996.05,20-08-2023,,
O1870,Laptop,Electronics,East,3,1656,378.84,20-08-2023,,
O1871,Keyboard,Accessories,North,7,812,175.55,20-08-2023,,
O1872,Mouse,Accessories,North,5,3730,864.41,21-08-2023,,
O1873,Monitor,Accessories,South,1,1161,210.87,21-08-2023,,
O1874,Headphones,Accessories,North,3,2256,282.52,21-08-2023,,
O1875,Monitor,Accessories,East,1,359,78.17,22-08-2023,,
O1876,Headphones,Accessories,East,2,130,11.1,22-08-2023,,
O1877,Mouse,Accessories,South,8,4248,831.54,22-08-2023,,
O1878,Camera,Electronics,South,5,1825,221.47,22-08-2023,,
O1879,Keyboard,Accessories,East,2,876,224.01,23-08-2023,,
O1880,Camera,Electronics,North,9,9180,2752.84,23-08-2023,,
O1881,Monitor,Accessories,West,5,1765,160.89,23-08-2023,,
O1882,Monitor,Accessories,South,2,1504,164.51,23-08-2023,,
O1883,Keyboard,Accessories,South,9,1881,430.78,24-08-2023,,
O1884,Keyboard,Accessories,East,9,7425,1533.72,24-08-2023,,
O1885,Tablet,Electronics,East,9,720,192.83,24-08-2023,,
O1886,Smartphone,Electronics,West,5,2985,698.22,24-08-2023,,
O1887,Laptop,Electronics,North,9,711,200.11,26-08-2023,,
O1888,Printer,Office,South,6,6276,1396.25,27-08-2023,,
O1889,Mouse,Accessories,East,7,7966,955.8,27-08-2023,,
O1890,Headphones,Accessories,East,8,4200,854.89,27-08-2023,,
O1891,Laptop,Electronics,East,7,455,80,28-08-2023,,
O1892,Keyboard,Accessories,South,8,5040,465.36,29-08-2023,,
O1893,Mouse,Accessories,East,1,856,87.69,29-08-2023,,
O1894,Monitor,Accessories,West,5,5230,385.77,29-08-2023,,
O1895,Laptop,Electronics,South,5,4635,769.03,29-08-2023,,
O1896,Laptop,Electronics,East,6,5508,360.28,30-08-2023,,
O1897,Smartphone,Electronics,North,1,258,27.01,30-08-2023,,
O1898,Smartphone,Electronics,East,1,677,88.41,30-08-2023,,
O1899,Monitor,Accessories,West,5,4545,755.05,30-08-2023,,
O1900,Smartphone,Electronics,South,5,4370,1255.36,31-08-2023,,
O1901,Keyboard,Accessories,East,3,372,57.51,31-08-2023,,
O1902,Camera,Electronics,West,9,3177,629.96,01-09-2023,,
O1903,Printer,Office,South,7,1659,127.48,01-09-2023,,
O1904,Tablet,Electronics,South,3,3360,759.31,03-09-2023,,
O1905,Smartphone,Electronics,West,2,1132,290.56,03-09-2023,,
O1906,Smartwatch,Electronics,East,5,1815,468.62,03-09-2023,,
O1907,Mouse,Accessories,North,1,459,125.19,04-09-2023,,
O1908,Smartphone,Electronics,West,1,1128,73.74,04-09-2023,,
O1909,Monitor,Accessories,East,6,1170,104.63,04-09-2023,,
O1910,Smartwatch,Electronics,North,5,4420,380.69,04-09-2023,,
O1911,Smartphone,Electronics,West,6,456,69.15,04-09-2023,,
O1912,Tablet,Electronics,North,2,1458,154.79,04-09-2023,,
O1913,Monitor,Accessories,West,7,2989,197.58,05-09-2023,,
O1914,Camera,Electronics,North,4,3424,845.68,06-09-2023,,
O1915,Mouse,Accessories,West,2,1226,124.25,06-09-2023,,
O1916,Laptop,Electronics,North,8,6760,1097.63,07-09-2023,,
O1917,Smartphone,Electronics,West,1,111,13.61,08-09-2023,,
O1918,Printer,Office,North,5,3275,222.29,09-09-2023,,
O1919,Headphones,Accessories,North,3,2508,498.69,09-09-2023,,
O1920,Keyboard,Accessories,South,8,904,202.35,10-09-2023,,
O1921,Printer,Office,West,3,1506,427.84,10-09-2023,,
O1922,Smartphone,Electronics,South,3,987,97.01,10-09-2023,,
O1923,Smartphone,Electronics,East,7,2968,728.94,10-09-2023,,
O1924,Mouse,Accessories,South,5,4200,746.86,10-09-2023,,
O1925,Smartwatch,Electronics,North,5,1645,313.66,11-09-2023,,
O1926,Printer,Office,East,3,3282,492.59,11-09-2023,,
O1927,Headphones,Accessories,East,9,4914,1160.45,11-09-2023,,
O1928,Laptop,Electronics,North,6,3924,762.96,11-09-2023,,
O1929,Headphones,Accessories,South,6,420,65.62,11-09-2023,,
O1930,Printer,Office,West,4,1544,106.02,12-09-2023,,
O1931,Headphones,Accessories,East,2,2046,233.47,12-09-2023,,
O1932,Headphones,Accessories,West,2,1548,157.48,12-09-2023,,
O1933,Keyboard,Accessories,North,4,3184,478.27,12-09-2023,,
O1934,Printer,Office,South,5,3385,774.86,12-09-2023,,
O1935,Monitor,Accessories,North,1,59,10.32,13-09-2023,,
O1936,Monitor,Accessories,South,8,5976,1016.99,13-09-2023,,
O1937,Mouse,Accessories,West,3,1791,122.5,13-09-2023,,
O1938,Smartwatch,Electronics,West,2,1644,189.32,13-09-2023,,
O1939,Tablet,Electronics,West,8,6584,544.62,13-09-2023,,
O1940,Headphones,Accessories,East,5,1620,325.87,13-09-2023,,
O1941,Mouse,Accessories,West,9,2736,407.22,13-09-2023,,
O1942,Monitor,Accessories,South,4,1064,274.47,14-09-2023,,
O1943,Camera,Electronics,South,7,2667,363.5,14-09-2023,,
O1944,Headphones,Accessories,South,3,735,217.79,14-09-2023,,
O1945,Laptop,Electronics,East,1,58,11.25,15-09-2023,,
O1946,Camera,Electronics,South,7,3136,850.3,15-09-2023,,
O1947,Mouse,Accessories,East,4,3936,374.34,15-09-2023,,
O1948,Smartphone,Electronics,East,9,6102,947.91,15-09-2023,,
O1949,Smartphone,Electronics,North,8,9408,552.44,16-09-2023,,
O1950,Mouse,Accessories,South,9,7875,1243.56,16-09-2023,,
O1951,Keyboard,Accessories,North,9,9900,576.8,16-09-2023,,
O1952,Keyboard,Accessories,North,2,430,114.91,16-09-2023,,
O1953,Mouse,Accessories,South,3,813,238.1,17-09-2023,,
O1954,Camera,Electronics,South,4,4176,980.11,17-09-2023,,
O1955,Camera,Electronics,South,4,3084,348.38,17-09-2023,,
O1956,Mouse,Accessories,West,7,8008,1593.65,18-09-2023,,
O1957,Smartwatch,Electronics,South,4,4608,963.5,18-09-2023,,
O1958,Headphones,Accessories,West,4,4356,614.62,18-09-2023,,
O1959,Printer,Office,South,1,566,169.17,18-09-2023,,
O1960,Laptop,Electronics,East,7,945,75.21,19-09-2023,,
O1961,Smartwatch,Electronics,North,4,2200,484.33,19-09-2023,,
O1962,Mouse,Accessories,North,1,746,131.25,19-09-2023,,
O1963,Monitor,Accessories,East,5,3505,678.18,20-09-2023,,
O1964,Monitor,Accessories,East,5,4795,819.12,20-09-2023,,
O1965,Monitor,Accessories,North,5,4590,650.05,20-09-2023,,
O1966,Monitor,Accessories,North,4,2092,467.02,20-09-2023,,
O1967,Mouse,Accessories,South,8,3568,334.13,20-09-2023,,
O1968,Smartphone,Electronics,West,9,10404,2028.21,20-09-2023,,
O1969,Printer,Office,South,9,7029,1005.58,21-09-2023,,
O1970,Laptop,Electronics,West,8,664,126.6,21-09-2023,,
O1971,Tablet,Electronics,West,3,1923,274,21-09-2023,,
O1972,Printer,Office,West,7,2471,566.51,21-09-2023,,
O1973,Smartphone,Electronics,North,2,258,64.12,21-09-2023,,
O1974,Smartwatch,Electronics,East,9,1134,267.26,22-09-2023,,
O1975,Headphones,Accessories,East,5,855,238.83,22-09-2023,,
O1976,Smartwatch,Electronics,West,9,3231,670.85,23-09-2023,,
O1977,Tablet,Electronics,South,7,3591,266.59,23-09-2023,,
O1978,Camera,Electronics,East,2,254,20.48,24-09-2023,,
O1979,Smartphone,Electronics,South,5,5930,1193.32,24-09-2023,,
O1980,Headphones,Accessories,West,2,1344,297.99,24-09-2023,,
O1981,Laptop,Electronics,East,1,920,98.31,24-09-2023,,
O1982,Printer,Office,North,9,5454,385.51,25-09-2023,,
O1983,Laptop,Electronics,West,8,9512,663.23,25-09-2023,,
O1984,Mouse,Accessories,North,4,2972,827.46,25-09-2023,,
O1985,Smartwatch,Electronics,West,3,3360,465.02,26-09-2023,,
O1986,Tablet,Electronics,West,4,1004,240.13,26-09-2023,,
O1987,Headphones,Accessories,West,2,1944,332.55,26-09-2023,,
O1988,Monitor,Accessories,East,5,5055,1200.09,26-09-2023,,
O1989,Smartwatch,Electronics,West,2,128,8.33,27-09-2023,,
O1990,Smartphone,Electronics,East,3,633,163.03,27-09-2023,,
O1991,Printer,Office,South,3,2523,506.7,29-09-2023,,
O1992,Printer,Office,West,1,196,39.6,29-09-2023,,
O1993,Printer,Office,East,9,4212,552.96,29-09-2023,,
O1994,Monitor,Accessories,North,1,63,17.29,30-09-2023,,
O1995,Mouse,Accessories,South,8,2752,394.66,30-09-2023,,
O1996,Mouse,Accessories,West,3,1989,419.61,01-10-2023,,
O1997,Laptop,Electronics,East,8,8032,466.19,01-10-2023,,
O1998,Tablet,Electronics,South,6,3702,407.34,01-10-2023,,
O1999,Smartwatch,Electronics,East,8,456,90.24,01-10-2023,,
O2000,Camera,Electronics,West,7,5355,1143.16,01-10-2023,,
O2001,Camera,Electronics,West,1,972,261.91,01-10-2023,,
O2002,Headphones,Accessories,South,5,3290,797.82,01-10-2023,,
O2003,Laptop,Electronics,East,1,735,139.31,01-10-2023,,
O2004,Tablet,Electronics,North,3,3336,798.26,01-10-2023,,
O2005,Keyboard,Accessories,West,3,2082,346.53,02-10-2023,,
O2006,Keyboard,Accessories,East,2,1340,129.89,02-10-2023,,
O2007,Laptop,Electronics,East,5,1160,227.13,02-10-2023,,
O2008,Monitor,Accessories,East,4,1272,299.84,03-10-2023,,
O2009,Printer,Office,West,3,2817,588.47,03-10-2023,,
O2010,Monitor,Accessories,East,3,1464,264.67,04-10-2023,,
O2011,Headphones,Accessories,West,1,307,60.51,04-10-2023,,
O2012,Tablet,Electronics,West,6,5706,1306.92,05-10-2023,,
O2013,Headphones,Accessories,North,1,1112,100.47,05-10-2023,,
O2014,Keyboard,Accessories,West,1,1147,133.48,05-10-2023,,
O2015,Laptop,Electronics,North,2,330,66.57,06-10-2023,,
O2016,Monitor,Accessories,North,4,2176,250.89,08-10-2023,,
O2017,Headphones,Accessories,South,7,7616,1317.79,08-10-2023,,
O2018,Printer,Office,North,1,1091,258.3,08-10-2023,,
O2019,Tablet,Electronics,East,2,1026,279.76,09-10-2023,,
O2020,Tablet,Electronics,West,2,210,42.04,09-10-2023,,
O2021,Printer,Office,North,2,180,10.78,09-10-2023,,
O2022,Tablet,Electronics,North,4,380,72.88,09-10-2023,,
O2023,Monitor,Accessories,West,8,7664,1580.55,09-10-2023,,
O2024,Smartphone,Electronics,East,8,6056,1029.9,09-10-2023,,
O2025,Mouse,Accessories,North,6,606,104.52,10-10-2023,,
O2026,Monitor,Accessories,North,3,750,193.86,10-10-2023,,
O2027,Printer,Office,East,2,1218,218.88,10-10-2023,,
O2028,Laptop,Electronics,West,2,2162,355.45,10-10-2023,,
O2029,Headphones,Accessories,East,9,2223,347.01,11-10-2023,,
O2030,Smartphone,Electronics,West,7,4452,920.05,11-10-2023,,
O2031,Printer,Office,West,1,184,50.19,12-10-2023,,
O2032,Headphones,Accessories,North,3,288,77.38,12-10-2023,,
O2033,Camera,Electronics,West,2,834,150.12,12-10-2023,,
O2034,Keyboard,Accessories,East,5,4025,923.17,12-10-2023,,
O2035,Headphones,Accessories,West,7,4732,1084.28,13-10-2023,,
O2036,Headphones,Accessories,West,5,4025,407.72,13-10-2023,,
O2037,Printer,Office,South,8,2416,500.93,13-10-2023,,
O2038,Tablet,Electronics,North,7,1897,524.69,13-10-2023,,
O2039,Mouse,Accessories,East,4,840,190.13,13-10-2023,,
O2040,Mouse,Accessories,North,8,6600,360.45,13-10-2023,,
O2041,Laptop,Electronics,West,2,2362,342.27,14-10-2023,,
O2042,Headphones,Accessories,South,6,2958,577.27,14-10-2023,,
O2043,Tablet,Electronics,East,1,477,56.49,14-10-2023,,
O2044,Keyboard,Accessories,North,3,942,84.8,14-10-2023,,
O2045,Camera,Electronics,East,2,2084,586.72,15-10-2023,,
O2046,Tablet,Electronics,West,6,4584,473.37,15-10-2023,,
O2047,Printer,Office,East,1,1118,319.28,16-10-2023,,
O2048,Mouse,Accessories,North,9,4005,652.15,17-10-2023,,
O2049,Smartwatch,Electronics,East,5,4610,1293.37,17-10-2023,,
O2050,Keyboard,Accessories,South,1,551,86.84,17-10-2023,,
O2051,Printer,Office,West,1,75,19.29,18-10-2023,,
O2052,Mouse,Accessories,South,6,6576,1899.67,18-10-2023,,
O2053,Printer,Office,North,6,6432,1410.52,19-10-2023,,
O2054,Headphones,Accessories,South,7,7763,1444.27,19-10-2023,,
O2055,Monitor,Accessories,East,7,2240,622.29,19-10-2023,,
O2056,Headphones,Accessories,East,6,5298,1209.88,19-10-2023,,
O2057,Smartwatch,Electronics,North,2,116,32.27,20-10-2023,,
O2058,Tablet,Electronics,East,8,6728,1140.19,20-10-2023,,
O2059,Monitor,Accessories,North,5,490,55.59,20-10-2023,,
O2060,Monitor,Accessories,North,7,2765,699.86,20-10-2023,,
O2061,Smartphone,Electronics,West,8,2680,598.97,22-10-2023,,
O2062,Camera,Electronics,East,2,2174,335.37,22-10-2023,,
O2063,Monitor,Accessories,North,9,5562,1258.12,23-10-2023,,
O2064,Smartphone,Electronics,East,8,9208,2595.33,23-10-2023,,
O2065,Smartphone,Electronics,West,4,4512,546.71,23-10-2023,,
O2066,Camera,Electronics,West,9,7974,1965.96,23-10-2023,,
O2067,Monitor,Accessories,East,6,4944,1335.04,24-10-2023,,
O2068,Printer,Office,South,3,1611,234.84,24-10-2023,,
O2069,Smartwatch,Electronics,West,9,4599,618.89,24-10-2023,,
O2070,Laptop,Electronics,East,6,4380,419.3,24-10-2023,,
O2071,Headphones,Accessories,South,2,2376,580.26,24-10-2023,,
O2072,Monitor,Accessories,South,9,6588,1800.9,24-10-2023,,
O2073,Mouse,Accessories,East,5,3745,720.08,25-10-2023,,
O2074,Camera,Electronics,North,5,5305,1389.25,25-10-2023,,
O2075,Tablet,Electronics,North,8,1608,332.12,25-10-2023,,
O2076,Monitor,Accessories,East,9,4977,745.81,26-10-2023,,
O2077,Smartphone,Electronics,East,7,4529,273.97,26-10-2023,,
O2078,Camera,Electronics,West,7,4690,319.42,26-10-2023,,
O2079,Keyboard,Accessories,East,4,2424,544.07,26-10-2023,,
O2080,Keyboard,Accessories,North,6,3594,610.77,27-10-2023,,
O2081,Keyboard,Accessories,North,7,3962,491.9,28-10-2023,,
O2082,Camera,Electronics,East,2,944,149.38,28-10-2023,,
O2083,Smartwatch,Electronics,West,6,6792,1787.97,29-10-2023,,
O2084,Tablet,Electronics,North,7,6804,1383.81,29-10-2023,,
O2085,Camera,Electronics,South,6,816,98.75,30-10-2023,,
O2086,Monitor,Accessories,North,6,5916,544.59,30-10-2023,,
O2087,Mouse,Accessories,South,5,5730,310.58,01-11-2023,,
O2088,Headphones,Accessories,East,7,8288,785.54,01-11-2023,,
O2089,Headphones,Accessories,South,2,2046,394.93,01-11-2023,,
O2090,Tablet,Electronics,East,9,5031,1149.48,02-11-2023,,
O2091,Keyboard,Accessories,South,9,1764,417.95,03-11-2023,,
O2092,Laptop,Electronics,South,8,1880,486.88,04-11-2023,,
O2093,Smartwatch,Electronics,West,2,200,10.45,04-11-2023,,
O2094,Mouse,Accessories,East,3,2688,476.77,04-11-2023,,
O2095,Laptop,Electronics,West,4,3216,213.81,04-11-2023,,
O2096,Camera,Electronics,East,8,8440,1504.18,04-11-2023,,
O2097,Tablet,Electronics,East,7,1582,208.42,05-11-2023,,
O2098,Laptop,Electronics,North,1,58,10.79,05-11-2023,,
O2099,Smartwatch,Electronics,West,8,608,163.18,05-11-2023,,
O2100,Smartphone,Electronics,North,3,183,41.82,05-11-2023,,
O2101,Monitor,Accessories,West,5,3105,744.26,06-11-2023,,
O2102,Monitor,Accessories,North,5,2450,485.18,06-11-2023,,
O2103,Laptop,Electronics,North,3,3024,622.29,06-11-2023,,
O2104,Printer,Office,East,4,3856,747.79,06-11-2023,,
O2105,Keyboard,Accessories,West,7,532,121.03,06-11-2023,,
O2106,Smartphone,Electronics,South,4,3152,307.62,07-11-2023,,
O2107,Monitor,Accessories,East,9,8586,1555.82,08-11-2023,,
O2108,Monitor,Accessories,South,2,1046,273.38,08-11-2023,,
O2109,Tablet,Electronics,West,4,3452,560.31,09-11-2023,,
O2110,Monitor,Accessories,West,4,2368,361.02,10-11-2023,,
O2111,Camera,Electronics,South,2,1924,422.25,10-11-2023,,
O2112,Laptop,Electronics,West,5,4580,1148.06,11-11-2023,,
O2113,Headphones,Accessories,East,5,3735,423.94,11-11-2023,,
O2114,Monitor,Accessories,North,4,2476,417.16,12-11-2023,,
O2115,Laptop,Electronics,South,2,162,16.51,12-11-2023,,
O2116,Printer,Office,West,3,258,38.03,12-11-2023,,
O2117,Keyboard,Accessories,East,4,3524,998.29,12-11-2023,,
O2118,Smartwatch,Electronics,South,8,6184,1796.9,12-11-2023,,
O2119,Monitor,Accessories,West,6,3750,645.69,13-11-2023,,
O2120,Mouse,Accessories,South,5,1465,424.64,13-11-2023,,
O2121,Camera,Electronics,North,4,4480,412.05,13-11-2023,,
O2122,Laptop,Electronics,North,8,1544,281.22,14-11-2023,,
O2123,Headphones,Accessories,North,9,7974,1181.04,15-11-2023,,
O2124,Printer,Office,East,5,5920,1679.15,15-11-2023,,
O2125,Smartwatch,Electronics,South,8,8792,2045.54,15-11-2023,,
O2126,Smartwatch,Electronics,East,1,294,52.37,16-11-2023,,
O2127,Camera,Electronics,East,7,1169,264.37,16-11-2023,,
O2128,Camera,Electronics,West,8,9232,880.52,16-11-2023,,
O2129,Headphones,Accessories,South,4,1396,135.48,16-11-2023,,
O2130,Camera,Electronics,North,9,10188,1408.18,17-11-2023,,
O2131,Monitor,Accessories,West,2,222,23.65,17-11-2023,,
O2132,Monitor,Accessories,West,2,1328,358.07,17-11-2023,,
O2133,Printer,Office,East,9,5085,488.63,18-11-2023,,
O2134,Mouse,Accessories,West,3,1245,229.73,18-11-2023,,
O2135,Tablet,Electronics,South,2,960,124.02,19-11-2023,,
O2136,Smartphone,Electronics,West,9,5553,329.79,19-11-2023,,
O2137,Keyboard,Accessories,North,2,1790,236.76,19-11-2023,,
O2138,Keyboard,Accessories,West,8,2712,247.84,19-11-2023,,
O2139,Laptop,Electronics,North,1,632,89.14,20-11-2023,,
O2140,Headphones,Accessories,South,8,4904,520.74,20-11-2023,,
O2141,Keyboard,Accessories,South,1,361,58.8,20-11-2023,,
O2142,Printer,Office,West,9,7290,841.07,20-11-2023,,
O2143,Smartwatch,Electronics,South,4,2052,181.64,20-11-2023,,
O2144,Mouse,Accessories,North,3,1842,112.85,21-11-2023,,
O2145,Mouse,Accessories,North,9,10593,2488.69,21-11-2023,,
O2146,Camera,Electronics,South,6,1218,129.36,22-11-2023,,
O2147,Mouse,Accessories,South,5,4240,426.41,22-11-2023,,
O2148,Keyboard,Accessories,East,2,226,38.52,22-11-2023,,
O2149,Camera,Electronics,East,6,5154,1072.8,22-11-2023,,
O2150,Mouse,Accessories,North,6,1236,304.88,22-11-2023,,
O2151,Tablet,Electronics,South,1,1179,159.42,22-11-2023,,
O2152,Printer,Office,West,5,2275,313.5,22-11-2023,,
O2153,Smartwatch,Electronics,North,7,6188,1231.3,23-11-2023,,
O2154,Headphones,Accessories,West,3,2946,666.99,23-11-2023,,
O2155,Headphones,Accessories,South,5,5085,1172.12,23-11-2023,,
O2156,Keyboard,Accessories,North,2,712,205.53,23-11-2023,,
O2157,Smartwatch,Electronics,East,6,648,62.25,24-11-2023,,
O2158,Mouse,Accessories,North,5,2735,483.2,24-11-2023,,
O2159,Printer,Office,North,6,2910,173.45,24-11-2023,,
O2160,Smartwatch,Electronics,South,1,263,69.39,24-11-2023,,
O2161,Smartphone,Electronics,North,2,876,66.68,25-11-2023,,
O2162,Mouse,Accessories,West,1,913,162.24,25-11-2023,,
O2163,Laptop,Electronics,South,9,594,93.92,25-11-2023,,
O2164,Headphones,Accessories,South,2,956,202.14,25-11-2023,,
O2165,Laptop,Electronics,East,7,7301,2026.43,26-11-2023,,
O2166,Headphones,Accessories,South,6,5754,1628.61,27-11-2023,,
O2167,Headphones,Accessories,East,4,1372,274.47,27-11-2023,,
O2168,Headphones,Accessories,North,8,920,214.27,27-11-2023,,
O2169,Smartphone,Electronics,North,3,885,150.79,28-11-2023,,
O2170,Camera,Electronics,North,1,379,39.41,28-11-2023,,
O2171,Headphones,Accessories,West,8,1024,201.92,28-11-2023,,
O2172,Keyboard,Accessories,West,4,4312,388.48,28-11-2023,,
O2173,Mouse,Accessories,East,5,5030,540.73,29-11-2023,,
O2174,Smartphone,Electronics,West,2,1438,315.83,29-11-2023,,
O2175,Keyboard,Accessories,South,1,419,108.36,29-11-2023,,
O2176,Headphones,Accessories,East,3,3519,935.72,29-11-2023,,
O2177,Tablet,Electronics,East,8,2912,451.97,29-11-2023,,
O2178,Smartphone,Electronics,North,5,4005,226.09,29-11-2023,,
O2179,Smartwatch,Electronics,South,5,2075,271.71,30-11-2023,,
O2180,Laptop,Electronics,South,2,120,7.74,30-11-2023,,
O2181,Camera,Electronics,North,4,564,32.8,30-11-2023,,
O2182,Smartwatch,Electronics,East,2,486,62.58,30-11-2023,,
O2183,Smartwatch,Electronics,East,2,1488,342.87,30-11-2023,,
O2184,Laptop,Electronics,West,6,3096,277.68,01-12-2023,,
O2185,Smartwatch,Electronics,West,8,6488,1845.07,01-12-2023,,
O2186,Smartwatch,Electronics,West,4,4284,848.44,01-12-2023,,
O2187,Smartwatch,Electronics,North,8,1864,110.81,01-12-2023,,
O2188,Camera,Electronics,West,5,4435,954.12,01-12-2023,,
O2189,Camera,Electronics,East,4,3296,460.98,01-12-2023,,
O2190,Mouse,Accessories,East,3,780,217.92,01-12-2023,,
O2191,Smartwatch,Electronics,East,7,4396,962.61,02-12-2023,,
O2192,Keyboard,Accessories,South,6,1362,202.68,03-12-2023,,
O2193,Mouse,Accessories,East,7,3843,378.03,03-12-2023,,
O2194,Printer,Office,East,2,2080,450.24,03-12-2023,,
O2195,Mouse,Accessories,South,5,1210,201.45,04-12-2023,,
O2196,Printer,Office,West,3,2316,356.5,04-12-2023,,
O2197,Monitor,Accessories,West,6,3366,614.22,04-12-2023,,
O2198,Tablet,Electronics,West,9,6507,1075.51,04-12-2023,,
O2199,Mouse,Accessories,South,1,384,35.36,04-12-2023,,
O2200,Laptop,Electronics,South,5,3625,563.95,04-12-2023,,
O2201,Tablet,Electronics,South,1,400,45.16,04-12-2023,,
O2202,Monitor,Accessories,North,5,2880,209.58,05-12-2023,,
O2203,Printer,Office,West,6,1608,302.32,05-12-2023,,
O2204,Headphones,Accessories,South,2,1574,196.84,05-12-2023,,
O2205,Keyboard,Accessories,East,3,2478,584.37,05-12-2023,,
O2206,Headphones,Accessories,East,8,8872,1486.58,05-12-2023,,
O2207,Printer,Office,East,8,2320,668.63,05-12-2023,,
O2208,Headphones,Accessories,West,3,171,9.02,05-12-2023,,
O2209,Keyboard,Accessories,South,8,4536,627.13,05-12-2023,,
O2210,Headphones,Accessories,South,3,1308,73.28,06-12-2023,,
O2211,Laptop,Electronics,North,4,4048,641.23,06-12-2023,,
O2212,Tablet,Electronics,East,9,4041,963.58,06-12-2023,,
O2213,Headphones,Accessories,South,5,5665,332.46,07-12-2023,,
O2214,Mouse,Accessories,South,6,6876,1029.92,07-12-2023,,
O2215,Monitor,Accessories,South,1,617,145.37,07-12-2023,,
O2216,Monitor,Accessories,South,6,1440,130.4,08-12-2023,,
O2217,Smartwatch,Electronics,East,8,472,116.36,08-12-2023,,
O2218,Laptop,Electronics,North,5,5640,1227.77,09-12-2023,,
O2219,Headphones,Accessories,West,6,2640,668.12,09-12-2023,,
O2220,Smartphone,Electronics,South,3,768,72.67,09-12-2023,,
O2221,Keyboard,Accessories,South,1,725,81.96,10-12-2023,,
O2222,Headphones,Accessories,North,8,1080,210.69,10-12-2023,,
O2223,Headphones,Accessories,South,1,393,40.34,11-12-2023,,
O2224,Smartwatch,Electronics,North,4,1264,371.92,11-12-2023,,
O2225,Headphones,Accessories,South,9,4797,1193.95,11-12-2023,,
O2226,Tablet,Electronics,East,8,2080,151.14,11-12-2023,,
O2227,Camera,Electronics,West,4,3812,312.8,11-12-2023,,
O2228,Mouse,Accessories,West,5,3695,463.57,12-12-2023,,
O2229,Mouse,Accessories,South,1,1159,344.22,12-12-2023,,
O2230,Tablet,Electronics,West,9,4149,605.52,12-12-2023,,
O2231,Keyboard,Accessories,East,2,1446,171.73,12-12-2023,,
O2232,Laptop,Electronics,South,1,225,48.82,13-12-2023,,
O2233,Headphones,Accessories,South,1,355,26.8,13-12-2023,,
O2234,Tablet,Electronics,West,7,3164,166.4,13-12-2023,,
O2235,Smartwatch,Electronics,East,1,498,38.67,13-12-2023,,
O2236,Headphones,Accessories,South,5,1315,217.79,14-12-2023,,
O2237,Headphones,Accessories,North,5,2805,438.89,15-12-2023,,
O2238,Monitor,Accessories,East,5,5180,726.62,15-12-2023,,
O2239,Camera,Electronics,North,5,4045,203.35,16-12-2023,,
O2240,Laptop,Electronics,North,9,8793,2262.43,16-12-2023,,
O2241,Headphones,Accessories,South,8,2592,526.38,16-12-2023,,
O2242,Keyboard,Accessories,East,7,7819,1708.84,16-12-2023,,
O2243,Smartwatch,Electronics,North,7,2919,325.35,16-12-2023,,
O2244,Printer,Office,South,3,768,85.37,17-12-2023,,
O2245,Smartphone,Electronics,West,2,1736,388.09,17-12-2023,,
O2246,Smartwatch,Electronics,South,7,6293,389.22,17-12-2023,,
O2247,Headphones,Accessories,South,6,3684,477.02,17-12-2023,,
O2248,Printer,Office,South,9,8370,1064.65,18-12-2023,,
O2249,Keyboard,Accessories,South,4,3788,875.54,18-12-2023,,
O2250,Laptop,Electronics,West,8,8296,1884.18,18-12-2023,,
O2251,Tablet,Electronics,West,5,325,21.01,18-12-2023,,
O2252,Camera,Electronics,North,2,2216,444.36,18-12-2023,,
O2253,Laptop,Electronics,North,8,7064,1873.02,18-12-2023,,
O2254,Mouse,Accessories,East,9,2538,575.41,19-12-2023,,
O2255,Headphones,Accessories,North,1,1151,77.22,19-12-2023,,
O2256,Keyboard,Accessories,East,1,717,137.27,19-12-2023,,
O2257,Smartwatch,Electronics,East,8,3048,444.3,19-12-2023,,
O2258,Keyboard,Accessories,South,3,2070,163.23,19-12-2023,,
O2259,Camera,Electronics,East,5,3630,537.93,19-12-2023,,
O2260,Tablet,Electronics,East,7,896,219.98,19-12-2023,,
O2261,Tablet,Electronics,East,7,1981,311.44,20-12-2023,,
O2262,Headphones,Accessories,West,6,7140,605.22,20-12-2023,,
O2263,Monitor,Accessories,North,5,1015,85.06,20-12-2023,,
O2264,Headphones,Accessories,North,4,524,52.31,20-12-2023,,
O2265,Smartwatch,Electronics,North,2,1678,372.78,21-12-2023,,
O2266,Tablet,Electronics,South,4,3260,969.76,21-12-2023,,
O2267,Headphones,Accessories,South,5,720,214.31,21-12-2023,,
O2268,Printer,Office,West,4,1792,417.99,22-12-2023,,
O2269,Tablet,Electronics,South,9,3096,505.08,22-12-2023,,
O2270,Keyboard,Accessories,South,5,1400,273.39,22-12-2023,,
O2271,Smartwatch,Electronics,North,4,508,37.94,24-12-2023,,
O2272,Tablet,Electronics,East,7,2646,380.83,24-12-2023,,
O2273,Mouse,Accessories,East,1,357,79.86,24-12-2023,,
O2274,Tablet,Electronics,North,1,373,53.15,24-12-2023,,
O2275,Smartphone,Electronics,East,1,266,55.52,24-12-2023,,
O2276,Smartphone,Electronics,North,4,344,25.7,25-12-2023,,
O2277,Smartphone,Electronics,North,7,1806,308.92,25-12-2023,,
O2278,Printer,Office,North,9,7281,396.28,25-12-2023,,
O2279,Smartwatch,Electronics,West,7,3094,463.72,26-12-2023,,
O2280,Keyboard,Accessories,East,2,252,67.37,26-12-2023,,
O2281,Camera,Electronics,East,9,2691,761.16,26-12-2023,,
O2282,Printer,Office,West,6,990,102.83,27-12-2023,,
O2283,Smartwatch,Electronics,South,4,3236,655.18,27-12-2023,,
O2284,Laptop,Electronics,East,4,1076,124.56,27-12-2023,,
O2285,Tablet,Electronics,North,4,1428,160.54,28-12-2023,,
O2286,Keyboard,Accessories,East,5,1000,292.04,28-12-2023,,
O2287,Smartwatch,Electronics,South,9,3429,998.82,28-12-2023,,
O2288,Monitor,Accessories,West,5,4730,1416.1,28-12-2023,,
O2289,Monitor,Accessories,South,6,6630,512.6,29-12-2023,,
O2290,Camera,Electronics,South,7,2296,138.93,29-12-2023,,
O2291,Monitor,Accessories,East,7,7420,1107.31,29-12-2023,,
O2292,Printer,Office,South,7,2338,531.5,29-12-2023,,
O2293,Keyboard,Accessories,South,7,4039,420.29,30-12-2023,,
O2294,Laptop,Electronics,East,2,990,76.87,30-12-2023,,
O2295,Laptop,Electronics,West,1,733,54.11,31-12-2023,,
O2296,Smartphone,Electronics,East,3,2421,334.61,31-12-2023,,
O2297,Keyboard,Accessories,East,8,832,214.81,31-12-2023,,
O2298,Smartwatch,Electronics,East,1,483,98.15,31-12-2023,,
O2299,Keyboard,Accessories,North,6,2508,480.48,01-01-2024,,
O2300,Keyboard,Accessories,North,7,4032,426.13,02-01-2024,,
O2301,Keyboard,Accessories,East,8,3208,840.97,02-01-2024,,
O2302,Smartwatch,Electronics,South,6,3402,857.61,02-01-2024,,
O2303,Headphones,Accessories,North,1,541,52.5,02-01-2024,,
O2304,Smartwatch,Electronics,West,7,1806,129.6,03-01-2024,,
O2305,Headphones,Accessories,South,3,2433,515.28,03-01-2024,,
O2306,Keyboard,Accessories,East,6,5880,454.19,03-01-2024,,
O2307,Mouse,Accessories,West,3,3375,451.5,04-01-2024,,
O2308,Tablet,Electronics,North,8,6960,1913.58,04-01-2024,,
O2309,Keyboard,Accessories,West,4,316,32.79,05-01-2024,,
O2310,Tablet,Electronics,North,9,1404,89.43,05-01-2024,,
O2311,Keyboard,Accessories,North,9,5823,478.22,05-01-2024,,
O2312,Headphones,Accessories,South,6,2790,719.15,05-01-2024,,
O2313,Tablet,Electronics,West,7,1169,69.41,06-01-2024,,
O2314,Printer,Office,East,8,6016,406.13,07-01-2024,,
O2315,Smartwatch,Electronics,North,7,7154,1177.51,07-01-2024,,
O2316,Keyboard,Accessories,West,2,370,102.74,08-01-2024,,
O2317,Monitor,Accessories,West,1,430,113.57,08-01-2024,,
O2318,Smartwatch,Electronics,West,1,946,280.53,09-01-2024,,
O2319,Tablet,Electronics,South,8,984,73.84,09-01-2024,,
O2320,Keyboard,Accessories,East,9,1467,372.17,09-01-2024,,
O2321,Smartphone,Electronics,South,4,2444,155.42,10-01-2024,,
O2322,Mouse,Accessories,North,9,8640,1254.3,10-01-2024,,
O2323,Smartwatch,Electronics,West,9,3861,536.04,10-01-2024,,
O2324,Keyboard,Accessories,North,1,868,60.12,11-01-2024,,
O2325,Laptop,Electronics,South,9,1746,260.5,11-01-2024,,
O2326,Printer,Office,South,1,915,129.08,12-01-2024,,
O2327,Smartwatch,Electronics,East,9,3591,423,13-01-2024,,
O2328,Camera,Electronics,East,6,2562,612.36,13-01-2024,,
O2329,Smartwatch,Electronics,West,9,5382,1037.04,14-01-2024,,
O2330,Smartwatch,Electronics,East,4,2792,170.96,15-01-2024,,
O2331,Headphones,Accessories,East,4,2160,631.9,16-01-2024,,
O2332,Monitor,Accessories,West,7,6377,1332.86,16-01-2024,,
O2333,Smartphone,Electronics,East,8,5264,1051.5,16-01-2024,,
O2334,Laptop,Electronics,North,2,1346,196.5,16-01-2024,,
O2335,Camera,Electronics,South,7,7301,1311.65,16-01-2024,,
O2336,Keyboard,Accessories,South,2,2016,198.26,17-01-2024,,
O2337,Laptop,Electronics,North,6,1266,220.5,17-01-2024,,
O2338,Mouse,Accessories,West,2,140,35.18,17-01-2024,,
O2339,Camera,Electronics,East,8,6520,1073.62,17-01-2024,,
O2340,Keyboard,Accessories,East,1,582,29.91,17-01-2024,,
O2341,Printer,Office,West,1,245,14.5,17-01-2024,,
O2342,Mouse,Accessories,South,1,504,143.12,17-01-2024,,
O2343,Monitor,Accessories,South,6,6834,1211.75,18-01-2024,,
O2344,Headphones,Accessories,West,8,5712,1191.02,18-01-2024,,
O2345,Laptop,Electronics,South,5,4485,347.99,18-01-2024,,
O2346,Headphones,Accessories,West,8,2304,291.46,18-01-2024,,
O2347,Mouse,Accessories,North,6,6576,815.56,19-01-2024,,
O2348,Keyboard,Accessories,South,9,10629,2843.54,19-01-2024,,
O2349,Camera,Electronics,East,1,706,153.59,20-01-2024,,
O2350,Headphones,Accessories,South,1,977,103.82,20-01-2024,,
O2351,Smartwatch,Electronics,South,4,776,73.16,20-01-2024,,
O2352,Tablet,Electronics,West,4,3932,309.43,21-01-2024,,
O2353,Keyboard,Accessories,East,3,1263,368.46,21-01-2024,,
O2354,Keyboard,Accessories,East,8,7064,745.24,21-01-2024,,
O2355,Keyboard,Accessories,West,4,4740,746.77,22-01-2024,,
O2356,Printer,Office,South,7,4522,1137.23,22-01-2024,,
O2357,Tablet,Electronics,South,7,2009,183.19,22-01-2024,,
O2358,Smartphone,Electronics,East,2,2110,548.12,22-01-2024,,
O2359,Mouse,Accessories,West,1,95,6.97,23-01-2024,,
O2360,Smartwatch,Electronics,East,1,384,83.58,23-01-2024,,
O2361,Tablet,Electronics,North,3,3471,200.08,23-01-2024,,
O2362,Tablet,Electronics,West,4,2048,507.01,23-01-2024,,
O2363,Monitor,Accessories,South,8,9296,2581.06,24-01-2024,,
O2364,Laptop,Electronics,West,8,5272,1188.16,24-01-2024,,
O2365,Headphones,Accessories,East,1,619,127.58,24-01-2024,,
O2366,Laptop,Electronics,North,1,448,53.2,24-01-2024,,
O2367,Keyboard,Accessories,North,9,5004,1313.13,24-01-2024,,
O2368,Keyboard,Accessories,North,4,4716,704.99,25-01-2024,,
O2369,Printer,Office,West,9,7506,827.17,26-01-2024,,
O2370,Keyboard,Accessories,North,7,4095,883.56,26-01-2024,,
O2371,Smartwatch,Electronics,North,7,4459,1037.27,26-01-2024,,
O2372,Tablet,Electronics,South,5,620,62.49,26-01-2024,,
O2373,Smartwatch,Electronics,West,2,2362,185.89,27-01-2024,,
O2374,Printer,Office,North,2,606,154.99,27-01-2024,,
O2375,Camera,Electronics,East,4,1084,134.42,27-01-2024,,
O2376,Laptop,Electronics,North,8,2880,315.87,27-01-2024,,
O2377,Laptop,Electronics,West,8,4544,727.05,27-01-2024,,
O2378,Mouse,Accessories,West,4,556,85.63,28-01-2024,,
O2379,Laptop,Electronics,North,5,505,71.97,28-01-2024,,
O2380,Tablet,Electronics,West,5,2595,774.2,28-01-2024,,
O2381,Headphones,Accessories,South,5,2820,737.68,29-01-2024,,
O2382,Keyboard,Accessories,East,2,1018,297.21,29-01-2024,,
O2383,Laptop,Electronics,East,4,944,176.56,29-01-2024,,
O2384,Tablet,Electronics,East,1,610,44.99,30-01-2024,,
O2385,Camera,Electronics,South,4,912,81.65,30-01-2024,,
O2386,Monitor,Accessories,West,9,10413,1738.63,31-01-2024,,
O2387,Printer,Office,West,8,2176,398.29,31-01-2024,,
O2388,Printer,Office,East,6,6108,1488.4,31-01-2024,,
O2389,Mouse,Accessories,West,2,1148,173.89,01-02-2024,,
O2390,Monitor,Accessories,East,8,8824,597.1,01-02-2024,,
O2391,Headphones,Accessories,North,5,2240,159.58,01-02-2024,,
O2392,Camera,Electronics,North,2,1312,386.79,01-02-2024,,
O2393,Laptop,Electronics,South,9,10620,2946.93,01-02-2024,,
O2394,Tablet,Electronics,East,2,2178,574.4,02-02-2024,,
O2395,Monitor,Accessories,East,3,1671,94.52,02-02-2024,,
O2396,Monitor,Accessories,East,3,2025,355.59,03-02-2024,,
O2397,Mouse,Accessories,East,6,2886,355.32,03-02-2024,,
O2398,Printer,Office,East,2,1868,307.32,03-02-2024,,
O2399,Headphones,Accessories,East,4,3280,826.94,04-02-2024,,
O2400,Tablet,Electronics,West,2,1768,375.86,04-02-2024,,
O2401,Camera,Electronics,West,7,6937,1753.02,04-02-2024,,
O2402,Smartwatch,Electronics,North,6,3012,307.47,04-02-2024,,
O2403,Headphones,Accessories,South,3,777,147.93,05-02-2024,,
O2404,Smartphone,Electronics,East,6,4056,452.14,06-02-2024,,
O2405,Printer,Office,South,4,3212,514.92,06-02-2024,,
O2406,Smartwatch,Electronics,West,1,952,179.4,07-02-2024,,
O2407,Smartphone,Electronics,North,3,1674,106.24,07-02-2024,,
O2408,Smartwatch,Electronics,East,5,4315,1019.91,08-02-2024,,
O2409,Mouse,Accessories,North,7,1722,162.39,09-02-2024,,
O2410,Keyboard,Accessories,South,5,2895,334.35,09-02-2024,,
O2411,Tablet,Electronics,North,2,1280,335.22,10-02-2024,,
O2412,Headphones,Accessories,East,5,4295,414.42,10-02-2024,,
O2413,Printer,Office,South,6,4434,306.63,11-02-2024,,
O2414,Keyboard,Accessories,North,6,3816,623.78,11-02-2024,,
O2415,Headphones,Accessories,East,7,6335,1137.08,12-02-2024,,
O2416,Mouse,Accessories,West,3,315,78.41,13-02-2024,,
O2417,Camera,Electronics,East,2,626,168.82,13-02-2024,,
O2418,Smartwatch,Electronics,South,1,1140,85.75,13-02-2024,,
O2419,Smartphone,Electronics,North,5,590,52.55,14-02-2024,,
O2420,Tablet,Electronics,East,1,631,99.31,14-02-2024,,
O2421,Monitor,Accessories,South,8,1944,134.94,14-02-2024,,
O2422,Smartphone,Electronics,North,6,5100,1461.79,14-02-2024,,
O2423,Keyboard,Accessories,South,6,1092,176.52,16-02-2024,,
O2424,Monitor,Accessories,West,7,4662,1007.43,16-02-2024,,
O2425,Headphones,Accessories,West,7,4312,1088.34,17-02-2024,,
O2426,Mouse,Accessories,North,6,4056,815.1,17-02-2024,,
O2427,Headphones,Accessories,North,3,534,120.53,17-02-2024,,
O2428,Printer,Office,South,5,3475,991.47,18-02-2024,,
O2429,Tablet,Electronics,South,5,4880,829.03,18-02-2024,,
O2430,Tablet,Electronics,West,8,8336,782.8,18-02-2024,,
O2431,Mouse,Accessories,North,8,9232,490.66,19-02-2024,,
O2432,Smartphone,Electronics,South,3,2031,466.25,19-02-2024,,
O2433,Smartwatch,Electronics,North,3,2412,640.35,20-02-2024,,
O2434,Smartphone,Electronics,East,1,1039,137.24,20-02-2024,,
O2435,Camera,Electronics,West,6,696,100.78,20-02-2024,,
O2436,Laptop,Electronics,North,8,6160,1617.32,21-02-2024,,
O2437,Camera,Electronics,East,3,447,58.4,21-02-2024,,
O2438,Keyboard,Accessories,West,6,6102,364.82,21-02-2024,,
O2439,Camera,Electronics,South,9,5085,1372.83,22-02-2024,,
O2440,Laptop,Electronics,North,7,3038,158.82,22-02-2024,,
O2441,Headphones,Accessories,West,1,882,215.24,23-02-2024,,
O2442,Monitor,Accessories,West,6,2490,720.06,23-02-2024,,
O2443,Camera,Electronics,North,1,635,101.09,24-02-2024,,
O2444,Laptop,Electronics,East,1,1083,152.5,25-02-2024,,
O2445,Keyboard,Accessories,West,6,720,144.26,25-02-2024,,
O2446,Printer,Office,West,3,3111,382.52,25-02-2024,,
O2447,Smartwatch,Electronics,North,6,1242,87.37,26-02-2024,,
O2448,Smartwatch,Electronics,West,5,5845,978.75,26-02-2024,,
O2449,Smartwatch,Electronics,West,1,835,131.7,27-02-2024,,
O2450,Monitor,Accessories,South,2,2314,305.42,28-02-2024,,
O2451,Smartwatch,Electronics,East,7,6041,776.09,29-02-2024,,
O2452,Mouse,Accessories,North,3,369,19.22,29-02-2024,,
O2453,Tablet,Electronics,West,5,1635,321.84,29-02-2024,,
O2454,Keyboard,Accessories,West,3,2067,465.39,29-02-2024,,
O2455,Smartphone,Electronics,West,6,7128,544.54,29-02-2024,,
O2456,Printer,Office,North,2,944,94.4,29-02-2024,,
O2457,Tablet,Electronics,East,5,5160,698.15,01-03-2024,,
O2458,Smartphone,Electronics,West,8,8032,1987.82,01-03-2024,,
O2459,Camera,Electronics,South,2,376,99.16,01-03-2024,,
O2460,Smartphone,Electronics,South,7,4144,426.39,02-03-2024,,
O2461,Camera,Electronics,South,4,2228,293.25,02-03-2024,,
O2462,Tablet,Electronics,West,1,1178,182.76,02-03-2024,,
O2463,Mouse,Accessories,North,5,2505,303.61,02-03-2024,,
O2464,Smartwatch,Electronics,West,4,1872,418.05,03-03-2024,,
O2465,Printer,Office,West,2,340,59.56,03-03-2024,,
O2466,Laptop,Electronics,West,1,589,158.85,03-03-2024,,
O2467,Laptop,Electronics,West,3,2598,560.82,04-03-2024,,
O2468,Tablet,Electronics,North,1,502,92.31,04-03-2024,,
O2469,Laptop,Electronics,South,3,3576,546.44,04-03-2024,,
O2470,Keyboard,Accessories,East,3,2412,468.27,04-03-2024,,
O2471,Printer,Office,West,5,1145,244.72,04-03-2024,,
O2472,Keyboard,Accessories,West,2,2116,159.3,04-03-2024,,
O2473,Laptop,Electronics,North,1,707,100.16,04-03-2024,,
O2474,Mouse,Accessories,South,9,657,109.39,04-03-2024,,
O2475,Laptop,Electronics,South,5,5345,1060.46,04-03-2024,,
O2476,Tablet,Electronics,South,8,4032,251.05,05-03-2024,,
O2477,Camera,Electronics,South,4,3840,552.57,05-03-2024,,
O2478,Monitor,Accessories,East,5,575,47.35,05-03-2024,,
O2479,Laptop,Electronics,West,9,9315,1808.68,05-03-2024,,
O2480,Mouse,Accessories,East,7,3423,435.06,06-03-2024,,
O2481,Monitor,Accessories,South,6,3942,748.74,06-03-2024,,
O2482,Laptop,Electronics,South,2,574,70.16,06-03-2024,,
O2483,Headphones,Accessories,North,6,3024,336.28,07-03-2024,,
O2484,Headphones,Accessories,North,7,952,215.51,07-03-2024,,
O2485,Smartphone,Electronics,West,9,9090,937.69,07-03-2024,,
O2486,Tablet,Electronics,West,2,1166,170.11,07-03-2024,,
O2487,Keyboard,Accessories,South,3,2925,433.95,07-03-2024,,
O2488,Camera,Electronics,South,5,3455,867.55,07-03-2024,,
O2489,Smartphone,Electronics,North,2,1614,331.3,08-03-2024,,
O2490,Mouse,Accessories,West,7,1771,171.26,08-03-2024,,
O2491,Printer,Office,South,6,5658,1504.97,08-03-2024,,
O2492,Mouse,Accessories,East,9,8460,1515.06,08-03-2024,,
O2493,Printer,Office,West,5,1925,570.93,08-03-2024,,
O2494,Laptop,Electronics,North,6,2196,572.17,08-03-2024,,
O2495,Keyboard,Accessories,East,2,1696,500.56,09-03-2024,,
O2496,Printer,Office,South,9,6813,1966.66,09-03-2024,,
O2497,Keyboard,Accessories,North,5,3670,790.67,09-03-2024,,
O2498,Keyboard,Accessories,South,4,2936,204.55,10-03-2024,,
O2499,Monitor,Accessories,West,5,5165,283.6,10-03-2024,,
O2500,Camera,Electronics,East,5,5940,467.31,11-03-2024,,
O2501,Smartwatch,Electronics,East,6,2664,520.3,11-03-2024,,
O2502,Headphones,Accessories,East,2,1198,134.39,12-03-2024,,
O2503,Headphones,Accessories,North,4,1340,309.8,12-03-2024,,
O2504,Monitor,Accessories,East,9,9657,1233.47,12-03-2024,,
O2505,Camera,Electronics,North,8,2592,191.66,12-03-2024,,
O2506,Camera,Electronics,West,4,1168,135.36,13-03-2024,,
O2507,Headphones,Accessories,South,8,5920,1241.27,13-03-2024,,
O2508,Smartphone,Electronics,West,2,2260,268.47,13-03-2024,,
O2509,Printer,Office,West,8,7016,1490.07,14-03-2024,,
O2510,Headphones,Accessories,North,6,546,79.94,14-03-2024,,
O2511,Laptop,Electronics,East,1,839,228.72,14-03-2024,,
O2512,Tablet,Electronics,South,8,5176,619.45,14-03-2024,,
O2513,Laptop,Electronics,West,4,280,24.9,15-03-2024,,
O2514,Monitor,Accessories,North,9,2097,210.59,15-03-2024,,
O2515,Mouse,Accessories,West,6,4632,799.16,16-03-2024,,
O2516,Keyboard,Accessories,North,4,1088,283.61,16-03-2024,,
O2517,Camera,Electronics,North,2,1314,391.55,16-03-2024,,
O2518,Mouse,Accessories,North,8,7960,804.11,16-03-2024,,
O2519,Printer,Office,North,8,2856,350.32,16-03-2024,,
O2520,Smartwatch,Electronics,West,4,1680,385.92,17-03-2024,,
O2521,Monitor,Accessories,North,4,4464,1069.63,17-03-2024,,
O2522,Smartphone,Electronics,East,6,2940,184.97,19-03-2024,,
O2523,Monitor,Accessories,West,8,1272,344.45,19-03-2024,,
O2524,Printer,Office,East,6,1728,247.86,19-03-2024,,
O2525,Monitor,Accessories,North,3,3153,563.56,20-03-2024,,
O2526,Smartphone,Electronics,West,4,2536,285.72,20-03-2024,,
O2527,Tablet,Electronics,South,3,2508,431.53,20-03-2024,,
O2528,Tablet,Electronics,East,1,123,12.36,20-03-2024,,
O2529,Smartphone,Electronics,South,3,2379,148.68,21-03-2024,,
O2530,Printer,Office,West,6,6924,1693.77,21-03-2024,,
O2531,Smartwatch,Electronics,West,9,9054,644.36,21-03-2024,,
O2532,Camera,Electronics,South,9,9936,2797.45,21-03-2024,,
O2533,Smartphone,Electronics,East,1,393,41.05,22-03-2024,,
O2534,Printer,Office,East,2,308,35.32,22-03-2024,,
O2535,Tablet,Electronics,South,5,4900,347.25,22-03-2024,,
O2536,Laptop,Electronics,South,1,927,103.95,22-03-2024,,
O2537,Keyboard,Accessories,East,1,266,22.42,22-03-2024,,
O2538,Printer,Office,South,5,4750,1179.56,23-03-2024,,
O2539,Smartwatch,Electronics,East,8,3272,460.82,23-03-2024,,
O2540,Mouse,Accessories,East,5,4350,688.77,23-03-2024,,
O2541,Keyboard,Accessories,East,1,706,63.82,24-03-2024,,
O2542,Laptop,Electronics,North,3,213,30.68,24-03-2024,,
O2543,Smartphone,Electronics,East,2,1614,376.31,24-03-2024,,
O2544,Mouse,Accessories,West,8,6232,499.63,24-03-2024,,
O2545,Printer,Office,North,4,3864,717.45,24-03-2024,,
O2546,Headphones,Accessories,South,3,2601,363.64,25-03-2024,,
O2547,Mouse,Accessories,East,6,4944,758.46,25-03-2024,,
O2548,Printer,Office,South,4,4680,301.91,26-03-2024,,
O2549,Mouse,Accessories,South,8,2112,418.58,26-03-2024,,
O2550,Monitor,Accessories,East,6,7140,869.93,26-03-2024,,
O2551,Keyboard,Accessories,East,1,750,37.97,26-03-2024,,
O2552,Mouse,Accessories,East,4,392,39.23,26-03-2024,,
O2553,Laptop,Electronics,South,4,2408,721.8,26-03-2024,,
O2554,Monitor,Accessories,East,2,2016,151.4,28-03-2024,,
O2555,Monitor,Accessories,South,4,464,47.93,28-03-2024,,
O2556,Headphones,Accessories,East,1,832,227.11,28-03-2024,,
O2557,Headphones,Accessories,East,8,1296,374.8,28-03-2024,,
O2558,Smartphone,Electronics,East,1,300,45.81,29-03-2024,,
O2559,Monitor,Accessories,North,6,2856,226.53,29-03-2024,,
O2560,Tablet,Electronics,West,5,3380,287.05,29-03-2024,,
O2561,Tablet,Electronics,North,5,400,86.52,29-03-2024,,
O2562,Camera,Electronics,North,1,722,49.7,30-03-2024,,
O2563,Laptop,Electronics,South,4,4596,947.45,30-03-2024,,
O2564,Keyboard,Accessories,West,8,1176,313.58,30-03-2024,,
O2565,Camera,Electronics,North,2,644,45.72,30-03-2024,,
O2566,Smartphone,Electronics,West,8,544,40.78,30-03-2024,,
O2567,Monitor,Accessories,East,2,586,101.64,31-03-2024,,
O2568,Keyboard,Accessories,North,5,3835,229.11,31-03-2024,,
O2569,Printer,Office,South,5,1415,358.39,31-03-2024,,
O2570,Keyboard,Accessories,South,9,1125,138.49,01-04-2024,,
O2571,Camera,Electronics,South,3,3399,489.36,01-04-2024,,
O2572,Monitor,Accessories,East,6,5370,1501.06,01-04-2024,,
O2573,Keyboard,Accessories,West,3,2331,419.26,01-04-2024,,
O2574,Laptop,Electronics,East,9,10728,1967.84,01-04-2024,,
O2575,Monitor,Accessories,West,8,9056,1860.37,01-04-2024,,
O2576,Monitor,Accessories,West,9,4581,250.06,01-04-2024,,
O2577,Camera,Electronics,North,3,1074,240.44,02-04-2024,,
O2578,Tablet,Electronics,West,4,4572,1199.49,02-04-2024,,
O2579,Laptop,Electronics,South,7,8141,651.16,03-04-2024,,
O2580,Printer,Office,West,4,604,180.93,03-04-2024,,
O2581,Mouse,Accessories,South,2,906,59.06,03-04-2024,,
O2582,Headphones,Accessories,South,7,1582,278.14,03-04-2024,,
O2583,Mouse,Accessories,West,6,3306,216.91,03-04-2024,,
O2584,Headphones,Accessories,West,1,847,237.41,03-04-2024,,
O2585,Printer,Office,East,6,3222,846.27,04-04-2024,,
O2586,Keyboard,Accessories,East,3,189,33.94,04-04-2024,,
O2587,Laptop,Electronics,South,4,1224,348.91,04-04-2024,,
O2588,Camera,Electronics,South,7,5621,1390.73,05-04-2024,,
O2589,Tablet,Electronics,West,6,966,246.21,05-04-2024,,
O2590,Tablet,Electronics,West,9,1728,179.64,05-04-2024,,
O2591,Mouse,Accessories,West,9,6138,1478.57,06-04-2024,,
O2592,Monitor,Accessories,South,4,964,184.03,06-04-2024,,
O2593,Smartphone,Electronics,South,7,4697,976.26,06-04-2024,,
O2594,Smartphone,Electronics,West,2,1232,155.52,06-04-2024,,
O2595,Monitor,Accessories,West,7,6384,734.79,07-04-2024,,
O2596,Mouse,Accessories,West,4,780,162.72,07-04-2024,,
O2597,Printer,Office,West,4,1256,362.22,07-04-2024,,
O2598,Mouse,Accessories,South,1,1162,220.93,08-04-2024,,
O2599,Mouse,Accessories,South,8,7520,995.03,08-04-2024,,
O2600,Headphones,Accessories,South,7,2387,463.92,09-04-2024,,
O2601,Keyboard,Accessories,East,8,2256,316.77,09-04-2024,,
O2602,Monitor,Accessories,North,8,7792,913.12,09-04-2024,,
O2603,Laptop,Electronics,East,8,3944,296.35,09-04-2024,,
O2604,Smartphone,Electronics,South,2,822,183.45,10-04-2024,,
O2605,Headphones,Accessories,North,3,1962,469.94,11-04-2024,,
O2606,Printer,Office,North,4,1016,269.88,11-04-2024,,
O2607,Tablet,Electronics,North,2,1980,125.99,11-04-2024,,
O2608,Headphones,Accessories,West,4,3996,965.26,11-04-2024,,
O2609,Smartwatch,Electronics,North,1,663,183.82,12-04-2024,,
O2610,Laptop,Electronics,South,1,575,104.31,12-04-2024,,
O2611,Tablet,Electronics,South,1,187,33.76,12-04-2024,,
O2612,Tablet,Electronics,East,7,6216,378.24,12-04-2024,,
O2613,Camera,Electronics,South,1,189,19.02,12-04-2024,,
O2614,Tablet,Electronics,South,2,358,41.46,12-04-2024,,
O2615,Keyboard,Accessories,North,6,6192,316.23,13-04-2024,,
O2616,Tablet,Electronics,East,7,4382,592.46,13-04-2024,,
O2617,Keyboard,Accessories,East,2,1122,100.78,14-04-2024,,
O2618,Laptop,Electronics,North,8,8192,2081.72,14-04-2024,,
O2619,Laptop,Electronics,South,6,2658,200.79,15-04-2024,,
O2620,Tablet,Electronics,West,6,606,127.68,15-04-2024,,
O2621,Monitor,Accessories,South,8,448,45.43,15-04-2024,,
O2622,Printer,Office,North,3,1674,435.95,15-04-2024,,
O2623,Tablet,Electronics,South,6,1944,366.18,16-04-2024,,
O2624,Monitor,Accessories,South,6,1716,302.09,16-04-2024,,
O2625,Camera,Electronics,South,6,2982,445.01,16-04-2024,,
O2626,Laptop,Electronics,North,9,7497,2241.59,17-04-2024,,
O2627,Headphones,Accessories,South,3,1026,142.71,17-04-2024,,
O2628,Laptop,Electronics,South,7,7392,2063.23,17-04-2024,,
O2629,Printer,Office,North,4,2604,271.22,17-04-2024,,
O2630,Smartwatch,Electronics,North,6,1746,289.2,17-04-2024,,
O2631,Headphones,Accessories,West,6,5682,1365.87,17-04-2024,,
O2632,Mouse,Accessories,North,8,8664,2131.16,18-04-2024,,
O2633,Tablet,Electronics,West,3,1887,363.42,18-04-2024,,
O2634,Smartphone,Electronics,East,7,6013,1544.51,18-04-2024,,
O2635,Smartwatch,Electronics,North,2,1578,463.58,19-04-2024,,
O2636,Camera,Electronics,South,3,285,38.37,20-04-2024,,
O2637,Laptop,Electronics,West,6,5448,963.82,20-04-2024,,
O2638,Printer,Office,East,2,1710,468.76,20-04-2024,,
O2639,Keyboard,Accessories,West,9,2817,432.67,20-04-2024,,
O2640,Smartphone,Electronics,East,9,9117,1780.52,20-04-2024,,
O2641,Smartwatch,Electronics,South,2,274,42.37,21-04-2024,,
O2642,Keyboard,Accessories,South,6,6408,885.71,21-04-2024,,
O2643,Keyboard,Accessories,West,5,5755,1441.84,21-04-2024,,
O2644,Tablet,Electronics,West,3,2262,245.66,22-04-2024,,
O2645,Headphones,Accessories,East,7,1785,233.77,22-04-2024,,
O2646,Printer,Office,North,8,5128,657.87,22-04-2024,,
O2647,Camera,Electronics,South,8,5176,1400.82,23-04-2024,,
O2648,Keyboard,Accessories,North,5,1510,331.76,24-04-2024,,
O2649,Keyboard,Accessories,North,1,947,77.21,24-04-2024,,
O2650,Smartphone,Electronics,North,9,5427,731.33,24-04-2024,,
O2651,Smartwatch,Electronics,South,4,4560,507.87,25-04-2024,,
O2652,Tablet,Electronics,South,6,2100,268.4,25-04-2024,,
O2653,Laptop,Electronics,North,1,1054,288.15,26-04-2024,,
O2654,Smartwatch,Electronics,West,6,7026,1814.21,26-04-2024,,
O2655,Camera,Electronics,North,9,513,151.87,26-04-2024,,
O2656,Headphones,Accessories,South,2,2244,353.83,26-04-2024,,
O2657,Smartphone,Electronics,North,5,1785,134.95,26-04-2024,,
O2658,Keyboard,Accessories,South,5,725,77.91,27-04-2024,,
O2659,Smartphone,Electronics,North,4,2516,689.29,27-04-2024,,
O2660,Monitor,Accessories,East,8,6256,1152.99,27-04-2024,,
O2661,Camera,Electronics,North,2,452,74.34,27-04-2024,,
O2662,Laptop,Electronics,South,7,5285,1338.58,28-04-2024,,
O2663,Smartphone,Electronics,North,6,4872,786.79,28-04-2024,,
O2664,Keyboard,Accessories,East,5,2495,164.56,28-04-2024,,
O2665,Monitor,Accessories,West,1,442,82.73,28-04-2024,,
O2666,Printer,Office,East,9,8595,1312.19,28-04-2024,,
O2667,Keyboard,Accessories,East,4,3528,411.5,28-04-2024,,
O2668,Laptop,Electronics,North,7,7777,746.84,28-04-2024,,
O2669,Smartwatch,Electronics,South,4,2008,451.68,28-04-2024,,
O2670,Mouse,Accessories,North,2,596,41.37,29-04-2024,,
O2671,Smartwatch,Electronics,East,9,4950,1402.67,29-04-2024,,
O2672,Keyboard,Accessories,South,2,630,86.07,29-04-2024,,
O2673,Camera,Electronics,North,6,6144,754.18,29-04-2024,,
O2674,Monitor,Accessories,North,1,140,24.21,29-04-2024,,
O2675,Headphones,Accessories,East,2,2014,215.06,29-04-2024,,
O2676,Mouse,Accessories,West,2,384,99.02,30-04-2024,,
O2677,Printer,Office,East,7,3780,351.51,30-04-2024,,
O2678,Monitor,Accessories,West,7,5047,915.75,01-05-2024,,
O2679,Headphones,Accessories,South,3,2658,175.89,01-05-2024,,
O2680,Mouse,Accessories,West,8,528,53.91,02-05-2024,,
O2681,Keyboard,Accessories,East,9,6507,1045.14,02-05-2024,,
O2682,Camera,Electronics,South,7,5887,1035.5,02-05-2024,,
O2683,Headphones,Accessories,East,8,8224,1679.16,02-05-2024,,
O2684,Laptop,Electronics,South,3,723,115.25,02-05-2024,,
O2685,Mouse,Accessories,North,2,2272,504.72,03-05-2024,,
O2686,Keyboard,Accessories,East,9,8640,1963.34,03-05-2024,,
O2687,Camera,Electronics,North,8,2984,631.81,03-05-2024,,
O2688,Smartphone,Electronics,East,2,606,150.95,03-05-2024,,
O2689,Monitor,Accessories,West,2,170,48.69,04-05-2024,,
O2690,Headphones,Accessories,East,9,5283,1550.3,04-05-2024,,
O2691,Smartwatch,Electronics,West,6,1350,356.88,04-05-2024,,
O2692,Headphones,Accessories,South,4,2500,467.34,04-05-2024,,
O2693,Camera,Electronics,North,4,4648,689.85,04-05-2024,,
O2694,Printer,Office,North,5,650,93.41,04-05-2024,,
O2695,Monitor,Accessories,North,2,1538,97.15,05-05-2024,,
O2696,Smartwatch,Electronics,East,4,3928,325.32,05-05-2024,,
O2697,Headphones,Accessories,North,2,2258,175.86,05-05-2024,,
O2698,Monitor,Accessories,West,9,2988,447.93,05-05-2024,,
O2699,Headphones,Accessories,South,8,4136,810.82,06-05-2024,,
O2700,Mouse,Accessories,South,7,3605,387.82,06-05-2024,,
O2701,Smartwatch,Electronics,West,3,1656,469.28,06-05-2024,,
O2702,Printer,Office,West,8,7072,2113.06,07-05-2024,,
O2703,Keyboard,Accessories,South,8,5368,542.52,07-05-2024,,
O2704,Laptop,Electronics,East,4,1356,374.79,07-05-2024,,
O2705,Printer,Office,South,6,1326,338.66,07-05-2024,,
O2706,Printer,Office,East,1,730,55.72,07-05-2024,,
O2707,Headphones,Accessories,South,4,4664,294.05,08-05-2024,,
O2708,Laptop,Electronics,North,8,3528,593.11,08-05-2024,,
O2709,Mouse,Accessories,West,3,1497,190.59,08-05-2024,,
O2710,Tablet,Electronics,North,3,2628,781.94,09-05-2024,,
O2711,Laptop,Electronics,West,4,4196,655.29,09-05-2024,,
O2712,Monitor,Accessories,South,7,1204,317.12,09-05-2024,,
O2713,Printer,Office,West,7,7119,1555.05,10-05-2024,,
O2714,Tablet,Electronics,West,8,1848,351.02,10-05-2024,,
O2715,Tablet,Electronics,South,4,2232,531.12,10-05-2024,,
O2716,Mouse,Accessories,West,6,5190,898.86,10-05-2024,,
O2717,Smartphone,Electronics,West,3,1830,403.42,11-05-2024,,
O2718,Mouse,Accessories,West,1,1033,302.68,11-05-2024,,
O2719,Smartwatch,Electronics,South,7,2324,611.7,11-05-2024,,
O2720,Keyboard,Accessories,North,2,1942,235.42,11-05-2024,,
O2721,Printer,Office,South,7,5740,1615.9,12-05-2024,,
O2722,Smartwatch,Electronics,South,9,6435,1096.88,12-05-2024,,
O2723,Mouse,Accessories,North,2,1168,172.18,12-05-2024,,
O2724,Tablet,Electronics,South,9,7362,441.36,12-05-2024,,
O2725,Smartwatch,Electronics,West,2,862,105.97,12-05-2024,,
O2726,Mouse,Accessories,West,1,956,167.16,13-05-2024,,
O2727,Smartphone,Electronics,West,7,4438,770.3,13-05-2024,,
O2728,Keyboard,Accessories,East,9,972,100,13-05-2024,,
O2729,Keyboard,Accessories,West,2,1816,129.24,13-05-2024,,
O2730,Monitor,Accessories,East,4,596,105.89,14-05-2024,,
O2731,Mouse,Accessories,East,9,1233,346.9,14-05-2024,,
O2732,Headphones,Accessories,West,1,1055,88.61,14-05-2024,,
O2733,Tablet,Electronics,East,2,952,112.39,14-05-2024,,
O2734,Mouse,Accessories,West,1,312,40.47,14-05-2024,,
O2735,Tablet,Electronics,South,2,294,35.05,14-05-2024,,
O2736,Smartwatch,Electronics,North,2,474,120.91,15-05-2024,,
O2737,Camera,Electronics,East,2,788,195.15,15-05-2024,,
O2738,Mouse,Accessories,North,8,2760,156.53,15-05-2024,,
O2739,Laptop,Electronics,North,4,908,219.79,16-05-2024,,
O2740,Smartphone,Electronics,East,1,593,133.01,17-05-2024,,
O2741,Headphones,Accessories,South,6,1698,193.42,17-05-2024,,
O2742,Printer,Office,East,1,546,124.1,17-05-2024,,
O2743,Laptop,Electronics,West,5,4380,275.84,17-05-2024,,
O2744,Camera,Electronics,West,4,2472,594.62,17-05-2024,,
O2745,Smartphone,Electronics,East,4,1996,396.63,17-05-2024,,
O2746,Camera,Electronics,West,5,2525,699.74,17-05-2024,,
O2747,Headphones,Accessories,West,9,4041,517.23,17-05-2024,,
O2748,Keyboard,Accessories,South,3,858,246.86,17-05-2024,,
O2749,Keyboard,Accessories,North,9,4221,1238.6,17-05-2024,,
O2750,Tablet,Electronics,East,2,858,73.49,18-05-2024,,
O2751,Keyboard,Accessories,North,1,776,172.19,18-05-2024,,
O2752,Laptop,Electronics,North,7,3654,871.81,18-05-2024,,
O2753,Headphones,Accessories,East,3,384,45.99,19-05-2024,,
O2754,Printer,Office,West,5,535,43.47,19-05-2024,,
O2755,Headphones,Accessories,North,9,7992,1979.53,20-05-2024,,
O2756,Mouse,Accessories,North,7,3892,350.57,20-05-2024,,
O2757,Tablet,Electronics,East,3,2637,468.6,20-05-2024,,
O2758,Mouse,Accessories,South,8,8664,2349.68,20-05-2024,,
O2759,Smartwatch,Electronics,South,6,918,116.87,20-05-2024,,
O2760,Monitor,Accessories,West,5,5625,1006.95,20-05-2024,,
O2761,Tablet,Electronics,West,6,6030,511.7,21-05-2024,,
O2762,Printer,Office,West,8,432,98.44,21-05-2024,,
O2763,Laptop,Electronics,South,6,1884,190.58,22-05-2024,,
O2764,Laptop,Electronics,East,9,9225,2526.27,22-05-2024,,
O2765,Printer,Office,North,2,954,71,22-05-2024,,
O2766,Smartwatch,Electronics,West,8,7072,1983.42,23-05-2024,,
O2767,Smartphone,Electronics,North,3,342,89.67,23-05-2024,,
O2768,Printer,Office,South,4,2440,410.86,23-05-2024,,
O2769,Mouse,Accessories,South,5,510,82.47,23-05-2024,,
O2770,Smartphone,Electronics,South,1,192,16.47,23-05-2024,,
O2771,Mouse,Accessories,East,5,3600,712.3,23-05-2024,,
O2772,Camera,Electronics,West,7,2597,766.32,24-05-2024,,
O2773,Camera,Electronics,East,4,772,215.62,24-05-2024,,
O2774,Mouse,Accessories,West,2,646,180.5,24-05-2024,,
O2775,Smartphone,Electronics,East,7,2947,809.46,24-05-2024,,
O2776,Laptop,Electronics,South,5,880,255.9,24-05-2024,,
O2777,Camera,Electronics,West,3,1038,219.69,24-05-2024,,
O2778,Printer,Office,West,1,714,209.69,24-05-2024,,
O2779,Laptop,Electronics,South,4,1792,506.56,24-05-2024,,
O2780,Headphones,Accessories,East,6,5874,1386.51,24-05-2024,,
O2781,Smartwatch,Electronics,East,6,2496,332.08,24-05-2024,,
O2782,Smartwatch,Electronics,West,3,795,60.34,25-05-2024,,
O2783,Smartphone,Electronics,East,7,7238,1597.03,25-05-2024,,
O2784,Tablet,Electronics,South,1,430,83.33,25-05-2024,,
O2785,Headphones,Accessories,West,4,1728,239.64,25-05-2024,,
O2786,Monitor,Accessories,South,3,1833,314.79,25-05-2024,,
O2787,Monitor,Accessories,North,7,7280,1682.79,25-05-2024,,
O2788,Smartwatch,Electronics,South,1,814,197.91,25-05-2024,,
O2789,Printer,Office,South,8,4696,410.03,26-05-2024,,
O2790,Mouse,Accessories,South,5,1190,235.64,26-05-2024,,
O2791,Printer,Office,East,1,591,39.06,26-05-2024,,
O2792,Mouse,Accessories,North,9,8100,2203.56,28-05-2024,,
O2793,Laptop,Electronics,South,6,1500,183.31,28-05-2024,,
O2794,Smartwatch,Electronics,North,2,300,48.69,28-05-2024,,
O2795,Smartwatch,Electronics,North,9,1098,106.97,28-05-2024,,
O2796,Monitor,Accessories,West,4,2336,509.49,29-05-2024,,
O2797,Camera,Electronics,North,5,410,40.96,30-05-2024,,
O2798,Mouse,Accessories,South,9,594,51.49,30-05-2024,,
O2799,Smartwatch,Electronics,East,2,218,38.93,30-05-2024,,
O2800,Tablet,Electronics,South,2,1298,123.9,31-05-2024,,
O2801,Tablet,Electronics,North,5,895,180.64,31-05-2024,,
O2802,Keyboard,Accessories,West,4,2828,539.43,31-05-2024,,
O2803,Tablet,Electronics,West,3,813,188.94,31-05-2024,,
O2804,Monitor,Accessories,West,4,1800,170.19,31-05-2024,,
O2805,Tablet,Electronics,West,1,99,12.79,31-05-2024,,
O2806,Headphones,Accessories,West,8,7576,1703.42,01-06-2024,,
O2807,Smartwatch,Electronics,East,3,1317,71.02,01-06-2024,,
O2808,Smartwatch,Electronics,West,3,957,120.27,01-06-2024,,
O2809,Mouse,Accessories,South,4,1316,244.13,02-06-2024,,
O2810,Headphones,Accessories,South,6,5346,351.93,02-06-2024,,
O2811,Smartphone,Electronics,East,1,464,66.26,02-06-2024,,
O2812,Keyboard,Accessories,North,7,3752,835.34,02-06-2024,,
O2813,Keyboard,Accessories,West,6,1962,301.57,03-06-2024,,
O2814,Smartphone,Electronics,South,6,2310,202.98,03-06-2024,,
O2815,Tablet,Electronics,East,4,3028,685.23,04-06-2024,,
O2816,Monitor,Accessories,North,3,2994,877.92,04-06-2024,,
O2817,Tablet,Electronics,South,3,3393,313.45,04-06-2024,,
O2818,Camera,Electronics,North,3,1209,320.61,04-06-2024,,
O2819,Keyboard,Accessories,East,8,5784,1276.57,05-06-2024,,
O2820,Laptop,Electronics,West,9,3078,285.05,05-06-2024,,
O2821,Printer,Office,South,4,2464,602.3,05-06-2024,,
O2822,Camera,Electronics,West,5,2445,146.6,05-06-2024,,
O2823,Keyboard,Accessories,North,8,5312,841.13,05-06-2024,,
O2824,Keyboard,Accessories,South,1,657,101.85,06-06-2024,,
O2825,Keyboard,Accessories,South,3,2580,173.89,06-06-2024,,
O2826,Laptop,Electronics,East,8,4624,893.74,07-06-2024,,
O2827,Smartwatch,Electronics,North,2,1258,146.7,07-06-2024,,
O2828,Camera,Electronics,East,7,6468,398.23,07-06-2024,,
O2829,Monitor,Accessories,West,3,1359,152.85,08-06-2024,,
O2830,Laptop,Electronics,North,1,104,18.67,09-06-2024,,
O2831,Headphones,Accessories,South,3,1785,93.17,09-06-2024,,
O2832,Monitor,Accessories,North,8,7728,1748.26,09-06-2024,,
O2833,Smartphone,Electronics,West,6,4188,1231.16,10-06-2024,,
O2834,Smartwatch,Electronics,South,8,3520,359.84,10-06-2024,,
O2835,Camera,Electronics,East,3,2280,365.17,10-06-2024,,
O2836,Printer,Office,North,9,2484,655.54,11-06-2024,,
O2837,Tablet,Electronics,West,3,1248,348.19,11-06-2024,,
O2838,Smartwatch,Electronics,West,2,850,59.92,11-06-2024,,
O2839,Printer,Office,East,4,1412,150.13,11-06-2024,,
O2840,Headphones,Accessories,North,1,465,26.5,12-06-2024,,
O2841,Printer,Office,West,1,293,29.58,12-06-2024,,
O2842,Tablet,Electronics,North,9,9234,2523.67,13-06-2024,,
O2843,Tablet,Electronics,North,2,1298,239.45,14-06-2024,,
O2844,Printer,Office,East,9,9477,2443.62,15-06-2024,,
O2845,Printer,Office,South,7,6713,457.99,15-06-2024,,
O2846,Laptop,Electronics,South,5,5700,999.26,16-06-2024,,
O2847,Camera,Electronics,West,6,4146,700.46,16-06-2024,,
O2848,Tablet,Electronics,North,8,6968,704.55,16-06-2024,,
O2849,Camera,Electronics,East,2,1054,243.5,16-06-2024,,
O2850,Keyboard,Accessories,West,3,1983,453.09,16-06-2024,,
O2851,Keyboard,Accessories,South,5,875,70.72,16-06-2024,,
O2852,Printer,Office,North,2,268,63.01,17-06-2024,,
O2853,Headphones,Accessories,West,6,5370,1045.1,17-06-2024,,
O2854,Monitor,Accessories,West,8,3624,1071.43,17-06-2024,,
O2855,Smartwatch,Electronics,West,4,1932,301.16,17-06-2024,,
O2856,Smartphone,Electronics,North,7,6020,384.74,17-06-2024,,
O2857,Headphones,Accessories,East,5,1775,234.67,17-06-2024,,
O2858,Smartwatch,Electronics,West,3,1488,382.09,17-06-2024,,
O2859,Keyboard,Accessories,East,6,6720,1113.56,17-06-2024,,
O2860,Mouse,Accessories,East,7,5047,1356.23,18-06-2024,,
O2861,Tablet,Electronics,East,5,3735,957.13,18-06-2024,,
O2862,Keyboard,Accessories,East,5,1250,120.74,18-06-2024,,
O2863,Tablet,Electronics,North,7,2751,548.05,18-06-2024,,
O2864,Laptop,Electronics,East,9,468,58.98,18-06-2024,,
O2865,Printer,Office,North,4,632,114.82,18-06-2024,,
O2866,Keyboard,Accessories,South,7,798,219.2,18-06-2024,,
O2867,Smartwatch,Electronics,South,5,1295,104.26,19-06-2024,,
O2868,Camera,Electronics,West,4,3360,540.38,19-06-2024,,
O2869,Camera,Electronics,North,5,995,206.95,19-06-2024,,
O2870,Smartwatch,Electronics,East,5,550,28.72,19-06-2024,,
O2871,Monitor,Accessories,West,8,5384,724.8,20-06-2024,,
O2872,Printer,Office,East,3,3534,489.06,20-06-2024,,
O2873,Smartphone,Electronics,West,9,6813,890.05,20-06-2024,,
O2874,Smartwatch,Electronics,East,6,5508,1632.37,20-06-2024,,
O2875,Headphones,Accessories,East,1,966,202.53,22-06-2024,,
O2876,Mouse,Accessories,South,4,460,92.24,22-06-2024,,
O2877,Smartphone,Electronics,North,6,7026,459.4,23-06-2024,,
O2878,Smartphone,Electronics,South,5,910,116.47,23-06-2024,,
O2879,Monitor,Accessories,West,9,5796,1729.18,23-06-2024,,
O2880,Monitor,Accessories,North,3,1050,292.64,23-06-2024,,
O2881,Mouse,Accessories,West,1,1043,151.13,24-06-2024,,
O2882,Printer,Office,South,3,3330,503.85,24-06-2024,,
O2883,Mouse,Accessories,East,8,1896,448.53,25-06-2024,,
O2884,Camera,Electronics,West,5,5170,1248.66,25-06-2024,,
O2885,Printer,Office,North,2,466,25.04,25-06-2024,,
O2886,Mouse,Accessories,North,8,6032,1636.61,26-06-2024,,
O2887,Camera,Electronics,South,1,1084,103.06,26-06-2024,,
O2888,Keyboard,Accessories,North,2,490,45.34,26-06-2024,,
O2889,Monitor,Accessories,North,6,558,57.01,28-06-2024,,
O2890,Monitor,Accessories,East,4,4024,787.06,28-06-2024,,
O2891,Mouse,Accessories,East,4,1560,461.15,28-06-2024,,
O2892,Laptop,Electronics,North,1,126,26.62,28-06-2024,,
O2893,Mouse,Accessories,South,7,4921,827.87,28-06-2024,,
O2894,Headphones,Accessories,West,5,2665,532.76,28-06-2024,,
O2895,Headphones,Accessories,South,4,200,58.42,29-06-2024,,
O2896,Smartwatch,Electronics,East,2,186,32.48,29-06-2024,,
O2897,Monitor,Accessories,South,8,5456,898.06,30-06-2024,,
O2898,Smartwatch,Electronics,West,9,3321,540.67,30-06-2024,,
O2899,Headphones,Accessories,North,7,3766,914.49,30-06-2024,,
O2900,Keyboard,Accessories,West,6,3150,498.63,30-06-2024,,
O2901,Laptop,Electronics,East,2,646,110.13,01-07-2024,,
O2902,Smartphone,Electronics,South,5,2665,369.73,01-07-2024,,
O2903,Smartwatch,Electronics,North,9,1467,384.22,01-07-2024,,
O2904,Tablet,Electronics,North,7,4620,990.79,02-07-2024,,
O2905,Tablet,Electronics,West,8,1184,148.69,02-07-2024,,
O2906,Camera,Electronics,East,1,113,20.07,04-07-2024,,
O2907,Printer,Office,East,8,3336,492.76,04-07-2024,,
O2908,Smartphone,Electronics,South,4,4224,477.33,04-07-2024,,
O2909,Headphones,Accessories,North,3,1098,144.24,04-07-2024,,
O2910,Camera,Electronics,South,8,4400,351.82,04-07-2024,,
O2911,Printer,Office,North,8,5616,723.42,05-07-2024,,
O2912,Printer,Office,North,7,4676,520.38,05-07-2024,,
O2913,Smartwatch,Electronics,North,2,2370,641.23,05-07-2024,,
O2914,Mouse,Accessories,West,7,4487,688.76,05-07-2024,,
O2915,Camera,Electronics,North,6,6384,1754.15,05-07-2024,,
O2916,Keyboard,Accessories,South,8,2960,878.11,05-07-2024,,
O2917,Smartwatch,Electronics,East,1,897,250.78,05-07-2024,,
O2918,Smartphone,Electronics,East,2,1178,120.51,05-07-2024,,
O2919,Smartwatch,Electronics,East,2,1026,64.51,06-07-2024,,
O2920,Printer,Office,South,1,1148,89.04,07-07-2024,,
O2921,Printer,Office,West,7,3185,765.41,07-07-2024,,
O2922,Smartphone,Electronics,East,7,5180,463.35,07-07-2024,,
O2923,Headphones,Accessories,South,5,2025,295.13,08-07-2024,,
O2924,Tablet,Electronics,North,9,1359,187.72,09-07-2024,,
O2925,Camera,Electronics,South,4,1836,462.52,09-07-2024,,
O2926,Tablet,Electronics,West,2,702,112.04,09-07-2024,,
O2927,Smartphone,Electronics,West,8,6576,1337.38,09-07-2024,,
O2928,Smartwatch,Electronics,West,2,1428,398.24,10-07-2024,,
O2929,Camera,Electronics,North,7,6853,1259.03,10-07-2024,,
O2930,Camera,Electronics,West,2,1492,276.56,11-07-2024,,
O2931,Printer,Office,North,6,1938,146.73,11-07-2024,,
O2932,Camera,Electronics,South,5,905,70.91,11-07-2024,,
O2933,Printer,Office,North,3,2571,510.01,11-07-2024,,
O2934,Tablet,Electronics,West,4,1500,127.81,11-07-2024,,
O2935,Smartwatch,Electronics,South,9,8712,1034.27,11-07-2024,,
O2936,Monitor,Accessories,East,4,1308,368.28,12-07-2024,,
O2937,Smartphone,Electronics,South,4,2648,707.32,12-07-2024,,
O2938,Camera,Electronics,South,9,9810,1666.96,12-07-2024,,
O2939,Headphones,Accessories,North,3,3291,274.1,13-07-2024,,
O2940,Smartwatch,Electronics,North,1,758,96.44,13-07-2024,,
O2941,Keyboard,Accessories,East,7,2436,715.14,13-07-2024,,
O2942,Smartwatch,Electronics,North,7,560,163.16,13-07-2024,,
O2943,Smartphone,Electronics,West,8,4240,519.72,13-07-2024,,
O2944,Monitor,Accessories,East,8,5416,403.52,13-07-2024,,
O2945,Smartphone,Electronics,East,8,1728,477.7,14-07-2024,,
O2946,Keyboard,Accessories,West,9,6309,801.15,14-07-2024,,
O2947,Keyboard,Accessories,North,8,3400,758.57,14-07-2024,,
O2948,Laptop,Electronics,East,1,403,72.45,15-07-2024,,
O2949,Keyboard,Accessories,South,4,2108,375.62,15-07-2024,,
O2950,Headphones,Accessories,West,2,1090,296.12,15-07-2024,,
O2951,Keyboard,Accessories,North,7,1274,317.92,16-07-2024,,
O2952,Mouse,Accessories,South,3,1056,70.54,16-07-2024,,
O2953,Mouse,Accessories,North,9,5247,921.09,17-07-2024,,
O2954,Mouse,Accessories,West,7,6006,1595.22,17-07-2024,,
O2955,Monitor,Accessories,West,5,5415,1261.65,17-07-2024,,
O2956,Smartphone,Electronics,West,1,632,81.54,17-07-2024,,
O2957,Printer,Office,West,8,6160,947.96,17-07-2024,,
O2958,Printer,Office,South,1,857,172.91,18-07-2024,,
O2959,Tablet,Electronics,East,1,169,22.99,18-07-2024,,
O2960,Tablet,Electronics,West,7,1463,175.13,18-07-2024,,
O2961,Camera,Electronics,East,8,7528,1283.07,18-07-2024,,
O2962,Smartwatch,Electronics,West,2,1158,227.61,18-07-2024,,
O2963,Monitor,Accessories,West,4,200,20.25,18-07-2024,,
O2964,Smartphone,Electronics,West,2,1514,180.67,19-07-2024,,
O2965,Smartwatch,Electronics,South,7,2632,738.93,19-07-2024,,
O2966,Keyboard,Accessories,North,1,358,77.84,20-07-2024,,
O2967,Camera,Electronics,East,8,2360,653.3,20-07-2024,,
O2968,Keyboard,Accessories,South,5,5275,594.29,20-07-2024,,
O2969,Monitor,Accessories,East,9,1719,251.85,21-07-2024,,
O2970,Smartphone,Electronics,West,6,1956,434.03,22-07-2024,,
O2971,Keyboard,Accessories,West,3,1875,152.07,23-07-2024,,
O2972,Monitor,Accessories,South,4,984,157.72,23-07-2024,,
O2973,Camera,Electronics,South,4,3616,789.63,24-07-2024,,
O2974,Tablet,Electronics,West,5,4560,1180.8,24-07-2024,,
O2975,Smartphone,Electronics,West,8,7496,2019.32,24-07-2024,,
O2976,Camera,Electronics,North,5,5070,889.97,24-07-2024,,
O2977,Smartwatch,Electronics,North,5,4505,1351.28,24-07-2024,,
O2978,Tablet,Electronics,South,2,1916,503.83,25-07-2024,,
O2979,Camera,Electronics,West,7,8113,1103.57,25-07-2024,,
O2980,Laptop,Electronics,North,9,1809,392.44,25-07-2024,,
O2981,Laptop,Electronics,South,3,1227,229.75,26-07-2024,,
O2982,Laptop,Electronics,South,6,2040,124.65,26-07-2024,,
O2983,Tablet,Electronics,West,6,6324,629.2,26-07-2024,,
O2984,Printer,Office,North,3,2724,521.24,27-07-2024,,
O2985,Laptop,Electronics,South,1,1188,110.32,27-07-2024,,
O2986,Keyboard,Accessories,East,8,8776,1561.07,27-07-2024,,
O2987,Laptop,Electronics,South,9,5553,1432.76,27-07-2024,,
O2988,Smartphone,Electronics,South,2,970,262.19,27-07-2024,,
O2989,Keyboard,Accessories,South,5,940,56.7,27-07-2024,,
O2990,Printer,Office,East,1,1175,171.51,27-07-2024,,
O2991,Laptop,Electronics,East,9,4860,1425.54,28-07-2024,,
O2992,Headphones,Accessories,North,1,987,207.69,28-07-2024,,
O2993,Camera,Electronics,East,7,2968,485.13,28-07-2024,,
O2994,Mouse,Accessories,East,3,2172,364.77,28-07-2024,,
O2995,Headphones,Accessories,South,7,3941,628.96,28-07-2024,,
O2996,Headphones,Accessories,North,7,2261,566.36,28-07-2024,,
O2997,Smartwatch,Electronics,West,9,8802,2519.93,29-07-2024,,
O2998,Printer,Office,South,5,3025,172.43,29-07-2024,,
O2999,Printer,Office,North,4,4428,600.55,30-07-2024,,
O3000,Mouse,Accessories,West,9,7344,1417.84,30-07-2024,,
O3001,Keyboard,Accessories,East,4,2236,167.78,30-07-2024,,
O3002,Smartphone,Electronics,South,8,536,57.08,31-07-2024,,
O3003,Monitor,Accessories,North,5,1980,249.22,31-07-2024,,
O3004,Printer,Office,East,6,2100,202.86,31-07-2024,,
O3005,Smartwatch,Electronics,West,3,1497,122.76,31-07-2024,,
O3006,Laptop,Electronics,North,6,4200,1013.7,31-07-2024,,
O3007,Headphones,Accessories,South,2,1242,191.82,01-08-2024,,
O3008,Smartwatch,Electronics,South,5,1570,312.81,01-08-2024,,
O3009,Monitor,Accessories,East,4,428,86.62,01-08-2024,,
O3010,Printer,Office,South,1,914,270.74,01-08-2024,,
O3011,Tablet,Electronics,North,3,465,98.93,01-08-2024,,
O3012,Smartwatch,Electronics,North,2,1062,83.49,02-08-2024,,
O3013,Camera,Electronics,South,8,8720,1984.11,03-08-2024,,
O3014,Mouse,Accessories,South,6,1308,343.61,03-08-2024,,
O3015,Headphones,Accessories,South,9,8514,1291.97,03-08-2024,,
O3016,Tablet,Electronics,North,2,1212,151.07,03-08-2024,,
O3017,Headphones,Accessories,West,4,2576,503.57,04-08-2024,,
O3018,Keyboard,Accessories,East,8,4800,606.19,04-08-2024,,
O3019,Smartwatch,Electronics,East,5,1440,274.54,04-08-2024,,
O3020,Smartwatch,Electronics,North,9,10251,737.45,04-08-2024,,
O3021,Smartphone,Electronics,North,7,3038,570.98,05-08-2024,,
O3022,Monitor,Accessories,West,9,6993,1945.56,05-08-2024,,
O3023,Monitor,Accessories,East,4,1632,247.88,06-08-2024,,
O3024,Keyboard,Accessories,East,9,5706,1704.8,06-08-2024,,
O3025,Camera,Electronics,North,9,9657,1187.22,06-08-2024,,
O3026,Smartwatch,Electronics,East,5,4405,450.83,06-08-2024,,
O3027,Keyboard,Accessories,East,4,1720,360.78,07-08-2024,,
O3028,Camera,Electronics,South,7,4557,234.62,07-08-2024,,
O3029,Headphones,Accessories,West,7,2380,431.43,07-08-2024,,
O3030,Headphones,Accessories,North,8,456,74.99,07-08-2024,,
O3031,Camera,Electronics,East,6,6534,355.03,07-08-2024,,
O3032,Smartphone,Electronics,North,6,3456,307.46,07-08-2024,,
O3033,Keyboard,Accessories,West,9,8163,2352.46,08-08-2024,,
O3034,Headphones,Accessories,North,6,4656,601.71,08-08-2024,,
O3035,Smartphone,Electronics,West,2,966,241.54,08-08-2024,,
O3036,Mouse,Accessories,East,4,2580,669.67,08-08-2024,,
O3037,Camera,Electronics,South,9,8127,1906.5,08-08-2024,,
O3038,Smartwatch,Electronics,South,4,2128,614.05,09-08-2024,,
O3039,Smartphone,Electronics,South,9,6417,1100.52,09-08-2024,,
O3040,Keyboard,Accessories,East,7,3997,494.78,09-08-2024,,
O3041,Laptop,Electronics,West,1,879,149.52,12-08-2024,,
O3042,Laptop,Electronics,North,3,2415,538.39,12-08-2024,,
O3043,Camera,Electronics,West,4,1064,314.84,12-08-2024,,
O3044,Mouse,Accessories,South,4,1156,326.92,13-08-2024,,
O3045,Smartphone,Electronics,North,1,1184,218.27,13-08-2024,,
O3046,Keyboard,Accessories,South,3,1950,211.16,13-08-2024,,
O3047,Laptop,Electronics,South,4,1088,295.09,14-08-2024,,
O3048,Printer,Office,South,6,4380,522.3,14-08-2024,,
O3049,Camera,Electronics,South,1,998,196.17,14-08-2024,,
O3050,Smartphone,Electronics,East,6,5766,675.17,15-08-2024,,
O3051,Tablet,Electronics,West,6,3120,274.65,16-08-2024,,
O3052,Printer,Office,East,7,637,68.11,16-08-2024,,
O3053,Laptop,Electronics,West,6,3306,697.74,16-08-2024,,
O3054,Monitor,Accessories,South,6,7020,726.72,16-08-2024,,
O3055,Camera,Electronics,South,7,5971,502.14,17-08-2024,,
O3056,Laptop,Electronics,North,2,750,77.68,17-08-2024,,
O3057,Tablet,Electronics,North,3,2379,523,17-08-2024,,
O3058,Camera,Electronics,North,1,699,108.94,18-08-2024,,
O3059,Camera,Electronics,West,9,6876,1895.24,19-08-2024,,
O3060,Monitor,Accessories,North,8,1800,494.02,19-08-2024,,
O3061,Tablet,Electronics,South,5,1255,236.25,19-08-2024,,
O3062,Smartwatch,Electronics,East,9,1998,343.58,19-08-2024,,
O3063,Headphones,Accessories,East,1,307,80.19,20-08-2024,,
O3064,Printer,Office,West,1,235,54.87,20-08-2024,,
O3065,Monitor,Accessories,South,6,1506,407.73,21-08-2024,,
O3066,Tablet,Electronics,North,8,2464,216.51,21-08-2024,,
O3067,Smartwatch,Electronics,South,2,322,42.03,21-08-2024,,
O3068,Printer,Office,West,4,1100,100.02,22-08-2024,,
O3069,Keyboard,Accessories,South,4,2188,265.54,22-08-2024,,
O3070,Printer,Office,West,9,2934,473.34,22-08-2024,,
O3071,Headphones,Accessories,South,8,9224,514.06,22-08-2024,,
O3072,Monitor,Accessories,East,4,2436,142.81,23-08-2024,,
O3073,Smartwatch,Electronics,West,4,972,97.55,23-08-2024,,
O3074,Laptop,Electronics,South,6,5484,540.4,24-08-2024,,
O3075,Camera,Electronics,West,8,3152,337.36,24-08-2024,,
O3076,Keyboard,Accessories,East,8,6032,870.17,24-08-2024,,
O3077,Camera,Electronics,West,7,6384,1324.49,24-08-2024,,
O3078,Printer,Office,East,5,3705,707.08,26-08-2024,,
O3079,Smartwatch,Electronics,South,6,5580,394.03,28-08-2024,,
O3080,Camera,Electronics,East,2,1236,120.74,28-08-2024,,
O3081,Camera,Electronics,North,8,7040,1969.93,29-08-2024,,
O3082,Camera,Electronics,East,9,909,138.04,29-08-2024,,
O3083,Mouse,Accessories,South,1,106,7.24,30-08-2024,,
O3084,Smartwatch,Electronics,South,1,281,67.85,31-08-2024,,
O3085,Camera,Electronics,East,6,6768,1851.01,31-08-2024,,
O3086,Laptop,Electronics,West,6,4302,276.35,31-08-2024,,
O3087,Smartphone,Electronics,North,9,7146,2125.44,31-08-2024,,
O3088,Smartphone,Electronics,South,3,582,48.08,01-09-2024,,
O3089,Headphones,Accessories,North,6,576,162.75,01-09-2024,,
O3090,Keyboard,Accessories,South,5,4265,796.12,01-09-2024,,
O3091,Smartwatch,Electronics,East,8,5368,333.53,01-09-2024,,
O3092,Headphones,Accessories,South,1,314,66.23,03-09-2024,,
O3093,Tablet,Electronics,West,6,2676,646.7,03-09-2024,,
O3094,Laptop,Electronics,North,4,3384,947.52,03-09-2024,,
O3095,Mouse,Accessories,West,6,3186,794.94,04-09-2024,,
O3096,Smartwatch,Electronics,South,4,1832,528.69,04-09-2024,,
O3097,Printer,Office,South,8,4784,769.91,04-09-2024,,
O3098,Tablet,Electronics,West,1,381,63.18,04-09-2024,,
O3099,Smartphone,Electronics,South,9,4527,677.34,04-09-2024,,
O3100,Printer,Office,South,4,1612,240.42,05-09-2024,,
O3101,Printer,Office,East,2,1918,435.56,05-09-2024,,
O3102,Camera,Electronics,East,1,179,42.37,05-09-2024,,
O3103,Smartwatch,Electronics,West,3,3153,224.29,05-09-2024,,
O3104,Tablet,Electronics,East,8,3864,855.75,05-09-2024,,
O3105,Printer,Office,South,5,2440,570.78,06-09-2024,,
O3106,Camera,Electronics,South,6,3660,675.38,06-09-2024,,
O3107,Smartwatch,Electronics,East,3,318,49.93,07-09-2024,,
O3108,Mouse,Accessories,South,3,483,63.27,07-09-2024,,
O3109,Headphones,Accessories,North,6,6774,960.41,08-09-2024,,
O3110,Monitor,Accessories,West,5,5310,806.12,08-09-2024,,
O3111,Keyboard,Accessories,West,6,5154,779.43,08-09-2024,,
O3112,Keyboard,Accessories,East,9,6741,823.17,08-09-2024,,
O3113,Camera,Electronics,North,2,520,61.33,08-09-2024,,
O3114,Tablet,Electronics,East,7,1120,111.79,08-09-2024,,
O3115,Keyboard,Accessories,East,1,911,155.3,09-09-2024,,
O3116,Monitor,Accessories,South,8,1064,190.73,09-09-2024,,
O3117,Laptop,Electronics,North,7,1981,404.3,09-09-2024,,
O3118,Camera,Electronics,South,5,4280,540.47,09-09-2024,,
O3119,Smartwatch,Electronics,South,5,5125,268.39,09-09-2024,,
O3120,Monitor,Accessories,West,7,1575,313.96,10-09-2024,,
O3121,Tablet,Electronics,East,9,9972,1868.64,10-09-2024,,
O3122,Smartphone,Electronics,East,8,4576,900.04,10-09-2024,,
O3123,Monitor,Accessories,South,7,6559,1141.32,10-09-2024,,
O3124,Tablet,Electronics,South,1,619,35.36,10-09-2024,,
O3125,Headphones,Accessories,West,8,2488,151.95,12-09-2024,,
O3126,Mouse,Accessories,West,4,2536,148.85,12-09-2024,,
O3127,Tablet,Electronics,West,8,5416,297.5,12-09-2024,,
O3128,Smartwatch,Electronics,East,2,2334,158.07,12-09-2024,,
O3129,Camera,Electronics,East,9,1080,183.42,13-09-2024,,
O3130,Tablet,Electronics,South,4,1324,127.07,13-09-2024,,
O3131,Camera,Electronics,West,2,2304,444.08,13-09-2024,,
O3132,Smartphone,Electronics,East,4,4736,1026.24,14-09-2024,,
O3133,Mouse,Accessories,West,9,2925,457.49,14-09-2024,,
O3134,Laptop,Electronics,East,9,6345,1627.26,15-09-2024,,
O3135,Headphones,Accessories,East,9,4221,912.84,15-09-2024,,
O3136,Headphones,Accessories,South,7,462,56.89,16-09-2024,,
O3137,Monitor,Accessories,North,7,7588,1625.55,16-09-2024,,
O3138,Keyboard,Accessories,North,6,5232,1270.64,16-09-2024,,
O3139,Camera,Electronics,East,8,1440,402.06,17-09-2024,,
O3140,Monitor,Accessories,North,2,1026,226.4,17-09-2024,,
O3141,Camera,Electronics,North,7,7455,1008.42,17-09-2024,,
O3142,Printer,Office,East,8,2456,404.35,18-09-2024,,
O3143,Camera,Electronics,North,3,2859,404.56,18-09-2024,,
O3144,Keyboard,Accessories,East,1,311,50.66,18-09-2024,,
O3145,Printer,Office,East,9,1260,246.6,18-09-2024,,
O3146,Keyboard,Accessories,South,1,466,102.48,18-09-2024,,
O3147,Laptop,Electronics,West,3,867,58.2,19-09-2024,,
O3148,Monitor,Accessories,South,6,3888,275.72,19-09-2024,,
O3149,Tablet,Electronics,North,4,3032,347.2,19-09-2024,,
O3150,Tablet,Electronics,North,7,4704,978.81,19-09-2024,,
O3151,Printer,Office,West,3,3186,527.75,20-09-2024,,
O3152,Printer,Office,North,9,6183,359.54,20-09-2024,,
O3153,Smartwatch,Electronics,West,1,243,21.75,20-09-2024,,
O3154,Smartphone,Electronics,North,3,897,235.67,20-09-2024,,
O3155,Headphones,Accessories,West,9,4563,675.62,21-09-2024,,
O3156,Laptop,Electronics,South,4,628,156.98,21-09-2024,,
O3157,Monitor,Accessories,East,6,1050,172.83,21-09-2024,,
O3158,Monitor,Accessories,North,8,3032,278.85,21-09-2024,,
O3159,Keyboard,Accessories,West,1,920,118.24,21-09-2024,,
O3160,Laptop,Electronics,South,2,668,90.67,22-09-2024,,
O3161,Mouse,Accessories,East,5,5990,1403.53,22-09-2024,,
O3162,Tablet,Electronics,South,9,9324,1223.9,22-09-2024,,
O3163,Keyboard,Accessories,East,8,5768,368.49,23-09-2024,,
O3164,Laptop,Electronics,North,1,1123,318.09,23-09-2024,,
O3165,Keyboard,Accessories,West,4,2336,453.04,23-09-2024,,
O3166,Laptop,Electronics,West,6,438,26.03,24-09-2024,,
O3167,Tablet,Electronics,North,6,5940,318.72,24-09-2024,,
O3168,Camera,Electronics,West,3,1848,549.34,25-09-2024,,
O3169,Keyboard,Accessories,North,3,2118,321.05,25-09-2024,,
O3170,Smartphone,Electronics,North,3,231,36.73,25-09-2024,,
O3171,Headphones,Accessories,South,6,978,182.46,25-09-2024,,
O3172,Monitor,Accessories,North,5,4960,420.98,25-09-2024,,
O3173,Camera,Electronics,South,3,1377,330.44,25-09-2024,,
O3174,Camera,Electronics,West,2,1958,227.77,25-09-2024,,
O3175,Mouse,Accessories,West,7,5607,1288.04,26-09-2024,,
O3176,Smartwatch,Electronics,South,6,3504,980.7,26-09-2024,,
O3177,Mouse,Accessories,North,4,796,75.15,27-09-2024,,
O3178,Monitor,Accessories,North,1,342,37.64,27-09-2024,,
O3179,Monitor,Accessories,South,7,6769,1549.67,27-09-2024,,
O3180,Headphones,Accessories,South,9,10080,1794.73,28-09-2024,,
O3181,Smartwatch,Electronics,East,7,3948,758.36,28-09-2024,,
O3182,Headphones,Accessories,South,4,1488,74.52,28-09-2024,,
O3183,Mouse,Accessories,South,5,1200,201.8,29-09-2024,,
O3184,Smartwatch,Electronics,North,4,4476,977.6,29-09-2024,,
O3185,Monitor,Accessories,West,1,1178,292.15,29-09-2024,,
O3186,Smartwatch,Electronics,South,8,2888,149.92,29-09-2024,,
O3187,Smartphone,Electronics,South,6,1704,193.18,30-09-2024,,
O3188,Printer,Office,West,8,4200,1017.94,30-09-2024,,
O3189,Keyboard,Accessories,East,7,4417,562.79,30-09-2024,,
O3190,Camera,Electronics,West,4,764,178.83,30-09-2024,,
O3191,Headphones,Accessories,South,4,4000,964.43,30-09-2024,,
O3192,Monitor,Accessories,East,9,2331,558,01-10-2024,,
O3193,Mouse,Accessories,West,9,8172,1296.29,01-10-2024,,
O3194,Laptop,Electronics,North,1,761,61.15,01-10-2024,,
O3195,Camera,Electronics,East,2,494,56.41,01-10-2024,,
O3196,Headphones,Accessories,East,2,194,52.16,01-10-2024,,
O3197,Tablet,Electronics,West,6,5820,1423.67,01-10-2024,,
O3198,Camera,Electronics,North,5,410,121.77,02-10-2024,,
O3199,Smartphone,Electronics,East,6,1254,360.87,02-10-2024,,
O3200,Tablet,Electronics,East,6,3432,452.4,02-10-2024,,
O3201,Camera,Electronics,North,4,3792,997.99,02-10-2024,,
O3202,Tablet,Electronics,West,7,546,117.9,03-10-2024,,
O3203,Smartwatch,Electronics,East,3,1452,217.06,03-10-2024,,
O3204,Keyboard,Accessories,West,8,9296,1556.05,03-10-2024,,
O3205,Mouse,Accessories,North,1,1160,149.81,03-10-2024,,
O3206,Laptop,Electronics,West,6,4728,682.01,03-10-2024,,
O3207,Camera,Electronics,North,6,1836,508.81,04-10-2024,,
O3208,Smartwatch,Electronics,South,7,6237,1784.89,05-10-2024,,
O3209,Laptop,Electronics,West,5,5845,941.79,05-10-2024,,
O3210,Monitor,Accessories,South,9,6138,851.14,05-10-2024,,
O3211,Camera,Electronics,West,2,1416,136.75,05-10-2024,,
O3212,Keyboard,Accessories,West,3,1851,348.9,05-10-2024,,
O3213,Printer,Office,South,9,7452,1259.82,06-10-2024,,
O3214,Tablet,Electronics,North,5,1630,190.38,06-10-2024,,
O3215,Camera,Electronics,West,6,4800,930.44,07-10-2024,,
O3216,Smartwatch,Electronics,South,1,61,16.11,07-10-2024,,
O3217,Monitor,Accessories,East,6,942,80.27,09-10-2024,,
O3218,Smartphone,Electronics,South,8,7640,1663.63,09-10-2024,,
O3219,Camera,Electronics,South,5,4540,939.71,09-10-2024,,
O3220,Headphones,Accessories,North,1,1030,190.47,09-10-2024,,
O3221,Printer,Office,North,2,384,30.84,09-10-2024,,
O3222,Smartwatch,Electronics,West,8,8560,991.94,10-10-2024,,
O3223,Camera,Electronics,West,9,1557,117.36,10-10-2024,,
O3224,Tablet,Electronics,East,7,707,124.59,10-10-2024,,
O3225,Mouse,Accessories,West,5,3405,476.39,11-10-2024,,
O3226,Tablet,Electronics,West,6,4722,522.16,11-10-2024,,
O3227,Headphones,Accessories,North,2,2150,625.93,11-10-2024,,
O3228,Monitor,Accessories,West,7,3619,827.39,12-10-2024,,
O3229,Smartwatch,Electronics,South,4,3892,909.22,12-10-2024,,
O3230,Camera,Electronics,South,1,54,13.29,12-10-2024,,
O3231,Keyboard,Accessories,South,1,612,136.25,13-10-2024,,
O3232,Monitor,Accessories,East,5,3850,419.55,13-10-2024,,
O3233,Camera,Electronics,East,5,3005,389.93,13-10-2024,,
O3234,Headphones,Accessories,North,9,5256,1296.65,14-10-2024,,
O3235,Printer,Office,East,6,3576,1033.3,14-10-2024,,
O3236,Tablet,Electronics,West,5,3415,496.48,14-10-2024,,
O3237,Camera,Electronics,West,3,1722,203.04,14-10-2024,,
O3238,Mouse,Accessories,East,8,4088,853.36,15-10-2024,,
O3239,Headphones,Accessories,West,5,5320,882.84,15-10-2024,,
O3240,Mouse,Accessories,West,6,3660,1079,15-10-2024,,
O3241,Camera,Electronics,West,6,5250,1228.49,15-10-2024,,
O3242,Laptop,Electronics,North,4,328,90.89,15-10-2024,,
O3243,Smartphone,Electronics,West,7,1596,359.71,16-10-2024,,
O3244,Printer,Office,South,7,2443,661.21,17-10-2024,,
O3245,Smartwatch,Electronics,East,7,5432,870.08,17-10-2024,,
O3246,Printer,Office,North,3,1254,221.19,18-10-2024,,
O3247,Tablet,Electronics,East,5,5495,1276.27,18-10-2024,,
O3248,Headphones,Accessories,North,4,596,72.65,18-10-2024,,
O3249,Printer,Office,South,6,3696,597.66,18-10-2024,,
O3250,Mouse,Accessories,North,6,4488,939.05,18-10-2024,,
O3251,Camera,Electronics,West,6,6846,932.21,19-10-2024,,
O3252,Mouse,Accessories,West,8,2960,607.64,20-10-2024,,
O3253,Smartphone,Electronics,South,1,419,99.5,20-10-2024,,
O3254,Laptop,Electronics,West,6,6246,327.14,20-10-2024,,
O3255,Tablet,Electronics,South,4,1900,372.18,20-10-2024,,
O3256,Monitor,Accessories,North,7,3451,397.29,20-10-2024,,
O3257,Smartphone,Electronics,West,2,1612,344.37,20-10-2024,,
O3258,Laptop,Electronics,South,5,4445,642.83,20-10-2024,,
O3259,Smartwatch,Electronics,North,5,720,63.84,20-10-2024,,
O3260,Mouse,Accessories,East,2,1428,234.49,21-10-2024,,
O3261,Tablet,Electronics,East,4,3532,665.2,21-10-2024,,
O3262,Camera,Electronics,North,6,6528,549.62,21-10-2024,,
O3263,Monitor,Accessories,East,1,743,216.5,21-10-2024,,
O3264,Smartwatch,Electronics,East,6,1758,287.36,21-10-2024,,
O3265,Headphones,Accessories,South,8,1008,100.61,21-10-2024,,
O3266,Smartphone,Electronics,East,1,995,149.86,22-10-2024,,
O3267,Keyboard,Accessories,West,9,4032,876.91,22-10-2024,,
O3268,Smartphone,Electronics,East,6,480,131.08,22-10-2024,,
O3269,Laptop,Electronics,East,1,989,149.99,22-10-2024,,
O3270,Smartphone,Electronics,North,9,6606,759.55,23-10-2024,,
O3271,Smartwatch,Electronics,East,6,912,256.58,24-10-2024,,
O3272,Mouse,Accessories,South,4,2912,331.11,25-10-2024,,
O3273,Camera,Electronics,West,5,845,69.35,25-10-2024,,
O3274,Monitor,Accessories,South,4,2804,382.82,25-10-2024,,
O3275,Laptop,Electronics,East,2,208,11.53,26-10-2024,,
O3276,Smartwatch,Electronics,East,1,379,42.24,26-10-2024,,
O3277,Mouse,Accessories,West,3,1227,113.38,26-10-2024,,
O3278,Headphones,Accessories,East,7,5551,392.37,26-10-2024,,
O3279,Headphones,Accessories,West,1,423,115.44,26-10-2024,,
O3280,Headphones,Accessories,West,6,5982,944.81,27-10-2024,,
O3281,Smartphone,Electronics,West,4,3732,468.6,27-10-2024,,
O3282,Printer,Office,North,9,5904,1152.23,27-10-2024,,
O3283,Headphones,Accessories,East,5,1810,171.47,28-10-2024,,
O3284,Smartphone,Electronics,South,6,5604,615.07,28-10-2024,,
O3285,Laptop,Electronics,West,2,432,81.31,29-10-2024,,
O3286,Keyboard,Accessories,East,2,416,68.58,29-10-2024,,
O3287,Monitor,Accessories,North,8,1224,281.43,29-10-2024,,
O3288,Printer,Office,West,8,5168,672.6,29-10-2024,,
O3289,Monitor,Accessories,East,6,6522,502.98,30-10-2024,,
O3290,Keyboard,Accessories,South,5,1090,140.7,30-10-2024,,
O3291,Laptop,Electronics,South,3,1737,353.17,30-10-2024,,
O3292,Printer,Office,West,9,7281,1358.17,31-10-2024,,
O3293,Smartwatch,Electronics,South,9,5832,1007.54,31-10-2024,,
O3294,Printer,Office,East,9,7020,623.97,31-10-2024,,
O3295,Mouse,Accessories,South,3,2001,420.08,01-11-2024,,
O3296,Monitor,Accessories,West,2,1832,489.21,01-11-2024,,
O3297,Smartwatch,Electronics,East,6,3372,934.42,01-11-2024,,
O3298,Tablet,Electronics,West,6,3384,503.86,01-11-2024,,
O3299,Monitor,Accessories,East,1,351,31.95,02-11-2024,,
O3300,Camera,Electronics,South,2,2092,549.42,02-11-2024,,
O3301,Monitor,Accessories,South,7,1309,138.46,02-11-2024,,
O3302,Keyboard,Accessories,North,9,6696,407.36,02-11-2024,,
O3303,Keyboard,Accessories,East,5,1020,162.36,03-11-2024,,
O3304,Keyboard,Accessories,East,8,8240,2006.72,03-11-2024,,
O3305,Headphones,Accessories,South,9,9810,1008.6,03-11-2024,,
O3306,Tablet,Electronics,West,1,853,97.5,03-11-2024,,
O3307,Camera,Electronics,East,4,4416,1081.53,03-11-2024,,
O3308,Headphones,Accessories,North,8,3832,741.44,03-11-2024,,
O3309,Monitor,Accessories,South,4,1876,221.18,03-11-2024,,
O3310,Laptop,Electronics,South,3,2634,392.21,04-11-2024,,
O3311,Laptop,Electronics,North,1,1027,259.92,04-11-2024,,
O3312,Printer,Office,West,5,3100,911.86,04-11-2024,,
O3313,Mouse,Accessories,West,1,104,29.67,04-11-2024,,
O3314,Mouse,Accessories,East,2,1590,147.2,04-11-2024,,
O3315,Camera,Electronics,South,4,1104,63.57,05-11-2024,,
O3316,Smartphone,Electronics,South,3,1851,198.71,06-11-2024,,
O3317,Smartphone,Electronics,South,2,1408,193.09,06-11-2024,,
O3318,Laptop,Electronics,South,7,4641,1341.98,06-11-2024,,
O3319,Tablet,Electronics,West,7,2611,539.37,06-11-2024,,
O3320,Laptop,Electronics,North,4,3824,711.92,06-11-2024,,
O3321,Smartphone,Electronics,East,2,2042,501.34,06-11-2024,,
O3322,Tablet,Electronics,North,6,6378,1408.28,08-11-2024,,
O3323,Camera,Electronics,East,4,4692,409.07,08-11-2024,,
O3324,Laptop,Electronics,West,6,6234,1829.07,08-11-2024,,
O3325,Smartphone,Electronics,West,4,1852,535.07,09-11-2024,,
O3326,Monitor,Accessories,South,3,3075,804.06,09-11-2024,,
O3327,Printer,Office,North,5,370,92.45,09-11-2024,,
O3328,Keyboard,Accessories,North,6,624,66.99,10-11-2024,,
O3329,Smartwatch,Electronics,South,2,1734,310.76,11-11-2024,,
O3330,Printer,Office,West,9,2268,361.62,11-11-2024,,
O3331,Camera,Electronics,East,5,3670,924.95,11-11-2024,,
O3332,Smartwatch,Electronics,North,7,4634,1358.44,11-11-2024,,
O3333,Headphones,Accessories,North,9,1440,94.41,12-11-2024,,
O3334,Laptop,Electronics,West,6,5136,1225.4,12-11-2024,,
O3335,Smartphone,Electronics,East,1,166,31.72,13-11-2024,,
O3336,Keyboard,Accessories,East,3,1422,328.98,13-11-2024,,
O3337,Headphones,Accessories,East,8,1832,532.97,14-11-2024,,
O3338,Printer,Office,South,1,668,94.08,14-11-2024,,
O3339,Camera,Electronics,West,6,1272,336.3,15-11-2024,,
O3340,Keyboard,Accessories,North,8,984,72.54,15-11-2024,,
O3341,Printer,Office,South,7,7896,484.76,15-11-2024,,
O3342,Smartphone,Electronics,North,1,636,42.4,15-11-2024,,
O3343,Laptop,Electronics,North,3,2031,450.23,15-11-2024,,
O3344,Mouse,Accessories,West,9,3186,483.22,16-11-2024,,
O3345,Headphones,Accessories,South,1,134,33.12,16-11-2024,,
O3346,Tablet,Electronics,South,5,1765,347.42,16-11-2024,,
O3347,Keyboard,Accessories,East,4,3628,717.81,17-11-2024,,
O3348,Monitor,Accessories,West,4,1000,198.92,17-11-2024,,
O3349,Camera,Electronics,North,2,2134,119.89,17-11-2024,,
O3350,Smartwatch,Electronics,North,7,6706,1687.22,18-11-2024,,
O3351,Laptop,Electronics,East,3,321,72.13,18-11-2024,,
O3352,Camera,Electronics,South,3,3126,710.14,18-11-2024,,
O3353,Monitor,Accessories,South,7,5446,697.21,19-11-2024,,
O3354,Tablet,Electronics,East,1,1131,140.55,19-11-2024,,
O3355,Printer,Office,East,2,1946,141.75,19-11-2024,,
O3356,Laptop,Electronics,North,7,6818,1348.26,19-11-2024,,
O3357,Smartphone,Electronics,East,7,2317,677.61,19-11-2024,,
O3358,Smartwatch,Electronics,East,6,396,89.51,20-11-2024,,
O3359,Smartphone,Electronics,South,1,558,49.81,20-11-2024,,
O3360,Smartphone,Electronics,East,9,2034,593.13,20-11-2024,,
O3361,Mouse,Accessories,West,8,6080,1171.93,20-11-2024,,
O3362,Smartwatch,Electronics,East,2,1378,183.1,20-11-2024,,
O3363,Monitor,Accessories,East,3,483,120.11,20-11-2024,,
O3364,Keyboard,Accessories,South,8,7864,1615.58,21-11-2024,,
O3365,Printer,Office,North,2,1268,141.76,21-11-2024,,
O3366,Printer,Office,West,6,3774,606.94,21-11-2024,,
O3367,Smartwatch,Electronics,East,9,9090,727.64,22-11-2024,,
O3368,Camera,Electronics,North,5,3720,1077.21,23-11-2024,,
O3369,Smartphone,Electronics,East,8,8896,1825.26,23-11-2024,,
O3370,Mouse,Accessories,South,4,3264,639.8,24-11-2024,,
O3371,Printer,Office,West,2,146,15.48,24-11-2024,,
O3372,Headphones,Accessories,East,3,1683,129.64,24-11-2024,,
O3373,Camera,Electronics,West,7,6076,788.14,25-11-2024,,
O3374,Smartwatch,Electronics,West,2,2388,492.54,25-11-2024,,
O3375,Smartphone,Electronics,East,6,882,180.63,26-11-2024,,
O3376,Laptop,Electronics,West,3,3561,206.87,26-11-2024,,
O3377,Tablet,Electronics,East,7,3395,350.26,26-11-2024,,
O3378,Smartphone,Electronics,South,6,3366,460.75,27-11-2024,,
O3379,Mouse,Accessories,East,2,630,144.14,27-11-2024,,
O3380,Camera,Electronics,South,1,440,34.74,27-11-2024,,
O3381,Smartwatch,Electronics,East,6,6462,1466.15,27-11-2024,,
O3382,Monitor,Accessories,South,6,5004,1197.36,27-11-2024,,
O3383,Laptop,Electronics,South,8,1840,461.21,27-11-2024,,
O3384,Tablet,Electronics,South,7,4466,763.14,28-11-2024,,
O3385,Tablet,Electronics,South,6,3048,823.36,28-11-2024,,
O3386,Mouse,Accessories,South,7,4977,516.7,28-11-2024,,
O3387,Keyboard,Accessories,South,3,2010,387.31,28-11-2024,,
O3388,Camera,Electronics,South,8,5352,1133.57,29-11-2024,,
O3389,Camera,Electronics,North,4,4136,294.21,30-11-2024,,
O3390,Camera,Electronics,West,8,6336,439.42,01-12-2024,,
O3391,Laptop,Electronics,East,9,5481,1540.75,01-12-2024,,
O3392,Camera,Electronics,West,6,6366,318.97,01-12-2024,,
O3393,Printer,Office,West,1,623,81.24,02-12-2024,,
O3394,Mouse,Accessories,South,3,237,49.94,03-12-2024,,
O3395,Keyboard,Accessories,North,9,8370,1525.8,03-12-2024,,
O3396,Headphones,Accessories,South,5,4965,774.74,03-12-2024,,
O3397,Camera,Electronics,South,7,7791,1844.69,03-12-2024,,
O3398,Smartphone,Electronics,West,1,158,32.89,04-12-2024,,
O3399,Keyboard,Accessories,West,7,4347,712.79,04-12-2024,,
O3400,Smartphone,Electronics,East,4,3364,527.28,05-12-2024,,
O3401,Camera,Electronics,South,3,1098,77.81,05-12-2024,,
O3402,Headphones,Accessories,West,3,1083,257.44,05-12-2024,,
O3403,Laptop,Electronics,East,4,1628,314.96,05-12-2024,,
O3404,Keyboard,Accessories,South,4,1472,387.27,06-12-2024,,
O3405,Printer,Office,West,9,3753,1114.87,06-12-2024,,
O3406,Monitor,Accessories,South,6,6402,1602.79,06-12-2024,,
O3407,Monitor,Accessories,West,3,2565,510.73,06-12-2024,,
O3408,Mouse,Accessories,South,3,2214,127.34,06-12-2024,,
O3409,Monitor,Accessories,West,3,975,291.81,06-12-2024,,
O3410,Printer,Office,East,8,3312,854.12,06-12-2024,,
O3411,Printer,Office,East,1,267,41.85,07-12-2024,,
O3412,Smartphone,Electronics,East,9,8145,2384.42,07-12-2024,,
O3413,Printer,Office,North,1,232,34.26,07-12-2024,,
O3414,Smartphone,Electronics,North,3,300,38.44,07-12-2024,,
O3415,Monitor,Accessories,East,2,2248,473.21,08-12-2024,,
O3416,Monitor,Accessories,North,6,1614,166.62,08-12-2024,,
O3417,Monitor,Accessories,West,2,1476,195.74,09-12-2024,,
O3418,Printer,Office,South,5,4375,347.43,10-12-2024,,
O3419,Smartwatch,Electronics,North,4,1064,263.48,10-12-2024,,
O3420,Headphones,Accessories,North,6,1068,190.77,11-12-2024,,
O3421,Keyboard,Accessories,East,1,190,27.43,11-12-2024,,
O3422,Printer,Office,South,7,7868,862.38,11-12-2024,,
O3423,Keyboard,Accessories,North,3,1239,143.35,11-12-2024,,
O3424,Monitor,Accessories,East,2,1394,408.32,11-12-2024,,
O3425,Smartphone,Electronics,North,5,2060,403.19,11-12-2024,,
O3426,Laptop,Electronics,East,1,1060,57.26,11-12-2024,,
O3427,Monitor,Accessories,North,7,7812,1478.43,12-12-2024,,
O3428,Camera,Electronics,North,7,7077,804.15,12-12-2024,,
O3429,Smartphone,Electronics,West,7,5712,929.42,13-12-2024,,
O3430,Printer,Office,North,6,4146,966.79,13-12-2024,,
O3431,Tablet,Electronics,West,2,992,238.18,13-12-2024,,
O3432,Smartwatch,Electronics,North,2,1756,165.6,14-12-2024,,
O3433,Monitor,Accessories,West,4,3632,566.81,15-12-2024,,
O3434,Headphones,Accessories,East,4,3912,550.09,15-12-2024,,
O3435,Printer,Office,North,9,3123,741.23,16-12-2024,,
O3436,Printer,Office,West,4,700,120.19,16-12-2024,,
O3437,Tablet,Electronics,South,8,408,83.16,16-12-2024,,
O3438,Smartphone,Electronics,South,4,4056,768.81,16-12-2024,,
O3439,Laptop,Electronics,West,1,770,121.75,16-12-2024,,
O3440,Smartwatch,Electronics,North,3,531,73.35,17-12-2024,,
O3441,Monitor,Accessories,South,5,280,79.77,17-12-2024,,
O3442,Laptop,Electronics,East,7,4550,892.73,17-12-2024,,
O3443,Smartwatch,Electronics,West,5,2480,601.66,18-12-2024,,
O3444,Printer,Office,West,6,2604,305.73,18-12-2024,,
O3445,Keyboard,Accessories,West,7,1351,310.03,19-12-2024,,
O3446,Monitor,Accessories,South,5,4615,251,19-12-2024,,
O3447,Mouse,Accessories,West,1,829,165.05,19-12-2024,,
O3448,Camera,Electronics,West,3,177,43.41,19-12-2024,,
O3449,Headphones,Accessories,West,1,1086,161.05,20-12-2024,,
O3450,Laptop,Electronics,South,5,275,64.9,20-12-2024,,
O3451,Mouse,Accessories,North,1,564,164.5,20-12-2024,,
O3452,Keyboard,Accessories,South,2,684,71.39,20-12-2024,,
O3453,Laptop,Electronics,South,4,2656,687.63,20-12-2024,,
O3454,Laptop,Electronics,West,5,1190,346.79,20-12-2024,,
O3455,Printer,Office,South,6,4854,510.88,20-12-2024,,
O3456,Printer,Office,West,5,1060,217.96,20-12-2024,,
O3457,Laptop,Electronics,South,3,1527,364.05,21-12-2024,,
O3458,Mouse,Accessories,East,4,1168,177.54,21-12-2024,,
O3459,Tablet,Electronics,South,8,6328,1257.81,21-12-2024,,
O3460,Smartphone,Electronics,North,3,2193,477.95,22-12-2024,,
O3461,Smartwatch,Electronics,East,8,7600,1099.88,22-12-2024,,
O3462,Printer,Office,West,9,1764,322.11,22-12-2024,,
O3463,Keyboard,Accessories,East,2,1270,84.29,24-12-2024,,
O3464,Tablet,Electronics,North,1,607,33.77,24-12-2024,,
O3465,Mouse,Accessories,South,2,1672,469.64,24-12-2024,,
O3466,Keyboard,Accessories,South,6,5718,1358.26,24-12-2024,,
O3467,Headphones,Accessories,South,8,584,107.27,24-12-2024,,
O3468,Camera,Electronics,West,7,7455,966.64,24-12-2024,,
O3469,Keyboard,Accessories,North,7,7679,2270.08,24-12-2024,,
O3470,Tablet,Electronics,West,7,847,154.05,24-12-2024,,
O3471,Mouse,Accessories,West,3,1278,178.78,25-12-2024,,
O3472,Keyboard,Accessories,East,8,6592,1024.82,25-12-2024,,
O3473,Monitor,Accessories,East,8,3544,454.14,25-12-2024,,
O3474,Camera,Electronics,West,3,1959,274.27,25-12-2024,,
O3475,Mouse,Accessories,South,6,3384,924.03,25-12-2024,,
O3476,Smartphone,Electronics,North,1,307,50.2,25-12-2024,,
O3477,Camera,Electronics,West,9,10017,1468.72,26-12-2024,,
O3478,Tablet,Electronics,South,7,7931,504.39,26-12-2024,,
O3479,Laptop,Electronics,North,2,1168,198.4,26-12-2024,,
O3480,Smartphone,Electronics,South,9,9765,909.99,26-12-2024,,
O3481,Tablet,Electronics,South,8,1456,271.26,26-12-2024,,
O3482,Smartphone,Electronics,South,5,950,61.9,27-12-2024,,
O3483,Smartwatch,Electronics,West,2,2314,600.76,27-12-2024,,
O3484,Smartwatch,Electronics,North,1,915,264.3,27-12-2024,,
O3485,Laptop,Electronics,North,1,290,61.14,27-12-2024,,
O3486,Tablet,Electronics,North,7,3584,940.88,28-12-2024,,
O3487,Mouse,Accessories,West,6,1254,205.57,28-12-2024,,
O3488,Laptop,Electronics,North,5,2410,636.83,28-12-2024,,
O3489,Printer,Office,North,2,800,118.68,28-12-2024,,
O3490,Smartwatch,Electronics,West,5,990,87.61,28-12-2024,,
O3491,Laptop,Electronics,West,9,9702,2771.49,29-12-2024,,
O3492,Keyboard,Accessories,East,8,5888,354.27,29-12-2024,,
O3493,Tablet,Electronics,East,4,1768,345.33,29-12-2024,,
O3494,Headphones,Accessories,North,2,1022,76.04,29-12-2024,,
O3495,Tablet,Electronics,North,3,2883,671.91,29-12-2024,,
O3496,Monitor,Accessories,North,4,4064,771.16,30-12-2024,,
O3497,Monitor,Accessories,East,1,1117,119.89,30-12-2024,,
O3498,Laptop,Electronics,South,4,260,66.02,30-12-2024,,
O3499,Printer,Office,South,3,222,50.28,31-12-2024,,
O3500,Smartwatch,Electronics,East,9,10530,1777.32,31-12-2024,,
