Order_ID,Order_Date,Customer_ID,Product,category,Quantity,Price,Revenue,Profit,Payment Method,Discount
O01,01-01-2025,C001,Laptop,Electronics,3,50000,150000,100000,Credit,0.05
O02,02-01-2025,C002,Mobile,Electronics,2,20000,40000,20000,Cash,0.1
O03,03-01-2025,C003, Mixer Grinder,Home Appliance,3,5000,15000,10000,Cash,0
O04,05-01-2025,C004, Printer,Electronics,2,8000,16000,8000,Cash,0
O05,06-01-2025,C005,Table,Furniture,1,25000,25000,0,Cash,0.15
O06,08-01-2025,C006,AC,Electronics,2,40000,80000,40000,Credit,0.05
O07,10-01-2025,C007,Sofa,Furniture,2,30000,60000,30000,Credit,0
O08,12-01-2025,C008,Monitor,Electronics,1,12000,12000,0,Cash,0.1
O09,15-01-2025,C009, Chair,Furniture,5,6000,30000,24000,Cash,0
O10,18-01-2025,C010,Ceiling Fan,Home Appliance,1,2500,2500,0,Cash,0.05
O11,20-01-2025,C001,Electric Kettle,Home Appliance,4,1800,7200,5400,Cash,0
O12,22-01-2025,C002,Mixer Grinder,Home Appliance,2,5000,10000,5000,Cash,0
O13,25-01-2025,C003,Printer,Electronics,1,8000,8000,0,Cash,0.1
O14,28-01-2025,C004,AC,Electronics,4,50000,200000,150000,Cash,0
O15,30-01-2025,C005,Bookshelf Rack,Furniture,3,15000,45000,30000,Credit,0.05
O16,02-02-2025,C006,Water Purifier,Home Appliance,1,5500,5500,0,Cash,0
O17,05-02-2025,C007,Mobile,Electronics,2,20000,40000,20000,Credit,0.05
O18,08-02-2025,C008,Monitor,Electronics,2,12000,24000,12000,Cash,0
O19,10-02-2025,C009,Ceiling Fan,Home Appliance,3,25000,75000,50000,Credit,0.1
O20,15-02-2025,C010,Sofa,Furniture,1,30000,30000,0,Cash,0
O21,16-02-2025,C011,Table,Furniture,3,25000,75000,50000,Cash,0.05
O22,18-02-2025,C012,Mixer Grinder,Home Appliance,1,5000,5000,0,Cash,0.1
O23,19-02-2025,C013,AC,Electronics,4,40000,160000,120000,Credit,0
O24,21-02-2025,C014,Chair,Furniture,1,6000,6000,0,Cash,0
O25,22-02-2025,C015,Laptop,Electronics,1,50000,50000,0,Cash,0.15
O26,24-02-2025,C016,Bookshelf Rack,Furniture,2,15000,30000,15000,Cash,0.05
O27,25-02-2025,C017,Electric Kettle,Home Appliance,1,1800,1800,0,Cash,0
O28,27-02-2025,C018,Sofa,Furniture,2,30000,60000,30000,Cash,0.1
O29,28-02-2025,C019,Chair,Furniture,1,6000,6000,0,Cash,0
O30,01-03-2025,C020,Mixer Grinder,Home Appliance,4,5000,20000,15000,Cash,0.05
O31,02-03-2025,C021,Mixer Grinder,Home Appliance,2,5000,10000,5000,Cash,0
O32,03-03-2025,C022,AC,Electronics,1,40000,40000,0,Cash,0
O33,04-03-2025,C023,Ceiling Fan,Home Appliance,1,25000,25000,0,Cash,0.1
O34,05-03-2025,C024,Laptop,Electronics,3,50000,150000,100000,Credit,0
O35,06-03-2025,C025,Water Purifier,Home Appliance,1,5500,5500,0,Cash,0.05
O36,07-03-2025,C026,Sofa,Furniture,5,30000,150000,120000,Credit,0
O37,08-03-2025,C027,Monitor,Electronics,1,12000,12000,0,Credit,0.05
O38,09-03-2025,C028,Printer,Electronics,2,8000,16000,8000,Cash,0
O39,10-03-2025,C029,Mobile,Electronics,1,20000,20000,0,Cash,0.1
O40,11-03-2025,C030,Electric Kettle,Home Appliance,1,1800,1800,0,Cash,0
O41,12-03-2025,C031,AC,Electronics,1,40000,40000,0,Credit,0.05
O42,13-03-2025,C032,Monitor,Electronics,4,12000,48000,36000,Cash,0.1
O43,14-03-2025,C033,Chair,Furniture,2,6000,12000,6000,Cash,0
O44,15-03-2025,C034, AC,Electronics,5,40000,200000,160000,Cash,0
O45,16-03-2025,C035,Mixer Grinder,Home Appliance,1,5000,5000,0,Cash,0.15
O46,17-03-2025,C036,Laptop,Electronics,3,50000,150000,100000,Cash,0.05
O47,18-03-2025,C037,Sofa,Furniture,1,30000,30000,0,Credit,0
O48,19-03-2025,C038,Bookshelf Rack,Furniture,5,15000,75000,60000,Cash,0.1
O49,20-03-2025,C039,Mobile,Electronics,1,20000,20000,0,Cash,0
O50,21-03-2025,C040,Electric Kettle,Home Appliance,2,1800,3600,1800,Cash,0.05
O51,22-03-2025,C041,AC ,Electronics,1,40000,40000,0,Credit,0
O52,23-03-2025,C042,Mobile,Electronics,3,20000,60000,40000,Cash,0
O53,24-03-2025,C043,Sofa,Furniture,1,30000,30000,0,Cash,0.1
O54,25-03-2025,C044,Mixer Grinder,Home Appliance,4,5000,20000,15000,Cash,0
O55,26-03-2025,C045,Chair,Furniture,2,6000,12000,6000,Cash,0.05
O56,27-03-2025,C046,Mobile,Electronics,1,20000,20000,0,Cash,0
O57,28-03-2025,C047,AC,Electronics,1,40000,40000,0,Cash,0.05
O58,29-03-2025,C048,Printer,Electronics,3,8000,24000,16000,Credit,0
O59,30-03-2025,C049,Mixer Grinder,Home Appliance,1,5000,5000,0,Cash,0.1
O60,31-03-2025,C050,Bookshelf Rack,Furniture,4,15000,60000,45000,Cash,0
O61,01-04-2025,C051,Water Purifier,Home Appliance,1,5500,5500,0,Cash,0.05
O62,02-04-2025,C052,Laptop,Electronics,2,50000,100000,50000,Credit,0.1
O63,03-04-2025,C053,Electric Kettle,Home Appliance,1,1800,1800,0,Cash,0
O64,04-04-2025,C054,Mobile,Electronics,5,20000,100000,80000,Cash,0
O65,05-04-2025,C055,Table,Furniture,1,25000,25000,0,Cash,0.15
O66,06-04-2025,C056,Ceiling Fan,Home Appliance,4,25000,100000,75000,Cash,0.05
O67,07-04-2025,C057,Sofa,Furniture,2,30000,60000,30000,Credit,0
O68,08-04-2025,C058,Monitor,Electronics,1,12000,12000,0,Cash,0.1
O69,09-04-2025,C059,Chair,Furniture,1,60000,60000,0,Cash,0
O70,10-04-2025,C060,Water Purifier,Home Appliance,3,5500,16500,11000,Cash,0.05
O71,11-04-2025,C061,AC,Electronics,1,40000,40000,0,Credit,0
O72,12-04-2025,C062,Mobile,Electronics,1,20000,20000,0,Cash,0
O73,13-04-2025,C063,Printer,Electronics,1,8000,8000,0,Cash,0.1
O74,14-04-2025,C064,Mixer Grinder,Home Appliance,2,5000,10000,5000,Cash,0
O75,15-04-2025,C065,Bookshelf Rack,Furniture,1,15000,15000,0,Cash,0.05
O76,16-04-2025,C066,Electric Kettle,Home Appliance,4,1800,7200,5400,Cash,0
O77,17-04-2025,C067, AC,Electronics,1,40000,40000,0,Credit,0.05
O78,18-04-2025,C068,Sofa,Furniture,4,30000,120000,90000,Credit,0
O79,19-04-2025,C069,Mobile,Electronics,2,20000,40000,20000,Cash,0.1
O80,20-04-2025,C070,Ceiling Fan,Home Appliance,1,25000,25000,0,Cash,0
O81,21-04-2025,C071,Chair,Furniture,1,60000,60000,0,Credit,0.05
O82,22-04-2025,C072,Monitor,Electronics,3,12000,36000,24000,Cash,0.1
O83,23-04-2025,C073,Water Purifier,Home Appliance,1,5500,5500,0,Cash,0
O84,24-04-2025,C074,Bookshelf Rack,Furniture,5,15000,75000,60000,Cash,0
O85,25-04-2025,C075,Sofa,Furniture,1,30000,30000,0,Cash,0.15
O86,26-04-2025,C076,Ceiling Fan,Home Appliance,2,25000,50000,25000,Cash,0.05
O87,27-04-2025,C077,Printer,Electronics,1,8000,8000,0,Cash,0
O88,28-04-2025,C078,AC ,Electronics,1,40000,40000,0,Cash,0.1
O89,29-04-2025,C079,Monitor,Electronics,1,12000,12000,0,Cash,0
O90,30-04-2025,C080,Laptop,Electronics,4,50000,200000,150000,Credit,0.05
O91,01-05-2025,C081,Sofa,Furniture,2,30000,60000,30000,Cash,0
O92,02-05-2025,C082,Bookshelf Rack,Furniture,1,15000,15000,0,Cash,0
O93,03-05-2025,C083,Electric Kettle,Home Appliance,1,1800,1800,0,Cash,0.1
O94,04-05-2025,C084,Mobile,Electronics,3,20000,60000,40000,Cash,0
O95,05-05-2025,C085,Laptop,Electronics,1,50000,50000,0,Credit,0.05
O96,06-05-2025,C086,Mobile,Electronics,4,20000,80000,60000,Cash,0
O97,07-05-2025,C087, Mixer Grinder,Home Appliance,1,5000,5000,0,Cash,0.05
O98,08-05-2025,C088, Printer,Electronics,2,8000,16000,8000,Cash,0
O99,09-05-2025,C089,Table,Furniture,1,25000,25000,0,Cash,0.1
O100,10-05-2025,C090,AC,Electronics,5,40000,200000,160000,Credit,0
O101,11-05-2025,C091,Sofa,Furniture,1,30000,30000,0,Credit,0.05
O102,12-05-2025,C092,Monitor,Electronics,4,12000,48000,36000,Cash,0.1
O103,13-05-2025,C093, Chair,Furniture,2,6000,12000,6000,Cash,0
O104,14-05-2025,C094,Ceiling Fan,Home Appliance,1,2500,2500,0,Cash,0
O105,15-05-2025,C095,Electric Kettle,Home Appliance,1,1800,1800,0,Cash,0.15
O106,16-05-2025,C096,Mixer Grinder,Home Appliance,3,5000,15000,10000,Cash,0.05
O107,17-05-2025,C097,Printer,Electronics,1,8000,8000,0,Cash,0
O108,18-05-2025,C098,AC,Electronics,3,50000,150000,100000,Cash,0.1
O109,19-05-2025,C099,Bookshelf Rack,Furniture,1,15000,15000,0,Credit,0
O110,20-05-2025,C100,Water Purifier,Home Appliance,2,5500,11000,5500,Cash,0.05
O111,21-05-2025,C101,Mobile,Electronics,1,20000,20000,0,Credit,0
O112,22-05-2025,C102,Monitor,Electronics,4,12000,48000,36000,Cash,0
O113,23-05-2025,C103,Ceiling Fan,Home Appliance,1,25000,25000,0,Credit,0.1
O114,24-05-2025,C104,Sofa,Furniture,4,30000,120000,90000,Cash,0
O115,25-05-2025,C105,Table,Furniture,2,25000,50000,25000,Cash,0.05
O116,26-05-2025,C106,Mixer Grinder,Home Appliance,1,5000,5000,0,Cash,0
O117,27-05-2025,C107,AC,Electronics,1,40000,40000,0,Credit,0.05
O118,28-05-2025,C108,Chair,Furniture,3,6000,18000,12000,Cash,0
O119,29-05-2025,C109,Laptop,Electronics,1,50000,50000,0,Cash,0.1
O120,30-05-2025,C110,Bookshelf Rack,Furniture,5,15000,75000,60000,Cash,0
O121,31-05-2025,C111,Electric Kettle,Home Appliance,1,1800,1800,0,Cash,0.05
O122,01-06-2025,C112,Sofa,Furniture,2,30000,60000,30000,Cash,0.1
O123,02-06-2025,C113,Chair,Furniture,1,6000,6000,0,Cash,0
O124,03-06-2025,C114,Mixer Grinder,Home Appliance,4,5000,20000,15000,Cash,0
O125,04-06-2025,C115,Mixer Grinder,Home Appliance,1,5000,5000,0,Cash,0.15
O126,05-06-2025,C116,AC,Electronics,4,40000,160000,120000,Cash,0.05
O127,06-06-2025,C117,Ceiling Fan,Home Appliance,2,25000,50000,25000,Cash,0
O128,07-06-2025,C118,Laptop,Electronics,1,50000,50000,0,Credit,0.1
O129,08-06-2025,C119,Water Purifier,Home Appliance,1,5500,5500,0,Cash,0
O130,10-06-2025,C120,Sofa,Furniture,3,30000,90000,60000,Credit,0.05
O131,10-06-2025,C121,Monitor,Electronics,1,12000,12000,0,Credit,0
O132,11-06-2025,C122,Printer,Electronics,5,8000,40000,32000,Cash,0
O133,12-06-2025,C123,Mobile,Electronics,1,20000,20000,0,Cash,0.1
O134,13-06-2025,C124,Electric Kettle,Home Appliance,2,1800,3600,1800,Cash,0
O135,14-06-2025,C125,AC,Electronics,1,40000,40000,0,Credit,0.05
O136,15-06-2025,C126,Monitor,Electronics,3,12000,36000,24000,Cash,0
O137,16-06-2025,C127,Chair,Furniture,1,6000,6000,0,Cash,0.05
O138,17-06-2025,C128, AC,Electronics,4,40000,160000,120000,Cash,0
O139,18-06-2025,C129,Mixer Grinder,Home Appliance,2,5000,10000,5000,Cash,0.1
O140,19-06-2025,C130,Laptop,Electronics,1,50000,50000,0,Cash,0
O141,20-06-2025,C131,Sofa,Furniture,1,30000,30000,0,Credit,0.05
O142,21-06-2025,C132,Bookshelf Rack,Furniture,3,15000,45000,30000,Cash,0.1
O143,22-06-2025,C133,Mobile,Electronics,1,20000,20000,0,Cash,0
O144,23-06-2025,C134,Electric Kettle,Home Appliance,4,1800,7200,5400,Cash,0
O145,24-06-2025,C135,AC ,Electronics,1,40000,40000,0,Credit,0.15
O146,25-06-2025,C136,Mobile,Electronics,2,20000,40000,20000,Cash,0.05
O147,26-06-2025,C137,Sofa,Furniture,1,30000,30000,0,Cash,0
O148,27-06-2025,C138,Mixer Grinder,Home Appliance,5,5000,25000,20000,Cash,0.1
O149,28-06-2025,C139,Chair,Furniture,1,6000,6000,0,Cash,0
O150,29-06-2025,C140,Mobile,Electronics,4,20000,80000,60000,Cash,0.05
O151,30-06-2025,C141,AC,Electronics,2,40000,80000,40000,Cash,0
O152,01-07-2025,C142,Printer,Electronics,1,8000,8000,0,Credit,0
O153,02-07-2025,C143,Mixer Grinder,Home Appliance,1,5000,5000,0,Cash,0.1
O154,03-07-2025,C144,Bookshelf Rack,Furniture,3,15000,45000,30000,Cash,0
O155,04-07-2025,C145,Water Purifier,Home Appliance,1,5500,5500,0,Cash,0.05
O156,05-07-2025,C146,Laptop,Electronics,4,50000,200000,150000,Credit,0
O157,06-07-2025,C147,Electric Kettle,Home Appliance,1,1800,1800,0,Cash,0.05
O158,07-07-2025,C148,Mobile,Electronics,2,20000,40000,20000,Cash,0
O159,08-07-2025,C149,Table,Furniture,1,25000,25000,0,Cash,0.1
O160,09-07-2025,C150,Ceiling Fan,Home Appliance,5,25000,125000,100000,Cash,0
O161,10-07-2025,C151,Sofa,Furniture,1,30000,30000,0,Credit,0.05
O162,11-07-2025,C152,Monitor,Electronics,4,12000,48000,36000,Cash,0.1
O163,12-07-2025,C153,Chair,Furniture,2,60000,120000,60000,Cash,0
O164,13-07-2025,C154,Water Purifier,Home Appliance,1,5500,5500,0,Cash,0
O165,14-07-2025,C155,AC,Electronics,1,40000,40000,0,Credit,0.15
O166,15-07-2025,C156,Mobile,Electronics,3,20000,60000,40000,Cash,0.05
O167,16-07-2025,C157,Printer,Electronics,1,8000,8000,0,Cash,0
O168,17-07-2025,C158,Mixer Grinder,Home Appliance,2,5000,10000,5000,Cash,0.1
O169,18-07-2025,C159,Bookshelf Rack,Furniture,1,15000,15000,0,Cash,0
O170,19-07-2025,C160,Electric Kettle,Home Appliance,2,1800,3600,1800,Cash,0.05
O171,20-07-2025,C161, AC,Electronics,1,40000,40000,0,Credit,0
O172,21-07-2025,C162,Sofa,Furniture,4,30000,120000,90000,Credit,0
O173,22-07-2025,C163,Mobile,Electronics,1,20000,20000,0,Cash,0.1
O174,23-07-2025,C164,Ceiling Fan,Home Appliance,4,25000,100000,75000,Cash,0
O175,24-07-2025,C165,Chair,Furniture,2,60000,120000,60000,Credit,0.05
O176,25-07-2025,C166,Monitor,Electronics,1,12000,12000,0,Cash,0
O177,26-07-2025,C167,Water Purifier,Home Appliance,1,5500,5500,0,Cash,0.05
O178,27-07-2025,C168,Bookshelf Rack,Furniture,3,15000,45000,30000,Cash,0
O179,28-07-2025,C169,Sofa,Furniture,1,30000,30000,0,Cash,0.1
O180,29-07-2025,C170,Ceiling Fan,Home Appliance,5,25000,125000,100000,Cash,0
O181,30-07-2025,C171,Printer,Electronics,1,8000,8000,0,Cash,0.15
O182,31-07-2025,C172,AC ,Electronics,4,40000,160000,120000,Cash,0.05
O183,01-08-2025,C173,Laptop,Electronics,3,50000,150000,100000,Cash,0.05
O184,03-08-2025,C174,Mobile,Electronics,2,20000,40000,20000,Credit,0.1
O185,04-08-2025,C175, Mixer Grinder,Home Appliance,3,5000,15000,10000,Cash,0
O186,06-08-2025,C176, Printer,Electronics,2,8000,16000,8000,Cash,0
O187,07-08-2025,C177,Table,Furniture,1,25000,25000,0,Cash,0.15
O188,09-08-2025,C178,AC,Electronics,2,40000,80000,40000,Cash,0.05
O189,10-08-2025,C179,Sofa,Furniture,2,30000,60000,30000,Credit,0
O190,11-08-2025,C180,Monitor,Electronics,1,12000,12000,0,Cash,0.1
O191,13-08-2025,C181, Chair,Furniture,5,6000,30000,24000,Cash,0
O192,14-08-2025,C182,Ceiling Fan,Home Appliance,1,2500,2500,0,Cash,0.05
O193,16-08-2025,C183,Electric Kettle,Home Appliance,4,1800,7200,5400,Cash,0
O194,17-08-2025,C184,Mixer Grinder,Home Appliance,2,5000,10000,5000,Credit,0
O195,19-08-2025,C185,Printer,Electronics,1,8000,8000,0,Credit,0.1
O196,20-08-2025,C186,AC,Electronics,4,50000,200000,150000,Cash,0
O197,21-08-2025,C187,Bookshelf Rack,Furniture,3,15000,45000,30000,Cash,0.05
O198,23-08-2025,C188,Water Purifier,Home Appliance,1,5500,5500,0,Cash,0
O199,25-08-2025,C189,Mobile,Electronics,2,20000,40000,20000,Cash,0.05
O200,26-08-2025,C190,Monitor,Electronics,2,12000,24000,12000,Cash,0
O201,28-08-2025,C191,Ceiling Fan,Home Appliance,3,25000,75000,50000,Cash,0.1
O202,29-08-2025,C192,Sofa,Furniture,1,30000,30000,0,Cash,0
O203,30-08-2025,C193,Table,Furniture,3,25000,75000,50000,Credit,0.05
O204,31-08-2025,C194,AC,Electronics,1,50000,50000,0,Cash,0.1
O205,01-09-2025,C195,Laptop,Electronics,3,50000,150000,100000,Cash,0.15
O206,02-09-2025,C196,Mobile,Electronics,2,20000,40000,20000,Credit,0.05
O207,03-09-2025,C197, Mixer Grinder,Home Appliance,3,5000,15000,10000,Credit,0
O208,04-09-2025,C198, Printer,Electronics,2,8000,16000,8000,Cash,0.1
O209,05-09-2025,C199,Table,Furniture,1,25000,25000,0,Cash,0
O210,06-09-2025,C200,AC,Electronics,2,40000,80000,40000,Cash,0.05
O211,07-09-2025,C201,Sofa,Furniture,2,30000,60000,30000,Credit,0
O212,08-09-2025,C202,Monitor,Electronics,1,12000,12000,0,Cash,0
O213,09-09-2025,C203, Chair,Furniture,5,6000,30000,24000,Cash,0.1
O214,10-09-2025,C204,Ceiling Fan,Home Appliance,1,2500,2500,0,Cash,0
O215,11-09-2025,C205,Electric Kettle,Home Appliance,4,1800,7200,5400,Cash,0.05
O216,12-09-2025,C206,Mixer Grinder,Home Appliance,2,5000,10000,5000,Cash,0
O217,13-09-2025,C207,Printer,Electronics,1,8000,8000,0,Credit,0.05
O218,14-09-2025,C208,AC,Electronics,4,50000,200000,150000,Cash,0
O219,15-09-2025,C209,Bookshelf Rack,Furniture,3,15000,45000,30000,Cash,0.1
O220,16-09-2025,C210,Water Purifier,Home Appliance,1,5500,5500,0,Cash,0
O221,17-09-2025,C211,Mobile,Electronics,2,20000,40000,20000,Credit,0.05
O222,18-09-2025,C212,Monitor,Electronics,2,12000,24000,12000,Cash,0.1
O223,19-09-2025,C213,Ceiling Fan,Home Appliance,3,25000,75000,50000,Cash,0
O224,20-09-2025,C214,Sofa,Furniture,1,30000,30000,0,Cash,0
O225,21-09-2025,C215,Table,Furniture,3,25000,75000,50000,Cash,0.15
O226,22-09-2025,C216,Mixer Grinder,Home Appliance,1,5000,5000,0,Cash,0.05
O227,23-09-2025,C217,AC,Electronics,4,40000,160000,120000,Cash,0
O228,24-09-2025,C218,Chair,Furniture,1,6000,6000,0,Credit,0.1
O229,25-09-2025,C219,Laptop,Electronics,1,50000,50000,0,Cash,0
O230,26-09-2025,C220,Bookshelf Rack,Furniture,2,15000,30000,15000,Cash,0.05
O231,27-09-2025,C221,Electric Kettle,Home Appliance,1,1800,1800,0,Cash,0
O232,28-09-2025,C222,Sofa,Furniture,2,30000,60000,30000,Credit,0
O233,29-09-2025,C223,Chair,Furniture,1,6000,6000,0,Cash,0.1
O234,30-09-2025,C224,Mixer Grinder,Home Appliance,4,5000,20000,15000,Cash,0
O235,01-10-2025,C225,Mixer Grinder,Home Appliance,2,5000,10000,5000,Cash,0.05
O236,02-10-2025,C226,AC,Electronics,1,40000,40000,0,Cash,0
O237,03-10-2025,C227,Ceiling Fan,Home Appliance,1,25000,25000,0,Credit,0.05
O238,04-10-2025,C228,Laptop,Electronics,3,50000,150000,100000,Cash,0
O239,05-10-2025,C229,Water Purifier,Home Appliance,1,5500,5500,0,Cash,0.1
O240,06-10-2025,C230,Sofa,Furniture,5,30000,150000,120000,Cash,0
O241,07-10-2025,C231,Monitor,Electronics,1,12000,12000,0,Credit,0.05
O242,08-10-2025,C232,Printer,Electronics,2,8000,16000,8000,Cash,0.1
O243,09-10-2025,C233,Mobile,Electronics,1,20000,20000,0,Cash,0
O244,10-10-2025,C234,Electric Kettle,Home Appliance,1,1800,1800,0,Cash,0
O245,11-10-2025,C235,AC,Electronics,1,40000,40000,0,Cash,0.15
O246,12-10-2025,C236,Monitor,Electronics,4,12000,48000,36000,Cash,0.05
O247,13-10-2025,C237,Chair,Furniture,2,6000,12000,6000,Credit,0
O248,14-10-2025,C238, AC,Electronics,5,40000,200000,160000,Credit,0.1
O249,15-10-2025,C239,Mixer Grinder,Home Appliance,1,5000,5000,0,Cash,0
O250,16-10-2025,C240,Laptop,Electronics,3,50000,150000,100000,Cash,0.05
O251,17-10-2025,C241,Sofa,Furniture,1,30000,30000,0,Cash,0
O252,18-10-2025,C242,Bookshelf Rack,Furniture,5,15000,75000,60000,Credit,0
O253,19-10-2025,C243,Mobile,Electronics,1,20000,20000,0,Credit,0.1
O254,20-10-2025,C244,Electric Kettle,Home Appliance,2,1800,3600,1800,Cash,0
O255,21-10-2025,C245,AC ,Electronics,1,40000,40000,0,Cash,0.05
O256,22-10-2025,C246,Mobile,Electronics,3,20000,60000,40000,Cash,0
O257,23-10-2025,C247,Sofa,Furniture,1,30000,30000,0,Credit,0.05
O258,24-10-2025,C248,Mixer Grinder,Home Appliance,4,5000,20000,15000,Cash,0
O259,25-10-2025,C249,Chair,Furniture,2,6000,12000,6000,Cash,0.1
O260,26-10-2025,C250,Mobile,Electronics,1,20000,20000,0,Cash,0
O261,27-10-2025,C251,AC,Electronics,1,40000,40000,0,Cash,0.05
O262,28-10-2025,C252,Printer,Electronics,3,8000,24000,16000,Cash,0.1
O263,29-10-2025,C253,Mixer Grinder,Home Appliance,1,5000,5000,0,Credit,0
O264,30-10-2025,C254,Bookshelf Rack,Furniture,4,15000,60000,45000,Cash,0
O265,31-10-2025,C255,Water Purifier,Home Appliance,1,5500,5500,0,Cash,0.15
O266,01-11-2025,C256,Laptop,Electronics,2,50000,100000,50000,Cash,0.05
O267,02-11-2025,C257,Electric Kettle,Home Appliance,1,1800,1800,0,Credit,0
O268,03-11-2025,C258,Mobile,Electronics,5,20000,100000,80000,Cash,0.1
O269,04-11-2025,C259,Table,Furniture,1,25000,25000,0,Cash,0
O270,05-11-2025,C260,Ceiling Fan,Home Appliance,4,25000,100000,75000,Cash,0.05
O271,06-11-2025,C261,Sofa,Furniture,2,30000,60000,30000,Cash,0
O272,07-11-2025,C262,Monitor,Electronics,1,12000,12000,0,Cash,0
O273,08-11-2025,C263,Chair,Furniture,1,60000,60000,0,Cash,0.1
O274,09-11-2025,C264,Water Purifier,Home Appliance,3,5500,16500,11000,Credit,0
O275,10-11-2025,C265,AC,Electronics,1,40000,40000,0,Cash,0.05
O276,11-11-2025,C266,Mobile,Electronics,1,20000,20000,0,Cash,0
O277,12-11-2025,C267,Printer,Electronics,1,8000,8000,0,Cash,0.05
O278,13-11-2025,C268,Mixer Grinder,Home Appliance,2,5000,10000,5000,Credit,0
O279,14-11-2025,C269,Bookshelf Rack,Furniture,1,15000,15000,0,Cash,0.1
O280,15-11-2025,C270,Electric Kettle,Home Appliance,4,1800,7200,5400,Cash,0
O281,16-11-2025,C271, AC,Electronics,1,40000,40000,0,Cash,0.05
O282,17-11-2025,C272,Sofa,Furniture,4,30000,120000,90000,Cash,0.1
O283,18-11-2025,C273,Mobile,Electronics,2,20000,40000,20000,Credit,0
O284,19-11-2025,C274,Ceiling Fan,Home Appliance,1,25000,25000,0,Cash,0
O285,20-11-2025,C275,Chair,Furniture,1,60000,60000,0,Cash,0.15
O286,21-11-2025,C276,Monitor,Electronics,3,12000,36000,24000,Cash,0.05
O287,22-11-2025,C277,Water Purifier,Home Appliance,1,5500,5500,0,Credit,0
O288,23-11-2025,C278,Bookshelf Rack,Furniture,5,15000,75000,60000,Cash,0.1
O289,24-11-2025,C279,Sofa,Furniture,1,30000,30000,0,Cash,0
O290,25-11-2025,C280,Ceiling Fan,Home Appliance,2,25000,50000,25000,Cash,0.05
O291,26-11-2025,C281,Printer,Electronics,1,8000,8000,0,Cash,0
O292,27-11-2025,C282,AC ,Electronics,1,40000,40000,0,Cash,0
O293,28-11-2025,C283,Monitor,Electronics,1,12000,12000,0,Credit,0.1
O294,29-11-2025,C284,Laptop,Electronics,4,50000,200000,150000,Credit,0
O295,30-11-2025,C285,Sofa,Furniture,2,30000,60000,30000,Cash,0.05
O296,01-12-2025,C286,Bookshelf Rack,Furniture,1,15000,15000,0,Cash,0
O297,02-12-2025,C287,Electric Kettle,Home Appliance,1,1800,1800,0,Cash,0.05
O298,03-12-2025,C288,Mobile,Electronics,3,20000,60000,40000,Credit,0
O299,04-12-2025,C289,Laptop,Electronics,1,50000,50000,0,Credit,0.1
O300,05-12-2025,C290,Mobile,Electronics,4,20000,80000,60000,Cash,0
O301,06-12-2025,C291, Mixer Grinder,Home Appliance,1,5000,5000,0,Cash,0.05
O302,07-12-2025,C292, Printer,Electronics,2,8000,16000,8000,Cash,0.1
O303,08-12-2025,C293,Table,Furniture,1,25000,25000,0,Credit,0
O304,09-12-2025,C294,AC,Electronics,5,40000,200000,160000,Cash,0
O305,10-12-2025,C295,Sofa,Furniture,1,30000,30000,0,Cash,0.15
O306,11-12-2025,C296,Monitor,Electronics,4,12000,48000,36000,Cash,0.05
O307,13-12-2025,C297, Chair,Furniture,2,6000,12000,6000,Cash,0
O308,15-12-2025,C298,Ceiling Fan,Home Appliance,1,2500,2500,0,Cash,0.1
O309,17-12-2025,C299,Electric Kettle,Home Appliance,1,1800,1800,0,Credit,0
O310,18-12-2025,C300,Mixer Grinder,Home Appliance,3,5000,15000,10000,Cash,0.05
O311,19-12-2025,C301,Printer,Electronics,1,8000,8000,0,Cash,0
O312,21-12-2025,C302,AC,Electronics,3,50000,150000,100000,Cash,0
O313,22-12-2025,C303,Bookshelf Rack,Furniture,1,15000,15000,0,Credit,0.1
O314,23-12-2025,C304,Water Purifier,Home Appliance,2,5500,11000,5500,Cash,0
O315,24-12-2025,C305,Mobile,Electronics,1,20000,20000,0,Cash,0.05
O316,26-12-2025,C306,Monitor,Electronics,4,12000,48000,36000,Cash,0
O317,27-12-2025,C307,Ceiling Fan,Home Appliance,1,25000,25000,0,Cash,0.05
O318,29-12-2025,C308,Sofa,Furniture,4,30000,120000,90000,Cash,0
O319,30-12-2025,C309,Table,Furniture,2,25000,50000,25000,Cash,0.1
O320,31-12-2025,C310,Mixer Grinder,Home Appliance,3,5000,15000,10000,Credit,0
O321,01-01-2026,C311,Laptop,Electronics,2,50000,100000,50000,Cash,0.05
O322,02-01-2026,C312,Mobile,Electronics,1,20000,20000,0,Cash,0.1
O323,03-01-2026,C313, Mixer Grinder,Home Appliance,4,5000,20000,15000,Cash,0
O324,04-01-2026,C314, Printer,Electronics,2,8000,16000,8000,Credit,0
O325,05-01-2026,C315,Table,Furniture,1,25000,25000,0,Cash,0.15
O326,06-01-2026,C316,AC,Electronics,1,40000,40000,0,Cash,0.05
O327,07-01-2026,C317,Sofa,Furniture,3,30000,90000,60000,Credit,0
O328,08-01-2026,C318,Monitor,Electronics,1,12000,12000,0,Credit,0.1
O329,09-01-2026,C319, Chair,Furniture,5,6000,30000,24000,Cash,0
O330,10-01-2026,C320,Ceiling Fan,Home Appliance,1,2500,2500,0,Cash,0.05
O331,11-01-2026,C321,Electric Kettle,Home Appliance,2,1800,3600,1800,Cash,0
O332,12-01-2026,C322,Mixer Grinder,Home Appliance,1,5000,5000,0,Credit,0
O333,13-01-2026,C323,Printer,Electronics,1,8000,8000,0,Cash,0.1
O334,14-01-2026,C324,AC,Electronics,1,50000,50000,0,Cash,0
O335,15-01-2026,C325,Bookshelf Rack,Furniture,4,15000,60000,45000,Cash,0.05
O336,16-01-2026,C326,Water Purifier,Home Appliance,2,5500,11000,5500,Cash,0
O337,17-01-2026,C327,Mobile,Electronics,5,20000,100000,80000,Cash,0.05
O338,18-01-2026,C328,Monitor,Electronics,1,12000,12000,0,Credit,0
O339,19-01-2026,C329,Ceiling Fan,Home Appliance,3,25000,75000,50000,Cash,0.1
O340,20-01-2026,C330,Sofa,Furniture,1,30000,30000,0,Cash,0
O341,21-01-2026,C331,Table,Furniture,5,25000,125000,100000,Cash,0.05
O342,22-01-2026,C332,Mixer Grinder,Home Appliance,1,5000,5000,0,Credit,0.1
O343,23-01-2026,C333,AC,Electronics,2,40000,80000,40000,Cash,0
O344,24-01-2026,C334,Chair,Furniture,1,6000,6000,0,Cash,0
O345,25-01-2026,C335,Laptop,Electronics,3,50000,150000,100000,Cash,0.15
O346,26-01-2026,C336,Bookshelf Rack,Furniture,1,15000,15000,0,Cash,0.05
O347,27-01-2026,C337,Electric Kettle,Home Appliance,4,1800,7200,5400,Cash,0
O348,28-01-2026,C338,Sofa,Furniture,2,30000,60000,30000,Cash,0.1
O349,29-01-2026,C339,Chair,Furniture,1,6000,6000,0,Credit,0
O350,30-01-2026,C340,Mixer Grinder,Home Appliance,1,5000,5000,0,Cash,0.05
O351,31-01-2026,C341,Mixer Grinder,Home Appliance,3,5000,15000,10000,Cash,0
O352,01-02-2026,C342,AC,Electronics,1,40000,40000,0,Cash,0
O353,02-02-2026,C343,Ceiling Fan,Home Appliance,4,25000,100000,75000,Credit,0.1
O354,03-02-2026,C344,Laptop,Electronics,1,50000,50000,0,Cash,0
O355,04-02-2026,C345,Water Purifier,Home Appliance,2,5500,11000,5500,Cash,0.05
O356,05-02-2026,C346,Sofa,Furniture,1,30000,30000,0,Cash,0
O357,06-02-2026,C347,Monitor,Electronics,5,12000,60000,48000,Cash,0.05
O358,07-02-2026,C348,Printer,Electronics,1,8000,8000,0,Credit,0
O359,08-02-2026,C349,Mobile,Electronics,4,20000,80000,60000,Cash,0.1
O360,09-02-2026,C350,Electric Kettle,Home Appliance,2,1800,3600,1800,Cash,0
O361,10-02-2026,C351,AC,Electronics,1,40000,40000,0,Cash,0.05
O362,11-02-2026,C352,Monitor,Electronics,1,12000,12000,0,Credit,0.1
O363,12-02-2026,C353,Chair,Furniture,3,6000,18000,12000,Cash,0
O364,13-02-2026,C354, AC,Electronics,1,40000,40000,0,Cash,0
O365,14-02-2026,C355,Mixer Grinder,Home Appliance,1,5000,5000,0,Cash,0.15
O366,15-02-2026,C356,Laptop,Electronics,1,50000,50000,0,Cash,0.05
O367,16-02-2026,C357,Sofa,Furniture,2,30000,60000,30000,Cash,0
O368,17-02-2026,C358,Bookshelf Rack,Furniture,1,15000,15000,0,Credit,0.1
O369,18-02-2026,C359,Mobile,Electronics,4,20000,80000,60000,Credit,0
O370,19-02-2026,C360,Electric Kettle,Home Appliance,1,1800,1800,0,Cash,0.05
O371,20-02-2026,C361,AC ,Electronics,4,40000,160000,120000,Cash,0
O372,21-02-2026,C362,Mobile,Electronics,2,20000,40000,20000,Cash,0
O373,22-02-2026,C363,Sofa,Furniture,1,30000,30000,0,Credit,0.1
O374,23-02-2026,C364,Mixer Grinder,Home Appliance,1,5000,5000,0,Credit,0
O375,24-02-2026,C365,Chair,Furniture,3,6000,18000,12000,Cash,0.05
O376,25-02-2026,C366,Mobile,Electronics,1,20000,20000,0,Cash,0
O377,26-02-2026,C367,AC,Electronics,5,40000,200000,160000,Cash,0.05
O378,27-02-2026,C368,Printer,Electronics,1,8000,8000,0,Credit,0
O379,28-02-2026,C369,Mixer Grinder,Home Appliance,2,5000,10000,5000,Cash,0.1
O380,01-03-2026,C370,Bookshelf Rack,Furniture,1,15000,15000,0,Cash,0
O381,02-03-2026,C371,Water Purifier,Home Appliance,1,5500,5500,0,Cash,0.05
O382,03-03-2026,C372,Laptop,Electronics,1,50000,50000,0,Cash,0.1
O383,04-03-2026,C373,Electric Kettle,Home Appliance,4,1800,7200,5400,Cash,0
O384,05-03-2026,C374,Mobile,Electronics,2,20000,40000,20000,Credit,0
O385,06-03-2026,C375,Table,Furniture,1,25000,25000,0,Cash,0.15
O386,07-03-2026,C376,Ceiling Fan,Home Appliance,1,25000,25000,0,Cash,0.05
O387,08-03-2026,C377,Sofa,Furniture,3,30000,90000,60000,Cash,0
O388,09-03-2026,C378,Monitor,Electronics,1,12000,12000,0,Credit,0.1
O389,10-03-2026,C379,Chair,Furniture,4,60000,240000,180000,Cash,0
O390,11-03-2026,C380,Water Purifier,Home Appliance,1,5500,5500,0,Cash,0.05
O391,12-03-2026,C381,AC,Electronics,2,40000,80000,40000,Cash,0
O392,13-03-2026,C382,Mobile,Electronics,1,20000,20000,0,Cash,0
O393,14-03-2026,C383,Printer,Electronics,5,8000,40000,32000,Cash,0.1
O394,15-03-2026,C384,Mixer Grinder,Home Appliance,1,5000,5000,0,Cash,0
O395,16-03-2026,C385,Bookshelf Rack,Furniture,4,15000,60000,45000,Credit,0.05
O396,17-03-2026,C386,Electric Kettle,Home Appliance,2,1800,3600,1800,Cash,0
O397,18-03-2026,C387, AC,Electronics,1,40000,40000,0,Cash,0.05
O398,19-03-2026,C388,Sofa,Furniture,1,30000,30000,0,Cash,0
O399,20-03-2026,C389,Mobile,Electronics,3,20000,60000,40000,Credit,0.1
O400,21-03-2026,C390,Ceiling Fan,Home Appliance,1,25000,25000,0,Cash,0
O401,22-03-2026,C391,Chair,Furniture,3,60000,180000,120000,Cash,0.05
O402,23-03-2026,C392,Monitor,Electronics,1,12000,12000,0,Cash,0.1
O403,24-03-2026,C393,Water Purifier,Home Appliance,2,5500,11000,5500,Cash,0
O404,25-03-2026,C394,Bookshelf Rack,Furniture,1,15000,15000,0,Credit,0
O405,26-03-2026,C395,Sofa,Furniture,4,30000,120000,90000,Cash,0.15
O406,27-03-2026,C396,Ceiling Fan,Home Appliance,1,25000,25000,0,Cash,0.05
O407,28-03-2026,C397,Printer,Electronics,4,8000,32000,24000,Cash,0
O408,29-03-2026,C398,AC ,Electronics,2,40000,80000,40000,Credit,0.1
O409,30-03-2026,C399,Monitor,Electronics,3,12000,36000,24000,Cash,0
O410,31-03-2026,C400,Laptop,Electronics,2,50000,100000,50000,Cash,0.05
O411,01-04-2026,C401,Sofa,Furniture,1,30000,30000,0,Cash,0
O412,02-04-2026,C402,Bookshelf Rack,Furniture,4,15000,60000,45000,Cash,0
O413,03-04-2026,C403,Electric Kettle,Home Appliance,2,1800,3600,1800,Cash,0.1
O414,04-04-2026,C404,Mobile,Electronics,1,20000,20000,0,Credit,0
O415,05-04-2026,C405,Laptop,Electronics,1,50000,50000,0,Credit,0.05
O416,06-04-2026,C406,Mobile,Electronics,3,20000,60000,40000,Cash,0
O417,07-04-2026,C407, Mixer Grinder,Home Appliance,1,5000,5000,0,Cash,0.05
O418,08-04-2026,C408, Printer,Electronics,5,8000,40000,32000,Cash,0
O419,09-04-2026,C409,Table,Furniture,1,25000,25000,0,Credit,0.1
O420,10-04-2026,C410,AC,Electronics,2,40000,80000,40000,Credit,0
O421,11-04-2026,C411,Sofa,Furniture,1,30000,30000,0,Cash,0.05
O422,12-04-2026,C412,Monitor,Electronics,1,12000,12000,0,Cash,0.1
O423,13-04-2026,C413, Chair,Furniture,1,6000,6000,0,Cash,0
O424,14-04-2026,C414,Ceiling Fan,Home Appliance,4,2500,10000,7500,Credit,0
O425,15-04-2026,C415,Electric Kettle,Home Appliance,2,1800,3600,1800,Cash,0.15
O426,16-04-2026,C416,Mixer Grinder,Home Appliance,5,5000,25000,20000,Cash,0.05
O427,17-04-2026,C417,Printer,Electronics,1,8000,8000,0,Cash,0
O428,18-04-2026,C418,AC,Electronics,3,50000,150000,100000,Cash,0.1
O429,19-04-2026,C419,Bookshelf Rack,Furniture,1,15000,15000,0,Cash,0
O430,20-04-2026,C420,Water Purifier,Home Appliance,5,5500,27500,22000,Credit,0.05
O431,21-04-2026,C421,Mobile,Electronics,1,20000,20000,0,Cash,0
O432,22-04-2026,C422,Monitor,Electronics,2,12000,24000,12000,Cash,0
O433,23-04-2026,C423,Ceiling Fan,Home Appliance,1,25000,25000,0,Cash,0.1
O434,24-04-2026,C424,Sofa,Furniture,3,30000,90000,60000,Credit,0
O435,25-04-2026,C425,Table,Furniture,1,25000,25000,0,Cash,0.05
O436,26-04-2026,C426,Mixer Grinder,Home Appliance,4,5000,20000,15000,Cash,0
O437,27-04-2026,C427,AC,Electronics,2,40000,80000,40000,Cash,0.05
O438,28-04-2026,C428,Chair,Furniture,1,6000,6000,0,Cash,0
O439,29-04-2026,C429,Laptop,Electronics,1,50000,50000,0,Cash,0.1
O440,30-04-2026,C430,Bookshelf Rack,Furniture,3,15000,45000,30000,Cash,0
O441,01-05-2026,C431,Electric Kettle,Home Appliance,1,1800,1800,0,Credit,0.05
O442,02-05-2026,C432,Sofa,Furniture,4,30000,120000,90000,Cash,0.1
O443,03-05-2026,C433,Chair,Furniture,1,6000,6000,0,Cash,0
O444,04-05-2026,C434,Mixer Grinder,Home Appliance,2,5000,10000,5000,Cash,0
O445,05-05-2026,C435,Mixer Grinder,Home Appliance,1,5000,5000,0,Credit,0.15
O446,06-05-2026,C436,AC,Electronics,5,40000,200000,160000,Cash,0.05
O447,07-05-2026,C437,Ceiling Fan,Home Appliance,1,25000,25000,0,Cash,0
O448,08-05-2026,C438,Laptop,Electronics,4,50000,200000,150000,Credit,0.1
O449,09-05-2026,C439,Water Purifier,Home Appliance,2,5500,11000,5500,Credit,0
O450,10-05-2026,C440,Sofa,Furniture,1,30000,30000,0,Cash,0.05
O451,11-05-2026,C441,Monitor,Electronics,1,12000,12000,0,Cash,0
O452,12-05-2026,C442,Printer,Electronics,3,8000,24000,16000,Cash,0
O453,13-05-2026,C443,Mobile,Electronics,1,20000,20000,0,Credit,0.1
O454,14-05-2026,C444,Electric Kettle,Home Appliance,1,1800,1800,0,Cash,0
O455,15-05-2026,C445,AC,Electronics,1,40000,40000,0,Cash,0.05
O456,16-05-2026,C446,Monitor,Electronics,2,12000,24000,12000,Cash,0
O457,17-05-2026,C447,Chair,Furniture,1,6000,6000,0,Cash,0.05
O458,18-05-2026,C448, AC,Electronics,4,40000,160000,120000,Cash,0
O459,19-05-2026,C449,Mixer Grinder,Home Appliance,1,5000,5000,0,Credit,0.1
O460,20-05-2026,C450,Laptop,Electronics,4,50000,200000,150000,Cash,0
O461,21-05-2026,C451,Sofa,Furniture,2,30000,60000,30000,Cash,0.05
O462,22-05-2026,C452,Bookshelf Rack,Furniture,1,15000,15000,0,Cash,0.1
O463,23-05-2026,C453,Mobile,Electronics,1,20000,20000,0,Credit,0
O464,24-05-2026,C454,Electric Kettle,Home Appliance,3,1800,5400,3600,Cash,0
O465,25-05-2026,C455,AC ,Electronics,1,40000,40000,0,Cash,0.15
O466,26-05-2026,C456,Mobile,Electronics,5,20000,100000,80000,Cash,0.05
O467,27-05-2026,C457,Sofa,Furniture,1,30000,30000,0,Cash,0
O468,28-05-2026,C458,Mixer Grinder,Home Appliance,2,5000,10000,5000,Cash,0.1
O469,29-05-2026,C459,Chair,Furniture,1,6000,6000,0,Cash,0
O470,30-05-2026,C460,Mobile,Electronics,1,20000,20000,0,Credit,0.05
O471,31-05-2026,C461,AC,Electronics,1,40000,40000,0,Cash,0
O472,01-06-2026,C462,Printer,Electronics,4,8000,32000,24000,Cash,0
O473,02-06-2026,C463,Mixer Grinder,Home Appliance,2,5000,10000,5000,Cash,0.1
O474,03-06-2026,C464,Bookshelf Rack,Furniture,1,15000,15000,0,Credit,0
O475,04-06-2026,C465,Water Purifier,Home Appliance,1,5500,5500,0,Cash,0.05
O476,05-06-2026,C466,Laptop,Electronics,3,50000,150000,100000,Cash,0
O477,06-06-2026,C467,Electric Kettle,Home Appliance,1,1800,1800,0,Cash,0.05
O478,07-06-2026,C468,Mobile,Electronics,4,20000,80000,60000,Cash,0
O479,08-06-2026,C469,Table,Furniture,1,25000,25000,0,Credit,0.1
O480,09-06-2026,C470,Ceiling Fan,Home Appliance,2,25000,50000,25000,Cash,0
O481,10-06-2026,C471,Sofa,Furniture,1,30000,30000,0,Cash,0.05
O482,11-06-2026,C472,Monitor,Electronics,5,12000,60000,48000,Cash,0.1
O483,12-06-2026,C473,Chair,Furniture,1,60000,60000,0,Credit,0
O484,13-06-2026,C474,Water Purifier,Home Appliance,4,5500,22000,16500,Cash,0
O485,14-06-2026,C475,AC,Electronics,2,40000,80000,40000,Cash,0.15
O486,15-06-2026,C476,Mobile,Electronics,1,20000,20000,0,Cash,0.05
O487,16-06-2026,C477,Printer,Electronics,1,8000,8000,0,Cash,0
O488,17-06-2026,C478,Mixer Grinder,Home Appliance,3,5000,15000,10000,Cash,0.1
O489,18-06-2026,C479,Bookshelf Rack,Furniture,1,15000,15000,0,Credit,0
O490,19-06-2026,C480,Electric Kettle,Home Appliance,3,1800,5400,3600,Credit,0.05
O491,20-06-2026,C481, AC,Electronics,1,40000,40000,0,Cash,0
O492,21-06-2026,C482,Sofa,Furniture,2,30000,60000,30000,Cash,0
O493,22-06-2026,C483,Mobile,Electronics,1,20000,20000,0,Cash,0.1
O494,23-06-2026,C484,Ceiling Fan,Home Appliance,4,25000,100000,75000,Credit,0
O495,24-06-2026,C485,Chair,Furniture,1,60000,60000,0,Credit,0.05
O496,25-06-2026,C486,Monitor,Electronics,4,12000,48000,36000,Cash,0
O497,26-06-2026,C487,Water Purifier,Home Appliance,2,5500,11000,5500,Cash,0.05
O498,27-06-2026,C488,Bookshelf Rack,Furniture,3,15000,45000,30000,Cash,0
O499,28-06-2026,C489,Sofa,Furniture,2,30000,60000,30000,Credit,0.1
O500,29-06-2026,C490,Ceiling Fan,Home Appliance,1,25000,25000,0,Cash,0
O501,30-06-2026,C491,Printer,Electronics,4,8000,32000,24000,Cash,0.15
O502,01-07-2026,C492,AC ,Electronics,2,40000,80000,40000,Cash,0.05
O503,02-07-2026,C493,Laptop,Electronics,1,50000,50000,0,Cash,0.05
O504,03-07-2026,C494,Mobile,Electronics,1,20000,20000,0,Cash,0.1
O505,04-07-2026,C495, Mixer Grinder,Home Appliance,3,5000,15000,10000,Credit,0
O506,05-07-2026,C496, Printer,Electronics,1,8000,8000,0,Cash,0
O507,06-07-2026,C497,Table,Furniture,5,25000,125000,100000,Cash,0.15
O508,07-07-2026,C498,AC,Electronics,1,40000,40000,0,Cash,0.05
O509,08-07-2026,C499,Sofa,Furniture,2,30000,60000,30000,Credit,0
O510,09-07-2026,C500,Monitor,Electronics,1,12000,12000,0,Cash,0.1
O511,10-07-2026,C501, Chair,Furniture,1,6000,6000,0,Cash,0
O512,11-07-2026,C502,Ceiling Fan,Home Appliance,1,2500,2500,0,Cash,0.05
O513,12-07-2026,C503,Electric Kettle,Home Appliance,4,1800,7200,5400,Cash,0
O514,13-07-2026,C504,Mixer Grinder,Home Appliance,2,5000,10000,5000,Cash,0
O515,14-07-2026,C505,Printer,Electronics,5,8000,40000,32000,Cash,0.1
O516,15-07-2026,C506,AC,Electronics,1,50000,50000,0,Credit,0
O517,16-07-2026,C507,Bookshelf Rack,Furniture,3,15000,45000,30000,Cash,0.05
O518,17-07-2026,C508,Water Purifier,Home Appliance,1,5500,5500,0,Cash,0
O519,18-07-2026,C509,Mobile,Electronics,5,20000,100000,80000,Cash,0.05
O520,19-07-2026,C510,Monitor,Electronics,1,12000,12000,0,Credit,0
O521,20-07-2026,C511,Ceiling Fan,Home Appliance,2,25000,50000,25000,Cash,0.1
O522,21-07-2026,C512,Sofa,Furniture,1,30000,30000,0,Cash,0
O523,22-07-2026,C513,Table,Furniture,3,25000,75000,50000,Cash,0.05
O524,23-07-2026,C514,AC,Electronics,1,50000,50000,0,Cash,0.1
O525,24-07-2026,C515,Laptop,Electronics,4,50000,200000,150000,Credit,0.15
O526,25-07-2026,C516,Mobile,Electronics,2,20000,40000,20000,Cash,0.05
O527,26-07-2026,C517, Mixer Grinder,Home Appliance,1,5000,5000,0,Cash,0
O528,27-07-2026,C518, Printer,Electronics,1,8000,8000,0,Cash,0.1
O529,28-07-2026,C519,Table,Furniture,3,25000,75000,50000,Credit,0
O530,29-07-2026,C520,AC,Electronics,1,40000,40000,0,Cash,0.05
O531,30-07-2026,C521,Sofa,Furniture,4,30000,120000,90000,Cash,0
O532,31-07-2026,C522,Monitor,Electronics,1,12000,12000,0,Cash,0
O533,01-08-2026,C523, Chair,Furniture,2,6000,12000,6000,Cash,0.1
O534,02-08-2026,C524,Ceiling Fan,Home Appliance,1,2500,2500,0,Cash,0
O535,03-08-2026,C525,Electric Kettle,Home Appliance,5,1800,9000,7200,Credit,0.05
O536,04-08-2026,C526,Mixer Grinder,Home Appliance,1,5000,5000,0,Credit,0
O537,05-08-2026,C527,Printer,Electronics,4,8000,32000,24000,Cash,0.05
O538,06-08-2026,C528,AC,Electronics,2,50000,100000,50000,Cash,0
O539,07-08-2026,C529,Bookshelf Rack,Furniture,1,15000,15000,0,Cash,0.1
O540,08-08-2026,C530,Water Purifier,Home Appliance,1,5500,5500,0,Credit,0
O541,09-08-2026,C531,Mobile,Electronics,3,20000,60000,40000,Credit,0.05
O542,10-08-2026,C532,Monitor,Electronics,1,12000,12000,0,Cash,0.1
O543,11-08-2026,C533,Ceiling Fan,Home Appliance,1,25000,25000,0,Cash,0
O544,12-08-2026,C534,Sofa,Furniture,1,30000,30000,0,Cash,0
O545,13-08-2026,C535,Table,Furniture,2,25000,50000,25000,Credit,0.15
O546,14-08-2026,C536,Mixer Grinder,Home Appliance,1,5000,5000,0,Cash,0.05
O547,15-08-2026,C537,AC,Electronics,4,40000,160000,120000,Cash,0
O548,16-08-2026,C538,Chair,Furniture,1,6000,6000,0,Cash,0.1
O549,17-08-2026,C539,Laptop,Electronics,4,50000,200000,150000,Cash,0
O550,18-08-2026,C540,Bookshelf Rack,Furniture,2,15000,30000,15000,Cash,0.05
O551,19-08-2026,C541,Electric Kettle,Home Appliance,1,1800,1800,0,Credit,0
O552,20-08-2026,C542,Sofa,Furniture,1,30000,30000,0,Cash,0
O553,21-08-2026,C543,Chair,Furniture,3,6000,18000,12000,Cash,0.1
O554,22-08-2026,C544,Mixer Grinder,Home Appliance,1,5000,5000,0,Cash,0
O555,23-08-2026,C545,Mixer Grinder,Home Appliance,5,5000,25000,20000,Credit,0.05
O556,24-08-2026,C546,AC,Electronics,1,40000,40000,0,Cash,0
O557,25-08-2026,C547,Ceiling Fan,Home Appliance,2,25000,50000,25000,Cash,0.05
O558,26-08-2026,C548,Laptop,Electronics,1,50000,50000,0,Cash,0
O559,27-08-2026,C549,Water Purifier,Home Appliance,1,5500,5500,0,Cash,0.1
O560,28-08-2026,C550,Sofa,Furniture,1,30000,30000,0,Cash,0
O561,29-08-2026,C551,Monitor,Electronics,4,12000,48000,36000,Cash,0.05
O562,30-08-2026,C552,Printer,Electronics,2,8000,16000,8000,Credit,0.1
O563,31-08-2026,C553,Mobile,Electronics,1,20000,20000,0,Cash,0
O564,01-09-2026,C554,Electric Kettle,Home Appliance,1,1800,1800,0,Cash,0
O565,02-09-2026,C555,AC,Electronics,3,40000,120000,80000,Cash,0.15
O566,03-09-2026,C556,Monitor,Electronics,1,12000,12000,0,Credit,0.05
O567,04-09-2026,C557,Chair,Furniture,4,6000,24000,18000,Cash,0
O568,05-09-2026,C558, AC,Electronics,1,40000,40000,0,Cash,0.1
O569,06-09-2026,C559,Mixer Grinder,Home Appliance,2,5000,10000,5000,Credit,0
O570,07-09-2026,C560,Laptop,Electronics,1,50000,50000,0,Credit,0.05
O571,08-09-2026,C561,Sofa,Furniture,5,30000,150000,120000,Cash,0
O572,09-09-2026,C562,Bookshelf Rack,Furniture,1,15000,15000,0,Cash,0
O573,10-09-2026,C563,Mobile,Electronics,4,20000,80000,60000,Cash,0.1
O574,11-09-2026,C564,Electric Kettle,Home Appliance,2,1800,3600,1800,Credit,0
O575,12-09-2026,C565,AC ,Electronics,1,40000,40000,0,Cash,0.05
O576,13-09-2026,C566,Mobile,Electronics,1,20000,20000,0,Cash,0
O577,14-09-2026,C567,Sofa,Furniture,3,30000,90000,60000,Cash,0.05
O578,15-09-2026,C568,Mixer Grinder,Home Appliance,1,5000,5000,0,Cash,0
O579,16-09-2026,C569,Chair,Furniture,3,6000,18000,12000,Cash,0.1
O580,17-09-2026,C570,Mobile,Electronics,1,20000,20000,0,Credit,0
O581,18-09-2026,C571,AC,Electronics,2,40000,80000,40000,Cash,0.05
O582,19-09-2026,C572,Printer,Electronics,1,8000,8000,0,Cash,0.1
O583,20-09-2026,C573,Mixer Grinder,Home Appliance,4,5000,20000,15000,Cash,0
O584,21-09-2026,C574,Bookshelf Rack,Furniture,1,15000,15000,0,Credit,0
O585,22-09-2026,C575,Water Purifier,Home Appliance,4,5500,22000,16500,Cash,0.15
O586,23-09-2026,C576,Laptop,Electronics,2,50000,100000,50000,Cash,0.05
O587,24-09-2026,C577,Electric Kettle,Home Appliance,3,1800,5400,3600,Cash,0
O588,25-09-2026,C578,Mobile,Electronics,2,20000,40000,20000,Cash,0.1
O589,26-09-2026,C579,Table,Furniture,1,25000,25000,0,Cash,0
O590,27-09-2026,C580,Ceiling Fan,Home Appliance,4,25000,100000,75000,Cash,0.05
O591,28-09-2026,C581,Sofa,Furniture,2,30000,60000,30000,Credit,0
O592,29-09-2026,C582,Monitor,Electronics,1,12000,12000,0,Cash,0
O593,30-09-2026,C583,Chair,Furniture,1,60000,60000,0,Cash,0.1
O594,01-10-2026,C584,Water Purifier,Home Appliance,3,5500,16500,11000,Cash,0
O595,02-10-2026,C585,AC,Electronics,1,40000,40000,0,Credit,0.05
O596,03-10-2026,C586,Mobile,Electronics,5,20000,100000,80000,Cash,0
O597,04-10-2026,C587,Printer,Electronics,1,8000,8000,0,Cash,0.05
O598,05-10-2026,C588,Mixer Grinder,Home Appliance,2,5000,10000,5000,Cash,0
O599,06-10-2026,C589,Bookshelf Rack,Furniture,1,15000,15000,0,Cash,0.1
O600,07-10-2026,C590,Electric Kettle,Home Appliance,1,1800,1800,0,Credit,0
O601,08-10-2026,C591, AC,Electronics,1,40000,40000,0,Cash,0.05
O602,09-10-2026,C592,Sofa,Furniture,4,30000,120000,90000,Cash,0.1
O603,10-10-2026,C593,Mobile,Electronics,2,20000,40000,20000,Cash,0
O604,11-10-2026,C594,Ceiling Fan,Home Appliance,5,25000,125000,100000,Credit,0
O605,12-10-2026,C595,Chair,Furniture,1,60000,60000,0,Cash,0.15
O606,13-10-2026,C596,Monitor,Electronics,3,12000,36000,24000,Cash,0.05
O607,14-10-2026,C597,Water Purifier,Home Appliance,1,5500,5500,0,Cash,0
O608,15-10-2026,C598,Bookshelf Rack,Furniture,5,15000,75000,60000,Cash,0.1
O609,16-10-2026,C599,Sofa,Furniture,1,30000,30000,0,Cash,0
O610,17-10-2026,C600,Ceiling Fan,Home Appliance,2,25000,50000,25000,Credit,0.05
O611,18-10-2026,C601,Printer,Electronics,1,8000,8000,0,Credit,0
O612,19-10-2026,C602,AC ,Electronics,3,40000,120000,80000,Cash,0
O613,20-10-2026,C603,Monitor,Electronics,1,12000,12000,0,Cash,0.1
O614,21-10-2026,C604,Laptop,Electronics,4,50000,200000,150000,Cash,0
O615,22-10-2026,C605,Sofa,Furniture,2,30000,60000,30000,Credit,0.05
O616,23-10-2026,C606,Bookshelf Rack,Furniture,1,15000,15000,0,Credit,0
O617,24-10-2026,C607,Electric Kettle,Home Appliance,1,1800,1800,0,Cash,0.05
O618,25-10-2026,C608,Mobile,Electronics,3,20000,60000,40000,Cash,0
O619,26-10-2026,C609,Laptop,Electronics,1,50000,50000,0,Cash,0.1
O620,27-10-2026,C610,Mobile,Electronics,4,20000,80000,60000,Credit,0
O621,28-10-2026,C611, Mixer Grinder,Home Appliance,1,5000,5000,0,Cash,0.05
O622,29-10-2026,C612, Printer,Electronics,2,8000,16000,8000,Cash,0.1
O623,30-10-2026,C613,Table,Furniture,1,25000,25000,0,Cash,0
O624,31-10-2026,C614,AC,Electronics,5,40000,200000,160000,Cash,0
O625,01-11-2026,C615,Sofa,Furniture,1,30000,30000,0,Cash,0.15
O626,02-11-2026,C616,Monitor,Electronics,4,12000,48000,36000,Credit,0.05
O627,03-11-2026,C617, Chair,Furniture,2,6000,12000,6000,Cash,0
O628,04-11-2026,C618,Ceiling Fan,Home Appliance,1,2500,2500,0,Cash,0.1
O629,05-11-2026,C619,Electric Kettle,Home Appliance,1,1800,1800,0,Cash,0
O630,06-11-2026,C620,Mixer Grinder,Home Appliance,3,5000,15000,10000,Credit,0.05
O631,07-11-2026,C621,Printer,Electronics,1,8000,8000,0,Cash,0
O632,08-11-2026,C622,AC,Electronics,1,50000,50000,0,Cash,0
O633,09-11-2026,C623,Bookshelf Rack,Furniture,1,15000,15000,0,Cash,0.1
O634,10-11-2026,C624,Water Purifier,Home Appliance,2,5500,11000,5500,Cash,0
O635,11-11-2026,C625,Mobile,Electronics,1,20000,20000,0,Cash,0.05
O636,12-11-2026,C626,Monitor,Electronics,4,12000,48000,36000,Cash,0
O637,13-11-2026,C627,Ceiling Fan,Home Appliance,1,25000,25000,0,Credit,0.05
O638,14-11-2026,C628,Sofa,Furniture,4,30000,120000,90000,Cash,0
O639,15-11-2026,C629,Table,Furniture,2,25000,50000,25000,Cash,0.1
O640,16-11-2026,C630,Mixer Grinder,Home Appliance,1,5000,5000,0,Cash,0
O641,17-11-2026,C631,Laptop,Electronics,1,50000,50000,0,Credit,0.05
O642,18-11-2026,C632,Mobile,Electronics,4,20000,80000,60000,Cash,0.1
O643,19-11-2026,C633, Mixer Grinder,Home Appliance,2,5000,10000,5000,Cash,0
O644,20-11-2026,C634, Printer,Electronics,1,8000,8000,0,Cash,0
O645,21-11-2026,C635,Table,Furniture,1,25000,25000,0,Cash,0.15
O646,22-11-2026,C636,AC,Electronics,3,40000,120000,80000,Credit,0.05
O647,23-11-2026,C637,Sofa,Furniture,1,30000,30000,0,Credit,0
O648,24-11-2026,C638,Monitor,Electronics,4,12000,48000,36000,Cash,0.1
O649,25-11-2026,C639, Chair,Furniture,1,6000,6000,0,Cash,0
O650,26-11-2026,C640,Ceiling Fan,Home Appliance,2,2500,5000,2500,Cash,0.05
O651,27-11-2026,C641,Electric Kettle,Home Appliance,1,1800,1800,0,Cash,0
O652,28-11-2026,C642,Mixer Grinder,Home Appliance,5,5000,25000,20000,Cash,0
O653,29-11-2026,C643,Printer,Electronics,1,8000,8000,0,Cash,0.1
O654,30-11-2026,C644,AC,Electronics,4,50000,200000,150000,Cash,0
O655,01-12-2026,C645,Bookshelf Rack,Furniture,2,15000,30000,15000,Credit,0.05
O656,02-12-2026,C646,Water Purifier,Home Appliance,1,5500,5500,0,Cash,0
O657,03-12-2026,C647,Mobile,Electronics,1,20000,20000,0,Credit,0.05
O658,04-12-2026,C648,Monitor,Electronics,3,12000,36000,24000,Cash,0
O659,05-12-2026,C649,Ceiling Fan,Home Appliance,1,25000,25000,0,Credit,0.1
O660,06-12-2026,C650,Sofa,Furniture,3,30000,90000,60000,Cash,0
O661,07-12-2026,C651,Table,Furniture,1,25000,25000,0,Cash,0.05
O662,08-12-2026,C652,Mixer Grinder,Home Appliance,2,5000,10000,5000,Cash,0.1
O663,09-12-2026,C653,AC,Electronics,1,40000,40000,0,Credit,0
O664,10-12-2026,C654,Chair,Furniture,4,6000,24000,18000,Cash,0
O665,11-12-2026,C655,Laptop,Electronics,1,50000,50000,0,Cash,0.15
O666,12-12-2026,C656,Bookshelf Rack,Furniture,4,15000,60000,45000,Cash,0.05
O667,13-12-2026,C657,Electric Kettle,Home Appliance,2,1800,3600,1800,Cash,0
O668,14-12-2026,C658,Sofa,Furniture,3,30000,90000,60000,Cash,0.1
O669,15-12-2026,C659,Chair,Furniture,2,6000,12000,6000,Cash,0
O670,16-12-2026,C660,Mixer Grinder,Home Appliance,1,5000,5000,0,Cash,0.05
O671,17-12-2026,C661,Mixer Grinder,Home Appliance,4,5000,20000,15000,Cash,0
O672,18-12-2026,C662,AC,Electronics,2,40000,80000,40000,Cash,0
O673,19-12-2026,C663,Ceiling Fan,Home Appliance,1,25000,25000,0,Cash,0.1
O674,20-12-2026,C664,Laptop,Electronics,1,50000,50000,0,Credit,0
O675,21-12-2026,C665,Water Purifier,Home Appliance,3,5500,16500,11000,Cash,0.05
O676,22-12-2026,C666,Sofa,Furniture,1,30000,30000,0,Credit,0
O677,23-12-2026,C667,Monitor,Electronics,5,12000,60000,48000,Credit,0.05
O678,24-12-2026,C668,Printer,Electronics,1,8000,8000,0,Cash,0
O679,25-12-2026,C669,Mobile,Electronics,2,20000,40000,20000,Cash,0.1
O680,26-12-2026,C670,Electric Kettle,Home Appliance,1,1800,1800,0,Cash,0
O681,27-12-2026,C671,AC,Electronics,1,40000,40000,0,Credit,0.05
O682,28-12-2026,C672,Monitor,Electronics,1,12000,12000,0,Cash,0.1
O683,29-12-2026,C673,Chair,Furniture,4,6000,24000,18000,Cash,0
O684,30-12-2026,C674, AC,Electronics,2,40000,80000,40000,Cash,0
O685,31-12-2026,C675,Mixer Grinder,Home Appliance,5,5000,25000,20000,Cash,0.15
O686,01-01-2027,C676,Laptop,Electronics,1,50000,50000,0,Cash,0.05
O687,02-01-2027,C677,Sofa,Furniture,3,30000,90000,60000,Credit,0
O688,03-01-2027,C678,Bookshelf Rack,Furniture,1,15000,15000,0,Cash,0.1
O689,04-01-2027,C679,Mobile,Electronics,5,20000,100000,80000,Cash,0
O690,05-01-2027,C680,Electric Kettle,Home Appliance,1,1800,1800,0,Cash,0.05
O691,06-01-2027,C681,AC ,Electronics,2,40000,80000,40000,Credit,0
O692,07-01-2027,C682,Mobile,Electronics,1,20000,20000,0,Cash,0
O693,08-01-2027,C683,Sofa,Furniture,3,30000,90000,60000,Cash,0.1
O694,09-01-2027,C684,Mixer Grinder,Home Appliance,1,5000,5000,0,Cash,0
O695,10-01-2027,C685,Chair,Furniture,4,6000,24000,18000,Cash,0.05
O696,11-01-2027,C686,Mobile,Electronics,2,20000,40000,20000,Cash,0
O697,12-01-2027,C687,AC,Electronics,1,40000,40000,0,Cash,0.05
O698,13-01-2027,C688,Printer,Electronics,1,8000,8000,0,Credit,0
O699,14-01-2027,C689,Mixer Grinder,Home Appliance,3,5000,15000,10000,Cash,0.1
O700,15-01-2027,C690,Bookshelf Rack,Furniture,1,15000,15000,0,Cash,0
O701,16-01-2027,C691,Water Purifier,Home Appliance,4,5500,22000,16500,Cash,0.05
O702,17-01-2027,C692,Laptop,Electronics,1,50000,50000,0,Credit,0.1
O703,18-01-2027,C693,Electric Kettle,Home Appliance,2,1800,3600,1800,Cash,0
O704,19-01-2027,C694,Mobile,Electronics,1,20000,20000,0,Cash,0
O705,20-01-2027,C695,Table,Furniture,5,25000,125000,100000,Cash,0.15
O706,21-01-2027,C696,Ceiling Fan,Home Appliance,1,25000,25000,0,Cash,0.05
O707,22-01-2027,C697,Sofa,Furniture,4,30000,120000,90000,Credit,0
O708,23-01-2027,C698,Monitor,Electronics,2,12000,24000,12000,Cash,0.1
O709,24-01-2027,C699,Chair,Furniture,1,60000,60000,0,Cash,0
O710,25-01-2027,C700,Water Purifier,Home Appliance,1,5500,5500,0,Cash,0.05
O711,26-01-2027,C701,AC,Electronics,3,40000,120000,80000,Credit,0
O712,27-01-2027,C702,Mobile,Electronics,1,20000,20000,0,Cash,0
O713,28-01-2027,C703,Printer,Electronics,1,8000,8000,0,Cash,0.1
O714,29-01-2027,C704,Mixer Grinder,Home Appliance,1,5000,5000,0,Cash,0
O715,30-01-2027,C705,Bookshelf Rack,Furniture,2,15000,30000,15000,Cash,0.05
O716,31-01-2027,C706,Electric Kettle,Home Appliance,1,1800,1800,0,Cash,0
O717,01-02-2027,C707, AC,Electronics,4,40000,160000,120000,Credit,0.05
O718,02-02-2027,C708,Sofa,Furniture,1,30000,30000,0,Credit,0
O719,03-02-2027,C709,Mobile,Electronics,4,20000,80000,60000,Cash,0.1
O720,04-02-2027,C710,Ceiling Fan,Home Appliance,2,25000,50000,25000,Cash,0
O721,05-02-2027,C711,Chair,Furniture,1,60000,60000,0,Credit,0.05
O722,06-02-2027,C712,Monitor,Electronics,1,12000,12000,0,Cash,0.1
O723,07-02-2027,C713,Water Purifier,Home Appliance,3,5500,16500,11000,Cash,0
O724,08-02-2027,C714,Bookshelf Rack,Furniture,1,15000,15000,0,Cash,0
O725,09-02-2027,C715,Sofa,Furniture,5,30000,150000,120000,Cash,0.15
O726,10-02-2027,C716,Ceiling Fan,Home Appliance,1,25000,25000,0,Cash,0.05
O727,11-02-2027,C717,Printer,Electronics,2,8000,16000,8000,Cash,0
O728,12-02-2027,C718,AC ,Electronics,1,40000,40000,0,Cash,0.1
O729,13-02-2027,C719,Monitor,Electronics,1,12000,12000,0,Cash,0
O730,14-02-2027,C720,Laptop,Electronics,1,50000,50000,0,Credit,0.05
O731,15-02-2027,C721,Sofa,Furniture,4,30000,120000,90000,Cash,0
O732,16-02-2027,C722,Bookshelf Rack,Furniture,2,15000,30000,15000,Cash,0
O733,17-02-2027,C723,Electric Kettle,Home Appliance,1,1800,1800,0,Cash,0.1
O734,18-02-2027,C724,Mobile,Electronics,1,20000,20000,0,Cash,0
O735,19-02-2027,C725,Laptop,Electronics,3,50000,150000,100000,Credit,0.05
O736,20-02-2027,C726,Mobile,Electronics,1,20000,20000,0,Cash,0
O737,21-02-2027,C727, Mixer Grinder,Home Appliance,4,5000,20000,15000,Cash,0.05
O738,22-02-2027,C728, Printer,Electronics,1,8000,8000,0,Cash,0
O739,23-02-2027,C729,Table,Furniture,2,25000,50000,25000,Cash,0.1
O740,24-02-2027,C730,AC,Electronics,1,40000,40000,0,Credit,0
O741,25-02-2027,C731,Sofa,Furniture,5,30000,150000,120000,Credit,0.05
O742,26-02-2027,C732,Monitor,Electronics,1,12000,12000,0,Cash,0.1
O743,27-02-2027,C733, Chair,Furniture,4,6000,24000,18000,Cash,0
O744,28-02-2027,C734,Ceiling Fan,Home Appliance,2,2500,5000,2500,Cash,0
O745,01-03-2027,C735,Electric Kettle,Home Appliance,1,1800,1800,0,Cash,0.15
O746,02-03-2027,C736,Mixer Grinder,Home Appliance,1,5000,5000,0,Cash,0.05
O747,03-03-2027,C737,Printer,Electronics,3,8000,24000,16000,Cash,0
O748,04-03-2027,C738,AC,Electronics,1,50000,50000,0,Cash,0.1
O749,05-03-2027,C739,Bookshelf Rack,Furniture,3,15000,45000,30000,Credit,0
O750,06-03-2027,C740,Water Purifier,Home Appliance,1,5500,5500,0,Cash,0.05
O751,07-03-2027,C741,Mobile,Electronics,2,20000,40000,20000,Credit,0
O752,08-03-2027,C742,Monitor,Electronics,1,12000,12000,0,Cash,0
O753,09-03-2027,C743,Ceiling Fan,Home Appliance,4,25000,100000,75000,Credit,0.1
O754,10-03-2027,C744,Sofa,Furniture,1,30000,30000,0,Cash,0
O755,11-03-2027,C745,Table,Furniture,4,25000,100000,75000,Cash,0.05
O756,12-03-2027,C746,Mixer Grinder,Home Appliance,2,5000,10000,5000,Cash,0
O757,13-03-2027,C747,AC,Electronics,3,40000,120000,80000,Credit,0.05
O758,14-03-2027,C748,Chair,Furniture,2,6000,12000,6000,Cash,0
O759,15-03-2027,C749,Laptop,Electronics,1,50000,50000,0,Cash,0.1
O760,16-03-2027,C750,Bookshelf Rack,Furniture,4,15000,60000,45000,Cash,0
O761,17-03-2027,C751,Electric Kettle,Home Appliance,2,1800,3600,1800,Cash,0.05
O762,18-03-2027,C752,Sofa,Furniture,1,30000,30000,0,Cash,0.1
O763,19-03-2027,C753,Chair,Furniture,1,6000,6000,0,Cash,0
O764,20-03-2027,C754,Mixer Grinder,Home Appliance,3,5000,15000,10000,Cash,0
O765,21-03-2027,C755,Mixer Grinder,Home Appliance,1,5000,5000,0,Cash,0.15
O766,22-03-2027,C756,AC,Electronics,5,40000,200000,160000,Cash,0.05
O767,23-03-2027,C757,Ceiling Fan,Home Appliance,1,25000,25000,0,Cash,0
O768,24-03-2027,C758,Laptop,Electronics,2,50000,100000,50000,Credit,0.1
O769,25-03-2027,C759,Water Purifier,Home Appliance,1,5500,5500,0,Cash,0
O770,26-03-2027,C760,Sofa,Furniture,1,30000,30000,0,Credit,0.05
O771,27-03-2027,C761,Monitor,Electronics,1,12000,12000,0,Credit,0
O772,28-03-2027,C762,Printer,Electronics,4,8000,32000,24000,Cash,0
O773,29-03-2027,C763,Mobile,Electronics,2,20000,40000,20000,Cash,0.1
O774,30-03-2027,C764,Electric Kettle,Home Appliance,5,1800,9000,7200,Cash,0
O775,31-03-2027,C765,AC,Electronics,1,40000,40000,0,Credit,0.05
O776,01-04-2027,C766,Monitor,Electronics,3,12000,36000,24000,Cash,0
O777,02-04-2027,C767,Chair,Furniture,1,6000,6000,0,Cash,0.05
O778,03-04-2027,C768, AC,Electronics,5,40000,200000,160000,Cash,0
O779,04-04-2027,C769,Mixer Grinder,Home Appliance,1,5000,5000,0,Cash,0.1
O780,05-04-2027,C770,Laptop,Electronics,2,50000,100000,50000,Cash,0
O781,06-04-2027,C771,Sofa,Furniture,1,30000,30000,0,Credit,0.05
O782,07-04-2027,C772,Bookshelf Rack,Furniture,3,15000,45000,30000,Cash,0.1
O783,08-04-2027,C773,Mobile,Electronics,1,20000,20000,0,Cash,0
O784,09-04-2027,C774,Electric Kettle,Home Appliance,4,1800,7200,5400,Cash,0
O785,10-04-2027,C775,AC ,Electronics,2,40000,80000,40000,Credit,0.15
O786,11-04-2027,C776,Mobile,Electronics,1,20000,20000,0,Cash,0.05
O787,12-04-2027,C777,Sofa,Furniture,1,30000,30000,0,Cash,0
O788,13-04-2027,C778,Mixer Grinder,Home Appliance,3,5000,15000,10000,Cash,0.1
O789,14-04-2027,C779,Chair,Furniture,1,6000,6000,0,Cash,0
O790,15-04-2027,C780,Mobile,Electronics,4,20000,80000,60000,Cash,0.05
O791,16-04-2027,C781,AC,Electronics,1,40000,40000,0,Cash,0
O792,17-04-2027,C782,Printer,Electronics,2,8000,16000,8000,Credit,0
O793,18-04-2027,C783,Mixer Grinder,Home Appliance,1,5000,5000,0,Cash,0.1
O794,19-04-2027,C784,Bookshelf Rack,Furniture,5,15000,75000,60000,Cash,0
O795,20-04-2027,C785,Water Purifier,Home Appliance,1,5500,5500,0,Cash,0.05
O796,21-04-2027,C786,Laptop,Electronics,4,50000,200000,150000,Credit,0
O797,22-04-2027,C787,Electric Kettle,Home Appliance,2,1800,3600,1800,Cash,0.05
O798,23-04-2027,C788,Mobile,Electronics,1,20000,20000,0,Cash,0
O799,24-04-2027,C789,Table,Furniture,1,25000,25000,0,Cash,0.1
O800,25-04-2027,C790,Ceiling Fan,Home Appliance,3,25000,75000,50000,Cash,0
O801,26-04-2027,C791,Sofa,Furniture,1,30000,30000,0,Credit,0.05
O802,27-04-2027,C792,Monitor,Electronics,1,12000,12000,0,Cash,0.1
O803,28-04-2027,C793,Chair,Furniture,1,60000,60000,0,Cash,0
O804,29-04-2027,C794,Water Purifier,Home Appliance,2,5500,11000,5500,Cash,0
O805,30-04-2027,C795,AC,Electronics,1,40000,40000,0,Credit,0.15
O806,01-05-2027,C796,Mobile,Electronics,4,20000,80000,60000,Cash,0.05
O807,02-05-2027,C797,Printer,Electronics,1,8000,8000,0,Cash,0
O808,03-05-2027,C798,Mixer Grinder,Home Appliance,4,5000,20000,15000,Cash,0.1
O809,04-05-2027,C799,Bookshelf Rack,Furniture,2,15000,30000,15000,Cash,0
O810,05-05-2027,C800,Electric Kettle,Home Appliance,1,1800,1800,0,Cash,0.05
O811,06-05-2027,C801, AC,Electronics,1,40000,40000,0,Credit,0
O812,07-05-2027,C802,Sofa,Furniture,4,30000,120000,90000,Credit,0
O813,08-05-2027,C803,Mobile,Electronics,2,20000,40000,20000,Cash,0.1
O814,09-05-2027,C804,Ceiling Fan,Home Appliance,1,25000,25000,0,Cash,0
O815,10-05-2027,C805,Chair,Furniture,1,60000,60000,0,Credit,0.05
O816,11-05-2027,C806,Monitor,Electronics,3,12000,36000,24000,Cash,0
O817,12-05-2027,C807,Water Purifier,Home Appliance,1,5500,5500,0,Cash,0.05
O818,13-05-2027,C808,Bookshelf Rack,Furniture,4,15000,60000,45000,Cash,0
O819,14-05-2027,C809,Sofa,Furniture,1,30000,30000,0,Cash,0.1
O820,15-05-2027,C810,Ceiling Fan,Home Appliance,2,25000,50000,25000,Cash,0
O821,16-05-2027,C811,Printer,Electronics,1,8000,8000,0,Cash,0.15
O822,17-05-2027,C812,AC ,Electronics,5,40000,200000,160000,Cash,0.05
O823,18-05-2027,C813,Laptop,Electronics,1,50000,50000,0,Cash,0.05
O824,19-05-2027,C814,Mobile,Electronics,4,20000,80000,60000,Credit,0.1
O825,20-05-2027,C815, Mixer Grinder,Home Appliance,2,5000,10000,5000,Cash,0
O826,21-05-2027,C816, Printer,Electronics,1,8000,8000,0,Cash,0
O827,22-05-2027,C817,Table,Furniture,1,25000,25000,0,Cash,0.15
O828,23-05-2027,C818,AC,Electronics,3,40000,120000,80000,Cash,0.05
O829,24-05-2027,C819,Sofa,Furniture,1,30000,30000,0,Credit,0
O830,25-05-2027,C820,Monitor,Electronics,3,12000,36000,24000,Cash,0.1
O831,26-05-2027,C821, Chair,Furniture,1,6000,6000,0,Cash,0
O832,27-05-2027,C822,Ceiling Fan,Home Appliance,2,2500,5000,2500,Cash,0.05
O833,28-05-2027,C823,Electric Kettle,Home Appliance,1,1800,1800,0,Cash,0
O834,29-05-2027,C824,Mixer Grinder,Home Appliance,4,5000,20000,15000,Credit,0
O835,30-05-2027,C825,Printer,Electronics,1,8000,8000,0,Credit,0.1
O836,31-05-2027,C826,AC,Electronics,4,50000,200000,150000,Cash,0
O837,01-06-2027,C827,Bookshelf Rack,Furniture,2,15000,30000,15000,Cash,0.05
O838,02-06-2027,C828,Water Purifier,Home Appliance,3,5500,16500,11000,Cash,0
O839,03-06-2027,C829,Mobile,Electronics,2,20000,40000,20000,Cash,0.05
O840,04-06-2027,C830,Monitor,Electronics,1,12000,12000,0,Cash,0
O841,05-06-2027,C831,Ceiling Fan,Home Appliance,4,25000,100000,75000,Cash,0.1
O842,06-06-2027,C832,Sofa,Furniture,2,30000,60000,30000,Cash,0
O843,07-06-2027,C833,Table,Furniture,1,25000,25000,0,Credit,0.05
O844,08-06-2027,C834,AC,Electronics,1,50000,50000,0,Cash,0.1
O845,09-06-2027,C835,Laptop,Electronics,3,50000,150000,100000,Cash,0.15
O846,10-06-2027,C836,Mobile,Electronics,1,20000,20000,0,Credit,0.05
O847,11-06-2027,C837, Mixer Grinder,Home Appliance,5,5000,25000,20000,Credit,0
O848,12-06-2027,C838, Printer,Electronics,1,8000,8000,0,Cash,0.1
O849,13-06-2027,C839,Table,Furniture,2,25000,50000,25000,Cash,0
O850,14-06-2027,C840,AC,Electronics,1,40000,40000,0,Cash,0.05
O851,15-06-2027,C841,Sofa,Furniture,1,30000,30000,0,Credit,0
O852,16-06-2027,C842,Monitor,Electronics,1,12000,12000,0,Cash,0
O853,17-06-2027,C843, Chair,Furniture,4,6000,24000,18000,Cash,0.1
O854,18-06-2027,C844,Ceiling Fan,Home Appliance,2,2500,5000,2500,Cash,0
O855,19-06-2027,C845,Electric Kettle,Home Appliance,5,1800,9000,7200,Cash,0.05
O856,20-06-2027,C846,Mixer Grinder,Home Appliance,1,5000,5000,0,Cash,0
O857,21-06-2027,C847,Printer,Electronics,3,8000,24000,16000,Credit,0.05
O858,22-06-2027,C848,AC,Electronics,1,50000,50000,0,Cash,0
O859,23-06-2027,C849,Bookshelf Rack,Furniture,5,15000,75000,60000,Cash,0.1
O860,24-06-2027,C850,Laptop,Electronics,1,50000,50000,0,Cash,0.05
O861,25-06-2027,C851,Mobile,Electronics,2,20000,40000,20000,Credit,0.1
O862,26-06-2027,C852, Mixer Grinder,Home Appliance,1,5000,5000,0,Cash,0
O863,27-06-2027,C853, Printer,Electronics,3,8000,24000,16000,Cash,0
O864,28-06-2027,C854,Table,Furniture,1,25000,25000,0,Cash,0.15
O865,29-06-2027,C855,AC,Electronics,4,40000,160000,120000,Cash,0.05
O866,30-06-2027,C856,Sofa,Furniture,2,30000,60000,30000,Cash,0
O867,01-07-2027,C857,Monitor,Electronics,1,12000,12000,0,Cash,0.1
O868,02-07-2027,C858, Chair,Furniture,1,6000,6000,0,Credit,0
O869,03-07-2027,C859,Ceiling Fan,Home Appliance,3,2500,7500,5000,Cash,0.05
O870,04-07-2027,C860,Electric Kettle,Home Appliance,1,1800,1800,0,Cash,0
O871,05-07-2027,C861,Mixer Grinder,Home Appliance,4,5000,20000,15000,Cash,0
O872,06-07-2027,C862,Printer,Electronics,1,8000,8000,0,Credit,0.1
O873,07-07-2027,C863,AC,Electronics,2,50000,100000,50000,Cash,0
O874,08-07-2027,C864,Bookshelf Rack,Furniture,1,15000,15000,0,Cash,0.05
O875,09-07-2027,C865,Water Purifier,Home Appliance,5,5500,27500,22000,Cash,0
O876,10-07-2027,C866,Mobile,Electronics,1,20000,20000,0,Cash,0.05
O877,11-07-2027,C867,Monitor,Electronics,4,12000,48000,36000,Credit,0
O878,12-07-2027,C868,Ceiling Fan,Home Appliance,2,25000,50000,25000,Cash,0.1
O879,13-07-2027,C869,Sofa,Furniture,1,30000,30000,0,Cash,0
O880,14-07-2027,C870,Table,Furniture,1,25000,25000,0,Cash,0.05
O881,15-07-2027,C871,Mixer Grinder,Home Appliance,3,5000,15000,10000,Credit,0.1
O882,16-07-2027,C872,AC,Electronics,1,40000,40000,0,Cash,0
O883,17-07-2027,C873,Chair,Furniture,1,6000,6000,0,Cash,0
O884,18-07-2027,C874,Laptop,Electronics,1,50000,50000,0,Cash,0.15
O885,19-07-2027,C875,Bookshelf Rack,Furniture,2,15000,30000,15000,Cash,0.05
O886,20-07-2027,C876,Electric Kettle,Home Appliance,1,1800,1800,0,Cash,0
O887,21-07-2027,C877,Sofa,Furniture,4,30000,120000,90000,Credit,0.1
O888,22-07-2027,C878,Chair,Furniture,1,6000,6000,0,Credit,0
O889,23-07-2027,C879,Mixer Grinder,Home Appliance,4,5000,20000,15000,Cash,0.05
O890,24-07-2027,C880,Mixer Grinder,Home Appliance,2,5000,10000,5000,Cash,0
O891,25-07-2027,C881,AC,Electronics,1,40000,40000,0,Cash,0
O892,26-07-2027,C882,Ceiling Fan,Home Appliance,1,25000,25000,0,Credit,0.1
O893,27-07-2027,C883,Laptop,Electronics,3,50000,150000,100000,Credit,0
O894,28-07-2027,C884,Water Purifier,Home Appliance,1,5500,5500,0,Cash,0.05
O895,29-07-2027,C885,Sofa,Furniture,5,30000,150000,120000,Cash,0
O896,30-07-2027,C886,Monitor,Electronics,1,12000,12000,0,Cash,0.05
O897,31-07-2027,C887,Printer,Electronics,2,8000,16000,8000,Credit,0
O898,01-08-2027,C888,Mobile,Electronics,1,20000,20000,0,Cash,0.1
O899,02-08-2027,C889,Electric Kettle,Home Appliance,1,1800,1800,0,Cash,0
O900,03-08-2027,C890,AC,Electronics,1,40000,40000,0,Cash,0.05
O901,04-08-2027,C891,Monitor,Electronics,4,12000,48000,36000,Cash,0.1
O902,05-08-2027,C892,Chair,Furniture,2,6000,12000,6000,Cash,0
O903,06-08-2027,C893, AC,Electronics,1,40000,40000,0,Credit,0
O904,07-08-2027,C894,Mixer Grinder,Home Appliance,1,5000,5000,0,Cash,0.15
O905,08-08-2027,C895,Laptop,Electronics,3,50000,150000,100000,Cash,0.05
O906,09-08-2027,C896,Sofa,Furniture,1,30000,30000,0,Cash,0
O907,10-08-2027,C897,Bookshelf Rack,Furniture,4,15000,60000,45000,Credit,0.1
O908,11-08-2027,C898,Mobile,Electronics,1,20000,20000,0,Cash,0
O909,12-08-2027,C899,Electric Kettle,Home Appliance,2,1800,3600,1800,Cash,0.05
O910,13-08-2027,C900,AC ,Electronics,1,40000,40000,0,Cash,0
O911,14-08-2027,C901,Mobile,Electronics,5,20000,100000,80000,Cash,0
O912,15-08-2027,C902,Sofa,Furniture,1,30000,30000,0,Cash,0.1
O913,16-08-2027,C903,Mixer Grinder,Home Appliance,4,5000,20000,15000,Cash,0
O914,17-08-2027,C904,Chair,Furniture,2,6000,12000,6000,Credit,0.05
O915,18-08-2027,C905,Mobile,Electronics,1,20000,20000,0,Cash,0
O916,19-08-2027,C906,AC,Electronics,1,40000,40000,0,Cash,0.05
O917,20-08-2027,C907,Printer,Electronics,3,8000,24000,16000,Cash,0
O918,21-08-2027,C908,Mixer Grinder,Home Appliance,1,5000,5000,0,Credit,0.1
O919,22-08-2027,C909,Bookshelf Rack,Furniture,3,15000,45000,30000,Cash,0
O920,23-08-2027,C910,Water Purifier,Home Appliance,1,5500,5500,0,Cash,0.05
O921,24-08-2027,C911,Laptop,Electronics,2,50000,100000,50000,Cash,0.1
O922,25-08-2027,C912,Electric Kettle,Home Appliance,1,1800,1800,0,Cash,0
O923,26-08-2027,C913,Mobile,Electronics,4,20000,80000,60000,Credit,0
O924,27-08-2027,C914,Table,Furniture,1,25000,25000,0,Cash,0.15
O925,28-08-2027,C915,Ceiling Fan,Home Appliance,4,25000,100000,75000,Cash,0.05
O926,29-08-2027,C916,Sofa,Furniture,2,30000,60000,30000,Cash,0
O927,30-08-2027,C917,Monitor,Electronics,3,12000,36000,24000,Credit,0.1
O928,31-08-2027,C918,Chair,Furniture,2,60000,120000,60000,Cash,0
O929,01-09-2027,C919,Water Purifier,Home Appliance,1,5500,5500,0,Cash,0.05
O930,02-09-2027,C920,AC,Electronics,4,40000,160000,120000,Cash,0
O931,03-09-2027,C921,Mobile,Electronics,2,20000,40000,20000,Cash,0
O932,04-09-2027,C922,Printer,Electronics,1,8000,8000,0,Cash,0.1
O933,05-09-2027,C923,Mixer Grinder,Home Appliance,1,5000,5000,0,Credit,0
O934,06-09-2027,C924,Bookshelf Rack,Furniture,3,15000,45000,30000,Credit,0.05
O935,07-09-2027,C925,Electric Kettle,Home Appliance,1,1800,1800,0,Cash,0
O936,08-09-2027,C926, AC,Electronics,5,40000,200000,160000,Cash,0.05
O937,09-09-2027,C927,Sofa,Furniture,1,30000,30000,0,Cash,0
O938,10-09-2027,C928,Mobile,Electronics,2,20000,40000,20000,Credit,0.1
O939,11-09-2027,C929,Ceiling Fan,Home Appliance,1,25000,25000,0,Credit,0
O940,12-09-2027,C930,Chair,Furniture,1,60000,60000,0,Cash,0.05
O941,13-09-2027,C931,Monitor,Electronics,1,12000,12000,0,Cash,0.1
O942,14-09-2027,C932,Water Purifier,Home Appliance,4,5500,22000,16500,Cash,0
O943,15-09-2027,C933,Bookshelf Rack,Furniture,2,15000,30000,15000,Credit,0
O944,16-09-2027,C934,Sofa,Furniture,5,30000,150000,120000,Cash,0.15
O945,17-09-2027,C935,Ceiling Fan,Home Appliance,1,25000,25000,0,Cash,0.05
O946,18-09-2027,C936,Printer,Electronics,3,8000,24000,16000,Cash,0
O947,19-09-2027,C937,AC ,Electronics,1,40000,40000,0,Cash,0.1
O948,20-09-2027,C938,Monitor,Electronics,5,12000,60000,48000,Cash,0
O949,21-09-2027,C939,Laptop,Electronics,1,50000,50000,0,Credit,0.05
O950,22-09-2027,C940,Sofa,Furniture,2,30000,60000,30000,Cash,0
O951,23-09-2027,C941,Bookshelf Rack,Furniture,1,15000,15000,0,Cash,0
O952,24-09-2027,C942,Electric Kettle,Home Appliance,3,1800,5400,3600,Cash,0.1
O953,25-09-2027,C943,Mobile,Electronics,1,20000,20000,0,Credit,0
O954,26-09-2027,C944,Laptop,Electronics,4,50000,200000,150000,Cash,0.05
O955,27-09-2027,C945,Mobile,Electronics,2,20000,40000,20000,Cash,0
O956,28-09-2027,C946, Mixer Grinder,Home Appliance,1,5000,5000,0,Cash,0.05
O957,29-09-2027,C947, Printer,Electronics,1,8000,8000,0,Cash,0
O958,30-09-2027,C948,Table,Furniture,3,25000,75000,50000,Cash,0.1
O959,01-10-2027,C949,AC,Electronics,1,40000,40000,0,Cash,0
O960,02-10-2027,C950,Sofa,Furniture,4,30000,120000,90000,Credit,0.05
O961,03-10-2027,C951,Monitor,Electronics,1,12000,12000,0,Cash,0.1
O962,04-10-2027,C952, Chair,Furniture,2,6000,12000,6000,Cash,0
O963,05-10-2027,C953,Ceiling Fan,Home Appliance,1,2500,2500,0,Cash,0
O964,06-10-2027,C954,Electric Kettle,Home Appliance,5,1800,9000,7200,Credit,0.15
O965,07-10-2027,C955,Mixer Grinder,Home Appliance,1,5000,5000,0,Cash,0.05
O966,08-10-2027,C956,Printer,Electronics,4,8000,32000,24000,Cash,0
O967,09-10-2027,C957,AC,Electronics,2,50000,100000,50000,Credit,0.1
O968,10-10-2027,C958,Bookshelf Rack,Furniture,1,15000,15000,0,Credit,0
O969,11-10-2027,C959,Water Purifier,Home Appliance,1,5500,5500,0,Cash,0.05
O970,12-10-2027,C960,Mobile,Electronics,3,20000,60000,40000,Cash,0
O971,13-10-2027,C961,Monitor,Electronics,1,12000,12000,0,Cash,0
O972,14-10-2027,C962,Ceiling Fan,Home Appliance,1,25000,25000,0,Credit,0.1
O973,15-10-2027,C963,Sofa,Furniture,1,30000,30000,0,Cash,0
O974,16-10-2027,C964,Table,Furniture,2,25000,50000,25000,Cash,0.05
O975,17-10-2027,C965,Mixer Grinder,Home Appliance,1,5000,5000,0,Cash,0
O976,18-10-2027,C966,AC,Electronics,4,40000,160000,120000,Cash,0.05
O977,19-10-2027,C967,Chair,Furniture,1,6000,6000,0,Cash,0
O978,20-10-2027,C968,Laptop,Electronics,4,50000,200000,150000,Credit,0.1
O979,21-10-2027,C969,Bookshelf Rack,Furniture,2,15000,30000,15000,Cash,0
O980,22-10-2027,C970,Electric Kettle,Home Appliance,1,1800,1800,0,Cash,0.05
O981,23-10-2027,C971,Sofa,Furniture,1,30000,30000,0,Cash,0.1
O982,24-10-2027,C972,Chair,Furniture,4,6000,24000,18000,Credit,0
O983,25-10-2027,C973,Mixer Grinder,Home Appliance,2,5000,10000,5000,Cash,0
O984,26-10-2027,C974,Mixer Grinder,Home Appliance,1,5000,5000,0,Cash,0.15
O985,27-10-2027,C975,AC,Electronics,1,40000,40000,0,Cash,0.05
O986,28-10-2027,C976,Ceiling Fan,Home Appliance,3,25000,75000,50000,Cash,0
O987,29-10-2027,C977,Laptop,Electronics,1,50000,50000,0,Cash,0.1
O988,30-10-2027,C978,Water Purifier,Home Appliance,4,5500,22000,16500,Cash,0
O989,31-10-2027,C979,Sofa,Furniture,1,30000,30000,0,Credit,0.05
O990,01-11-2027,C980,Monitor,Electronics,2,12000,24000,12000,Cash,0
O991,02-11-2027,C981,Printer,Electronics,1,8000,8000,0,Cash,0
O992,03-11-2027,C982,Mobile,Electronics,5,20000,100000,80000,Cash,0.1
O993,04-11-2027,C983,Electric Kettle,Home Appliance,1,1800,1800,0,Credit,0
O994,05-11-2027,C984,AC,Electronics,4,40000,160000,120000,Cash,0.05
O995,06-11-2027,C985,Monitor,Electronics,2,12000,24000,12000,Cash,0
O996,07-11-2027,C986,Chair,Furniture,1,6000,6000,0,Cash,0.05
O997,08-11-2027,C987, AC,Electronics,1,40000,40000,0,Cash,0
O998,09-11-2027,C988,Mixer Grinder,Home Appliance,3,5000,15000,10000,Credit,0.1
O999,10-11-2027,C989,Laptop,Electronics,1,50000,50000,0,Cash,0
O1000,11-11-2027,C990,Sofa,Furniture,3,30000,90000,60000,Cash,0.05
O1001,12-11-2027,C991,Bookshelf Rack,Furniture,1,15000,15000,0,Cash,0.1
O1002,13-11-2027,C992,Mobile,Electronics,2,20000,40000,20000,Credit,0
O1003,14-11-2027,C993,Electric Kettle,Home Appliance,1,1800,1800,0,Cash,0
O1004,15-11-2027,C994,AC ,Electronics,4,40000,160000,120000,Cash,0.15
O1005,16-11-2027,C995,Mobile,Electronics,1,20000,20000,0,Cash,0.05
O1006,17-11-2027,C996,Sofa,Furniture,4,30000,120000,90000,Cash,0
O1007,18-11-2027,C997,Mixer Grinder,Home Appliance,2,5000,10000,5000,Cash,0.1
O1008,19-11-2027,C998,Chair,Furniture,3,6000,18000,12000,Credit,0
O1009,20-11-2027,C999,Mobile,Electronics,2,20000,40000,20000,Credit,0.05
O1010,21-11-2027,C1000,AC,Electronics,1,40000,40000,0,Cash,0
O1011,22-11-2027,C1001,Printer,Electronics,4,8000,32000,24000,Cash,0
O1012,23-11-2027,C1002,Mixer Grinder,Home Appliance,2,5000,10000,5000,Cash,0.1
O1013,24-11-2027,C1003,Bookshelf Rack,Furniture,1,15000,15000,0,Credit,0
O1014,25-11-2027,C1004,Water Purifier,Home Appliance,1,5500,5500,0,Credit,0.05
O1015,26-11-2027,C1005,Laptop,Electronics,3,50000,150000,100000,Cash,0
O1016,27-11-2027,C1006,Electric Kettle,Home Appliance,1,1800,1800,0,Cash,0.05
O1017,28-11-2027,C1007,Mobile,Electronics,5,20000,100000,80000,Cash,0
O1018,29-11-2027,C1008,Table,Furniture,1,25000,25000,0,Credit,0.1
O1019,30-11-2027,C1009,Ceiling Fan,Home Appliance,2,25000,50000,25000,Cash,0
O1020,01-12-2027,C1010,Sofa,Furniture,1,30000,30000,0,Cash,0.05
O1021,02-12-2027,C1011,Monitor,Electronics,1,12000,12000,0,Cash,0.1
O1022,03-12-2027,C1012,Chair,Furniture,1,60000,60000,0,Cash,0
O1023,04-12-2027,C1013,Water Purifier,Home Appliance,4,5500,22000,16500,Cash,0
O1024,05-12-2027,C1014,AC,Electronics,2,40000,80000,40000,Credit,0.15
O1025,06-12-2027,C1015,Mobile,Electronics,5,20000,100000,80000,Cash,0.05
O1026,07-12-2027,C1016,Printer,Electronics,1,8000,8000,0,Cash,0
O1027,08-12-2027,C1017,Mixer Grinder,Home Appliance,3,5000,15000,10000,Cash,0.1
O1028,09-12-2027,C1018,Bookshelf Rack,Furniture,1,15000,15000,0,Credit,0
O1029,10-12-2027,C1019,Electric Kettle,Home Appliance,5,1800,9000,7200,Cash,0.05
O1030,11-12-2027,C1020, AC,Electronics,1,40000,40000,0,Cash,0
O1031,12-12-2027,C1021,Sofa,Furniture,2,30000,60000,30000,Cash,0
O1032,13-12-2027,C1022,Mobile,Electronics,1,20000,20000,0,Cash,0.1
O1033,14-12-2027,C1023,Ceiling Fan,Home Appliance,3,25000,75000,50000,Cash,0
O1034,15-12-2027,C1024,Chair,Furniture,1,60000,60000,0,Cash,0.05
O1035,16-12-2027,C1025,Monitor,Electronics,4,12000,48000,36000,Credit,0
O1036,17-12-2027,C1026,Water Purifier,Home Appliance,2,5500,11000,5500,Cash,0.05
O1037,18-12-2027,C1027,Bookshelf Rack,Furniture,1,15000,15000,0,Cash,0
O1038,19-12-2027,C1028,Sofa,Furniture,1,30000,30000,0,Cash,0.1
O1039,20-12-2027,C1029,Ceiling Fan,Home Appliance,3,25000,75000,50000,Credit,0
O1040,21-12-2027,C1030,Printer,Electronics,1,8000,8000,0,Cash,0.15
O1041,22-12-2027,C1031,AC ,Electronics,4,40000,160000,120000,Cash,0.05
O1042,23-12-2027,C1032,Laptop,Electronics,1,50000,50000,0,Cash,0.05
O1043,24-12-2027,C1033,Mobile,Electronics,2,20000,40000,20000,Cash,0.1
O1044,25-12-2027,C1034, Mixer Grinder,Home Appliance,1,5000,5000,0,Credit,0
O1045,26-12-2027,C1035, Printer,Electronics,5,8000,40000,32000,Cash,0
O1046,27-12-2027,C1036,Table,Furniture,1,25000,25000,0,Cash,0.15
O1047,28-12-2027,C1037,AC,Electronics,4,40000,160000,120000,Cash,0.05
O1048,29-12-2027,C1038,Sofa,Furniture,2,30000,60000,30000,Credit,0
O1049,30-12-2027,C1039,Monitor,Electronics,1,12000,12000,0,Cash,0.1
O1050,31-12-2027,C1040, Chair,Furniture,1,6000,6000,0,Cash,0
O1051,01-01-2028,C1041,Ceiling Fan,Home Appliance,3,2500,7500,5000,Cash,0.05
O1052,02-01-2028,C1042,Electric Kettle,Home Appliance,1,1800,1800,0,Cash,0
O1053,03-01-2028,C1043,Mixer Grinder,Home Appliance,1,5000,5000,0,Cash,0
O1054,04-01-2028,C1044,Printer,Electronics,1,8000,8000,0,Credit,0.1
O1055,05-01-2028,C1045,AC,Electronics,2,50000,100000,50000,Credit,0
O1056,06-01-2028,C1046,Bookshelf Rack,Furniture,1,15000,15000,0,Cash,0.05
O1057,07-01-2028,C1047,Water Purifier,Home Appliance,4,5500,22000,16500,Cash,0
O1058,08-01-2028,C1048,Mobile,Electronics,1,20000,20000,0,Cash,0.05
O1059,09-01-2028,C1049,Monitor,Electronics,4,12000,48000,36000,Credit,0
O1060,10-01-2028,C1050,Ceiling Fan,Home Appliance,2,25000,50000,25000,Credit,0.1
O1061,11-01-2028,C1051,Sofa,Furniture,1,30000,30000,0,Cash,0
O1062,12-01-2028,C1052,Table,Furniture,1,25000,25000,0,Cash,0.05
O1063,13-01-2028,C1053,AC,Electronics,3,50000,150000,100000,Cash,0.1
O1064,14-01-2028,C1054,Laptop,Electronics,1,50000,50000,0,Credit,0.15
O1065,15-01-2028,C1055,Mobile,Electronics,5,20000,100000,80000,Cash,0.05
O1066,16-01-2028,C1056, Mixer Grinder,Home Appliance,1,5000,5000,0,Cash,0
O1067,17-01-2028,C1057, Printer,Electronics,2,8000,16000,8000,Cash,0.1
O1068,18-01-2028,C1058,Table,Furniture,1,25000,25000,0,Cash,0
O1069,19-01-2028,C1059,AC,Electronics,1,40000,40000,0,Cash,0.05
O1070,20-01-2028,C1060,Sofa,Furniture,1,30000,30000,0,Credit,0
O1071,21-01-2028,C1061,Monitor,Electronics,4,12000,48000,36000,Cash,0
O1072,22-01-2028,C1062, Chair,Furniture,2,6000,12000,6000,Cash,0.1
O1073,23-01-2028,C1063,Ceiling Fan,Home Appliance,1,2500,2500,0,Cash,0
O1074,24-01-2028,C1064,Electric Kettle,Home Appliance,1,1800,1800,0,Credit,0.05
O1075,25-01-2028,C1065,Mixer Grinder,Home Appliance,3,5000,15000,10000,Cash,0
O1076,26-01-2028,C1066,Printer,Electronics,1,8000,8000,0,Cash,0.05
O1077,27-01-2028,C1067,AC,Electronics,4,50000,200000,150000,Cash,0
O1078,28-01-2028,C1068,Bookshelf Rack,Furniture,1,15000,15000,0,Cash,0.1
O1079,29-01-2028,C1069,Laptop,Electronics,2,50000,100000,50000,Cash,0.05
O1080,30-01-2028,C1070,Mobile,Electronics,1,20000,20000,0,Cash,0.1
O1081,31-01-2028,C1071, Mixer Grinder,Home Appliance,5,5000,25000,20000,Credit,0
O1082,01-02-2028,C1072, Printer,Electronics,1,8000,8000,0,Cash,0
O1083,02-02-2028,C1073,Table,Furniture,4,25000,100000,75000,Cash,0.15
O1084,03-02-2028,C1074,AC,Electronics,2,40000,80000,40000,Cash,0.05
O1085,04-02-2028,C1075,Sofa,Furniture,1,30000,30000,0,Credit,0
O1086,05-02-2028,C1076,Monitor,Electronics,1,12000,12000,0,Cash,0.1
O1087,06-02-2028,C1077, Chair,Furniture,3,6000,18000,12000,Cash,0
O1088,07-02-2028,C1078,Ceiling Fan,Home Appliance,1,2500,2500,0,Credit,0.05
O1089,08-02-2028,C1079,Electric Kettle,Home Appliance,3,1800,5400,3600,Credit,0
O1090,09-02-2028,C1080,Mixer Grinder,Home Appliance,1,5000,5000,0,Cash,0
O1091,10-02-2028,C1081,Printer,Electronics,2,8000,16000,8000,Cash,0.1
O1092,11-02-2028,C1082,AC,Electronics,1,50000,50000,0,Cash,0
O1093,12-02-2028,C1083,Bookshelf Rack,Furniture,4,15000,60000,45000,Credit,0.05
O1094,13-02-2028,C1084,Water Purifier,Home Appliance,1,5500,5500,0,Cash,0
O1095,14-02-2028,C1085,Mobile,Electronics,4,20000,80000,60000,Cash,0.05
O1096,15-02-2028,C1086,Monitor,Electronics,2,12000,24000,12000,Cash,0
O1097,16-02-2028,C1087,Ceiling Fan,Home Appliance,3,25000,75000,50000,Cash,0.1
O1098,17-02-2028,C1088,Sofa,Furniture,2,30000,60000,30000,Cash,0
O1099,18-02-2028,C1089,Table,Furniture,1,25000,25000,0,Credit,0.05
O1100,19-02-2028,C1090,Mixer Grinder,Home Appliance,4,5000,20000,15000,Cash,0.1
O1101,20-02-2028,C1091,AC,Electronics,2,40000,80000,40000,Cash,0
O1102,21-02-2028,C1092,Chair,Furniture,1,6000,6000,0,Cash,0
O1103,22-02-2028,C1093,Laptop,Electronics,1,50000,50000,0,Credit,0.15
O1104,23-02-2028,C1094,Bookshelf Rack,Furniture,3,15000,45000,30000,Cash,0.05
O1105,24-02-2028,C1095,Electric Kettle,Home Appliance,1,1800,1800,0,Cash,0
O1106,25-02-2028,C1096,Sofa,Furniture,5,30000,150000,120000,Cash,0.1
O1107,26-02-2028,C1097,Chair,Furniture,1,6000,6000,0,Cash,0
O1108,27-02-2028,C1098,Mixer Grinder,Home Appliance,2,5000,10000,5000,Cash,0.05
O1109,28-02-2028,C1099,Mixer Grinder,Home Appliance,1,5000,5000,0,Cash,0
O1110,29-02-2028,C1100,AC,Electronics,1,40000,40000,0,Credit,0
O1111,01-03-2028,C1101,Ceiling Fan,Home Appliance,1,25000,25000,0,Cash,0.1
O1112,02-03-2028,C1102,Laptop,Electronics,4,50000,200000,150000,Cash,0
O1113,03-03-2028,C1103,Water Purifier,Home Appliance,2,5500,11000,5500,Cash,0.05
O1114,04-03-2028,C1104,Sofa,Furniture,5,30000,150000,120000,Credit,0
O1115,05-03-2028,C1105,Monitor,Electronics,1,12000,12000,0,Cash,0.05
O1116,06-03-2028,C1106,Printer,Electronics,3,8000,24000,16000,Cash,0
O1117,07-03-2028,C1107,Mobile,Electronics,1,20000,20000,0,Cash,0.1
O1118,08-03-2028,C1108,Electric Kettle,Home Appliance,5,1800,9000,7200,Cash,0
O1119,09-03-2028,C1109,AC,Electronics,1,40000,40000,0,Credit,0.05
O1120,10-03-2028,C1110,Monitor,Electronics,2,12000,24000,12000,Cash,0.1
O1121,11-03-2028,C1111,Chair,Furniture,1,6000,6000,0,Cash,0
O1122,12-03-2028,C1112, AC,Electronics,3,40000,120000,80000,Cash,0
O1123,13-03-2028,C1113,Mixer Grinder,Home Appliance,1,5000,5000,0,Credit,0.15
O1124,14-03-2028,C1114,Laptop,Electronics,4,50000,200000,150000,Cash,0.05
O1125,15-03-2028,C1115,Sofa,Furniture,2,30000,60000,30000,Cash,0
O1126,16-03-2028,C1116,Bookshelf Rack,Furniture,1,15000,15000,0,Cash,0.1
O1127,17-03-2028,C1117,Mobile,Electronics,1,20000,20000,0,Cash,0
O1128,18-03-2028,C1118,Electric Kettle,Home Appliance,3,1800,5400,3600,Cash,0.05
O1129,19-03-2028,C1119,AC ,Electronics,1,40000,40000,0,Credit,0
O1130,20-03-2028,C1120,Mobile,Electronics,4,20000,80000,60000,Credit,0
O1131,21-03-2028,C1121,Sofa,Furniture,1,30000,30000,0,Cash,0.1
O1132,22-03-2028,C1122,Mixer Grinder,Home Appliance,2,5000,10000,5000,Cash,0
O1133,23-03-2028,C1123,Chair,Furniture,1,6000,6000,0,Cash,0.05
O1134,24-03-2028,C1124,Mobile,Electronics,5,20000,100000,80000,Credit,0
O1135,25-03-2028,C1125,AC,Electronics,1,40000,40000,0,Credit,0.05
O1136,26-03-2028,C1126,Printer,Electronics,4,8000,32000,24000,Cash,0
O1137,27-03-2028,C1127,Mixer Grinder,Home Appliance,2,5000,10000,5000,Cash,0.1
O1138,28-03-2028,C1128,Bookshelf Rack,Furniture,1,15000,15000,0,Cash,0
O1139,29-03-2028,C1129,Water Purifier,Home Appliance,1,5500,5500,0,Credit,0.05
O1140,30-03-2028,C1130,Laptop,Electronics,3,50000,150000,100000,Cash,0.1
O1141,31-03-2028,C1131,Electric Kettle,Home Appliance,1,1800,1800,0,Cash,0
O1142,01-04-2028,C1132,Mobile,Electronics,1,20000,20000,0,Cash,0
O1143,02-04-2028,C1133,Table,Furniture,1,25000,25000,0,Cash,0.15
O1144,03-04-2028,C1134,Ceiling Fan,Home Appliance,2,25000,50000,25000,Cash,0.05
O1145,04-04-2028,C1135,Sofa,Furniture,1,30000,30000,0,Credit,0
O1146,05-04-2028,C1136,Monitor,Electronics,4,12000,48000,36000,Cash,0.1
O1147,06-04-2028,C1137,Chair,Furniture,1,60000,60000,0,Cash,0
O1148,07-04-2028,C1138,Water Purifier,Home Appliance,4,5500,22000,16500,Cash,0.05
O1149,08-04-2028,C1139,AC,Electronics,2,40000,80000,40000,Credit,0
O1150,09-04-2028,C1140,Mobile,Electronics,1,20000,20000,0,Cash,0
O1151,10-04-2028,C1141,Printer,Electronics,1,8000,8000,0,Cash,0.1
O1152,11-04-2028,C1142,Mixer Grinder,Home Appliance,4,5000,20000,15000,Cash,0
O1153,12-04-2028,C1143,Bookshelf Rack,Furniture,2,15000,30000,15000,Cash,0.05
O1154,13-04-2028,C1144,Electric Kettle,Home Appliance,1,1800,1800,0,Cash,0
O1155,14-04-2028,C1145, AC,Electronics,1,40000,40000,0,Cash,0.05
O1156,15-04-2028,C1146,Sofa,Furniture,3,30000,90000,60000,Credit,0
O1157,16-04-2028,C1147,Mobile,Electronics,1,20000,20000,0,Cash,0.1
O1158,17-04-2028,C1148,Ceiling Fan,Home Appliance,4,25000,100000,75000,Cash,0
O1159,18-04-2028,C1149,Chair,Furniture,1,60000,60000,0,Cash,0.05
O1160,19-04-2028,C1150,Monitor,Electronics,2,12000,24000,12000,Credit,0.1
O1161,20-04-2028,C1151,Water Purifier,Home Appliance,1,5500,5500,0,Cash,0
O1162,21-04-2028,C1152,Bookshelf Rack,Furniture,5,15000,75000,60000,Cash,0
O1163,22-04-2028,C1153,Sofa,Furniture,1,30000,30000,0,Cash,0.15
O1164,23-04-2028,C1154,Ceiling Fan,Home Appliance,4,25000,100000,75000,Cash,0.05
O1165,24-04-2028,C1155,Printer,Electronics,2,8000,16000,8000,Credit,0
O1166,25-04-2028,C1156,AC ,Electronics,1,40000,40000,0,Cash,0.1
O1167,26-04-2028,C1157,Monitor,Electronics,1,12000,12000,0,Cash,0
O1168,27-04-2028,C1158,Laptop,Electronics,3,50000,150000,100000,Cash,0.05
O1169,28-04-2028,C1159,Sofa,Furniture,1,30000,30000,0,Credit,0
O1170,29-04-2028,C1160,Bookshelf Rack,Furniture,3,15000,45000,30000,Cash,0
O1171,30-04-2028,C1161,Electric Kettle,Home Appliance,1,1800,1800,0,Cash,0.1
O1172,01-05-2028,C1162,Mobile,Electronics,2,20000,40000,20000,Cash,0
O1173,02-05-2028,C1163,Laptop,Electronics,1,50000,50000,0,Cash,0.05
O1174,03-05-2028,C1164,Mobile,Electronics,4,20000,80000,60000,Cash,0
O1175,04-05-2028,C1165, Mixer Grinder,Home Appliance,1,5000,5000,0,Credit,0.05
O1176,05-05-2028,C1166, Printer,Electronics,4,8000,32000,24000,Credit,0
O1177,06-05-2028,C1167,Table,Furniture,2,25000,50000,25000,Cash,0.1
O1178,07-05-2028,C1168,AC,Electronics,3,40000,120000,80000,Cash,0
O1179,08-05-2028,C1169,Sofa,Furniture,2,30000,60000,30000,Cash,0.05
O1180,09-05-2028,C1170,Monitor,Electronics,1,12000,12000,0,Credit,0.1
O1181,10-05-2028,C1171, Chair,Furniture,4,6000,24000,18000,Credit,0
O1182,11-05-2028,C1172,Ceiling Fan,Home Appliance,2,2500,5000,2500,Cash,0
O1183,12-05-2028,C1173,Electric Kettle,Home Appliance,1,1800,1800,0,Cash,0.15
O1184,13-05-2028,C1174,Mixer Grinder,Home Appliance,1,5000,5000,0,Cash,0.05
O1185,14-05-2028,C1175,Printer,Electronics,3,8000,24000,16000,Credit,0
O1186,15-05-2028,C1176,AC,Electronics,1,50000,50000,0,Cash,0.1
O1187,16-05-2028,C1177,Bookshelf Rack,Furniture,5,15000,75000,60000,Cash,0
O1188,17-05-2028,C1178,Water Purifier,Home Appliance,1,5500,5500,0,Cash,0.05
O1189,18-05-2028,C1179,Mobile,Electronics,2,20000,40000,20000,Cash,0
O1190,19-05-2028,C1180,Monitor,Electronics,1,12000,12000,0,Cash,0
O1191,20-05-2028,C1181,Ceiling Fan,Home Appliance,1,25000,25000,0,Credit,0.1
O1192,21-05-2028,C1182,Sofa,Furniture,1,30000,30000,0,Cash,0
O1193,22-05-2028,C1183,Table,Furniture,4,25000,100000,75000,Cash,0.05
O1194,23-05-2028,C1184,Mixer Grinder,Home Appliance,2,5000,10000,5000,Cash,0
O1195,24-05-2028,C1185,AC,Electronics,5,40000,200000,160000,Credit,0.05
O1196,25-05-2028,C1186,Chair,Furniture,1,6000,6000,0,Cash,0
O1197,26-05-2028,C1187,Laptop,Electronics,3,50000,150000,100000,Cash,0.1
O1198,27-05-2028,C1188,Bookshelf Rack,Furniture,1,15000,15000,0,Cash,0
O1199,28-05-2028,C1189,Electric Kettle,Home Appliance,5,1800,9000,7200,Cash,0.05
O1200,29-05-2028,C1190,Sofa,Furniture,1,30000,30000,0,Cash,0.1
O1201,30-05-2028,C1191,Chair,Furniture,2,6000,12000,6000,Cash,0
O1202,31-05-2028,C1192,Mixer Grinder,Home Appliance,1,5000,5000,0,Credit,0
O1203,01-06-2028,C1193,Mixer Grinder,Home Appliance,3,5000,15000,10000,Cash,0.15
O1204,02-06-2028,C1194,AC,Electronics,1,40000,40000,0,Cash,0.05
O1205,03-06-2028,C1195,Ceiling Fan,Home Appliance,4,25000,100000,75000,Cash,0
O1206,04-06-2028,C1196,Laptop,Electronics,2,50000,100000,50000,Credit,0.1
O1207,05-06-2028,C1197,Water Purifier,Home Appliance,1,5500,5500,0,Cash,0
O1208,06-06-2028,C1198,Sofa,Furniture,1,30000,30000,0,Cash,0.05
O1209,07-06-2028,C1199,Monitor,Electronics,3,12000,36000,24000,Credit,0
O1210,08-06-2028,C1200,Printer,Electronics,1,8000,8000,0,Credit,0
O1211,09-06-2028,C1201,Mobile,Electronics,4,20000,80000,60000,Cash,0.1
O1212,10-06-2028,C1202,Electric Kettle,Home Appliance,1,1800,1800,0,Cash,0
O1213,11-06-2028,C1203,AC,Electronics,2,40000,80000,40000,Cash,0.05
O1214,12-06-2028,C1204,Monitor,Electronics,1,12000,12000,0,Credit,0
O1215,13-06-2028,C1205,Chair,Furniture,5,6000,30000,24000,Cash,0.05
O1216,14-06-2028,C1206, AC,Electronics,1,40000,40000,0,Cash,0
O1217,15-06-2028,C1207,Mixer Grinder,Home Appliance,4,5000,20000,15000,Cash,0.1
O1218,16-06-2028,C1208,Laptop,Electronics,2,50000,100000,50000,Cash,0
O1219,17-06-2028,C1209,Sofa,Furniture,1,30000,30000,0,Cash,0.05
O1220,18-06-2028,C1210,Bookshelf Rack,Furniture,1,15000,15000,0,Credit,0.1
O1221,19-06-2028,C1211,Mobile,Electronics,3,20000,60000,40000,Cash,0
O1222,20-06-2028,C1212,Electric Kettle,Home Appliance,1,1800,1800,0,Cash,0
O1223,21-06-2028,C1213,AC ,Electronics,1,40000,40000,0,Cash,0.15
O1224,22-06-2028,C1214,Mobile,Electronics,1,20000,20000,0,Credit,0.05
O1225,23-06-2028,C1215,Sofa,Furniture,2,30000,60000,30000,Credit,0
O1226,24-06-2028,C1216,Mixer Grinder,Home Appliance,1,5000,5000,0,Cash,0.1
O1227,25-06-2028,C1217,Chair,Furniture,4,6000,24000,18000,Cash,0
O1228,26-06-2028,C1218,Mobile,Electronics,1,20000,20000,0,Cash,0.05
O1229,27-06-2028,C1219,AC,Electronics,4,40000,160000,120000,Cash,0
O1230,28-06-2028,C1220,Printer,Electronics,2,8000,16000,8000,Credit,0
O1231,29-06-2028,C1221,Mixer Grinder,Home Appliance,1,5000,5000,0,Credit,0.1
O1232,30-06-2028,C1222,Bookshelf Rack,Furniture,1,15000,15000,0,Cash,0
O1233,01-07-2028,C1223,Water Purifier,Home Appliance,3,5500,16500,11000,Cash,0.05
O1234,02-07-2028,C1224,Laptop,Electronics,1,50000,50000,0,Cash,0
O1235,03-07-2028,C1225,Electric Kettle,Home Appliance,5,1800,9000,7200,Cash,0.05
O1236,04-07-2028,C1226,Mobile,Electronics,1,20000,20000,0,Cash,0
O1237,05-07-2028,C1227,Table,Furniture,2,25000,50000,25000,Cash,0.1
O1238,06-07-2028,C1228,Ceiling Fan,Home Appliance,1,25000,25000,0,Cash,0
O1239,07-07-2028,C1229,Sofa,Furniture,1,30000,30000,0,Credit,0.05
O1240,08-07-2028,C1230,Monitor,Electronics,1,12000,12000,0,Cash,0.1
O1241,09-07-2028,C1231,Chair,Furniture,4,60000,240000,180000,Credit,0
O1242,10-07-2028,C1232,Water Purifier,Home Appliance,2,5500,11000,5500,Cash,0
O1243,11-07-2028,C1233,AC,Electronics,1,40000,40000,0,Credit,0.15
O1244,12-07-2028,C1234,Mobile,Electronics,1,20000,20000,0,Cash,0.05
O1245,13-07-2028,C1235,Printer,Electronics,3,8000,24000,16000,Cash,0
O1246,14-07-2028,C1236,Mixer Grinder,Home Appliance,1,5000,5000,0,Cash,0.1
O1247,15-07-2028,C1237,Bookshelf Rack,Furniture,4,15000,60000,45000,Credit,0
O1248,16-07-2028,C1238,Electric Kettle,Home Appliance,1,1800,1800,0,Cash,0.05
O1249,17-07-2028,C1239, AC,Electronics,2,40000,80000,40000,Cash,0
O1250,18-07-2028,C1240,Sofa,Furniture,1,30000,30000,0,Cash,0
O1251,19-07-2028,C1241,Mobile,Electronics,5,20000,100000,80000,Cash,0.1
O1252,20-07-2028,C1242,Ceiling Fan,Home Appliance,1,25000,25000,0,Cash,0
O1253,21-07-2028,C1243,Chair,Furniture,4,60000,240000,180000,Cash,0.05
O1254,22-07-2028,C1244,Monitor,Electronics,2,12000,24000,12000,Cash,0
O1255,23-07-2028,C1245,Water Purifier,Home Appliance,1,5500,5500,0,Cash,0.05
O1256,24-07-2028,C1246,Bookshelf Rack,Furniture,1,15000,15000,0,Cash,0
O1257,25-07-2028,C1247,Sofa,Furniture,3,30000,90000,60000,Cash,0.1
O1258,26-07-2028,C1248,Ceiling Fan,Home Appliance,1,25000,25000,0,Credit,0
O1259,27-07-2028,C1249,Printer,Electronics,3,8000,24000,16000,Cash,0.15
O1260,28-07-2028,C1250,AC ,Electronics,1,40000,40000,0,Credit,0.05
O1261,29-07-2028,C1251,Laptop,Electronics,2,50000,100000,50000,Credit,0.05
O1262,30-07-2028,C1252,Mobile,Electronics,1,20000,20000,0,Cash,0.1
O1263,31-07-2028,C1253, Mixer Grinder,Home Appliance,4,5000,20000,15000,Cash,0
O1264,01-08-2028,C1254, Printer,Electronics,1,8000,8000,0,Cash,0
O1265,02-08-2028,C1255,Table,Furniture,4,25000,100000,75000,Credit,0.15
O1266,03-08-2028,C1256,AC,Electronics,2,40000,80000,40000,Cash,0.05
O1267,04-08-2028,C1257,Sofa,Furniture,3,30000,90000,60000,Cash,0
O1268,05-08-2028,C1258,Monitor,Electronics,2,12000,24000,12000,Cash,0.1
O1269,06-08-2028,C1259, Chair,Furniture,1,6000,6000,0,Cash,0
O1270,07-08-2028,C1260,Ceiling Fan,Home Appliance,4,2500,10000,7500,Cash,0.05
O1271,08-08-2028,C1261,Electric Kettle,Home Appliance,2,1800,3600,1800,Credit,0
O1272,09-08-2028,C1262,Mixer Grinder,Home Appliance,1,5000,5000,0,Cash,0
O1273,10-08-2028,C1263,Printer,Electronics,1,8000,8000,0,Cash,0.1
O1274,11-08-2028,C1264,AC,Electronics,3,50000,150000,100000,Cash,0
O1275,12-08-2028,C1265,Bookshelf Rack,Furniture,1,15000,15000,0,Credit,0.05
O1276,13-08-2028,C1266,Water Purifier,Home Appliance,5,5500,27500,22000,Cash,0
O1277,14-08-2028,C1267,Mobile,Electronics,1,20000,20000,0,Cash,0.05
O1278,15-08-2028,C1268,Monitor,Electronics,2,12000,24000,12000,Cash,0
O1279,16-08-2028,C1269,Ceiling Fan,Home Appliance,1,25000,25000,0,Cash,0.1
O1280,17-08-2028,C1270,Sofa,Furniture,1,30000,30000,0,Cash,0
O1281,18-08-2028,C1271,Table,Furniture,1,25000,25000,0,Cash,0.05
O1282,19-08-2028,C1272,AC,Electronics,4,50000,200000,150000,Credit,0.1
O1283,20-08-2028,C1273,Laptop,Electronics,2,50000,100000,50000,Cash,0.15
O1284,21-08-2028,C1274,Mobile,Electronics,5,20000,100000,80000,Cash,0.05
O1285,22-08-2028,C1275, Mixer Grinder,Home Appliance,1,5000,5000,0,Cash,0
O1286,23-08-2028,C1276, Printer,Electronics,3,8000,24000,16000,Credit,0.1
O1287,24-08-2028,C1277,Table,Furniture,1,25000,25000,0,Cash,0
O1288,25-08-2028,C1278,AC,Electronics,5,40000,200000,160000,Cash,0.05
O1289,26-08-2028,C1279,Sofa,Furniture,1,30000,30000,0,Cash,0
O1290,27-08-2028,C1280,Monitor,Electronics,2,12000,24000,12000,Cash,0
O1291,28-08-2028,C1281, Chair,Furniture,1,6000,6000,0,Credit,0.1
O1292,29-08-2028,C1282,Ceiling Fan,Home Appliance,3,2500,7500,5000,Cash,0
O1293,30-08-2028,C1283,Electric Kettle,Home Appliance,1,1800,1800,0,Cash,0.05
O1294,31-08-2028,C1284,Mixer Grinder,Home Appliance,4,5000,20000,15000,Cash,0
O1295,01-09-2028,C1285,Printer,Electronics,2,8000,16000,8000,Credit,0.05
O1296,02-09-2028,C1286,AC,Electronics,1,50000,50000,0,Cash,0
O1297,03-09-2028,C1287,Bookshelf Rack,Furniture,1,15000,15000,0,Cash,0.1
O1298,04-09-2028,C1288,Laptop,Electronics,3,50000,150000,100000,Cash,0.05
O1299,05-09-2028,C1289,Mobile,Electronics,1,20000,20000,0,Cash,0.1
O1300,06-09-2028,C1290, Mixer Grinder,Home Appliance,4,5000,20000,15000,Cash,0
O1301,07-09-2028,C1291, Printer,Electronics,1,8000,8000,0,Credit,0
O1302,08-09-2028,C1292,Table,Furniture,2,25000,50000,25000,Credit,0.15
O1303,09-09-2028,C1293,AC,Electronics,1,40000,40000,0,Cash,0.05
O1304,10-09-2028,C1294,Sofa,Furniture,5,30000,150000,120000,Cash,0
O1305,11-09-2028,C1295,Monitor,Electronics,1,12000,12000,0,Credit,0.1
O1306,12-09-2028,C1296, Chair,Furniture,4,6000,24000,18000,Cash,0
O1307,13-09-2028,C1297,Ceiling Fan,Home Appliance,2,2500,5000,2500,Cash,0.05
O1308,14-09-2028,C1298,Electric Kettle,Home Appliance,1,1800,1800,0,Cash,0
O1309,15-09-2028,C1299,Mixer Grinder,Home Appliance,1,5000,5000,0,Cash,0
O1310,16-09-2028,C1300,Printer,Electronics,3,8000,24000,16000,Cash,0.1
O1311,17-09-2028,C1301,AC,Electronics,1,50000,50000,0,Cash,0
O1312,18-09-2028,C1302,Bookshelf Rack,Furniture,1,15000,15000,0,Cash,0.05
O1313,19-09-2028,C1303,Water Purifier,Home Appliance,1,5500,5500,0,Cash,0
O1314,20-09-2028,C1304,Mobile,Electronics,2,20000,40000,20000,Credit,0.05
O1315,21-09-2028,C1305,Monitor,Electronics,1,12000,12000,0,Cash,0
O1316,22-09-2028,C1306,Ceiling Fan,Home Appliance,4,25000,100000,75000,Cash,0.1
O1317,23-09-2028,C1307,Sofa,Furniture,1,30000,30000,0,Cash,0
O1318,24-09-2028,C1308,Table,Furniture,4,25000,100000,75000,Cash,0.05
O1319,25-09-2028,C1309,Mixer Grinder,Home Appliance,2,5000,10000,5000,Credit,0.1
O1320,26-09-2028,C1310,AC,Electronics,1,40000,40000,0,Cash,0
O1321,27-09-2028,C1311,Chair,Furniture,1,6000,6000,0,Cash,0
O1322,28-09-2028,C1312,Laptop,Electronics,4,50000,200000,150000,Cash,0.15
O1323,29-09-2028,C1313,Bookshelf Rack,Furniture,2,15000,30000,15000,Cash,0.05
O1324,30-09-2028,C1314,Electric Kettle,Home Appliance,1,1800,1800,0,Credit,0
O1325,01-10-2028,C1315,Sofa,Furniture,1,30000,30000,0,Credit,0.1
O1326,02-10-2028,C1316,Chair,Furniture,3,6000,18000,12000,Cash,0
O1327,03-10-2028,C1317,Mixer Grinder,Home Appliance,1,5000,5000,0,Cash,0.05
O1328,04-10-2028,C1318,Mixer Grinder,Home Appliance,4,5000,20000,15000,Cash,0
O1329,05-10-2028,C1319,AC,Electronics,1,40000,40000,0,Cash,0
O1330,06-10-2028,C1320,Ceiling Fan,Home Appliance,2,25000,50000,25000,Cash,0.1
O1331,07-10-2028,C1321,Laptop,Electronics,1,50000,50000,0,Cash,0
O1332,08-10-2028,C1322,Water Purifier,Home Appliance,5,5500,27500,22000,Cash,0.05
O1333,09-10-2028,C1323,Sofa,Furniture,1,30000,30000,0,Credit,0
O1334,10-10-2028,C1324,Monitor,Electronics,4,12000,48000,36000,Cash,0.05
O1335,11-10-2028,C1325,Printer,Electronics,2,8000,16000,8000,Credit,0
O1336,12-10-2028,C1326,Mobile,Electronics,1,20000,20000,0,Cash,0.1
O1337,13-10-2028,C1327,Electric Kettle,Home Appliance,1,1800,1800,0,Credit,0
O1338,14-10-2028,C1328,AC,Electronics,3,40000,120000,80000,Cash,0.05
O1339,15-10-2028,C1329,Monitor,Electronics,1,12000,12000,0,Cash,0.1
O1340,16-10-2028,C1330,Chair,Furniture,3,6000,18000,12000,Cash,0
O1341,17-10-2028,C1331, AC,Electronics,1,40000,40000,0,Credit,0
O1342,18-10-2028,C1332,Mixer Grinder,Home Appliance,2,5000,10000,5000,Cash,0.15
O1343,19-10-2028,C1333,Laptop,Electronics,1,50000,50000,0,Cash,0.05
O1344,20-10-2028,C1334,Sofa,Furniture,4,30000,120000,90000,Cash,0
O1345,21-10-2028,C1335,Bookshelf Rack,Furniture,1,15000,15000,0,Cash,0.1
O1346,22-10-2028,C1336,Mobile,Electronics,4,20000,80000,60000,Cash,0
O1347,23-10-2028,C1337,Electric Kettle,Home Appliance,2,1800,3600,1800,Cash,0.05
O1348,24-10-2028,C1338,AC ,Electronics,3,40000,120000,80000,Cash,0
O1349,25-10-2028,C1339,Mobile,Electronics,2,20000,40000,20000,Cash,0
O1350,26-10-2028,C1340,Sofa,Furniture,1,30000,30000,0,Cash,0.1
O1351,27-10-2028,C1341,Mixer Grinder,Home Appliance,4,5000,20000,15000,Cash,0
O1352,28-10-2028,C1342,Chair,Furniture,2,6000,12000,6000,Credit,0.05
O1353,29-10-2028,C1343,Mobile,Electronics,1,20000,20000,0,Cash,0
O1354,30-10-2028,C1344,AC,Electronics,1,40000,40000,0,Credit,0.05
O1355,31-10-2028,C1345,Printer,Electronics,3,8000,24000,16000,Credit,0
O1356,01-11-2028,C1346,Mixer Grinder,Home Appliance,1,5000,5000,0,Cash,0.1
O1357,02-11-2028,C1347,Bookshelf Rack,Furniture,5,15000,75000,60000,Cash,0
O1358,03-11-2028,C1348,Water Purifier,Home Appliance,1,5500,5500,0,Cash,0.05
O1359,04-11-2028,C1349,Laptop,Electronics,2,50000,100000,50000,Credit,0.1
O1360,05-11-2028,C1350,Electric Kettle,Home Appliance,1,1800,1800,0,Cash,0
O1361,06-11-2028,C1351,Mobile,Electronics,1,20000,20000,0,Cash,0
O1362,07-11-2028,C1352,Table,Furniture,1,25000,25000,0,Cash,0.15
O1363,08-11-2028,C1353,Ceiling Fan,Home Appliance,4,25000,100000,75000,Cash,0.05
O1364,09-11-2028,C1354,Sofa,Furniture,2,30000,60000,30000,Cash,0
O1365,10-11-2028,C1355,Monitor,Electronics,5,12000,60000,48000,Credit,0.1
O1366,11-11-2028,C1356,Chair,Furniture,1,60000,60000,0,Cash,0
O1367,12-11-2028,C1357,Water Purifier,Home Appliance,3,5500,16500,11000,Cash,0.05
O1368,13-11-2028,C1358,AC,Electronics,1,40000,40000,0,Cash,0
O1369,14-11-2028,C1359,Mobile,Electronics,5,20000,100000,80000,Credit,0
O1370,15-11-2028,C1360,Printer,Electronics,1,8000,8000,0,Cash,0.1
O1371,16-11-2028,C1361,Mixer Grinder,Home Appliance,2,5000,10000,5000,Cash,0
O1372,17-11-2028,C1362,Bookshelf Rack,Furniture,1,15000,15000,0,Cash,0.05
O1373,18-11-2028,C1363,Electric Kettle,Home Appliance,3,1800,5400,3600,Cash,0
O1374,19-11-2028,C1364, AC,Electronics,1,40000,40000,0,Cash,0.05
O1375,20-11-2028,C1365,Sofa,Furniture,4,30000,120000,90000,Cash,0
O1376,21-11-2028,C1366,Mobile,Electronics,2,20000,40000,20000,Credit,0.1
O1377,22-11-2028,C1367,Ceiling Fan,Home Appliance,1,25000,25000,0,Cash,0
O1378,23-11-2028,C1368,Chair,Furniture,1,60000,60000,0,Cash,0.05
O1379,24-11-2028,C1369,Monitor,Electronics,3,12000,36000,24000,Cash,0.1
O1380,25-11-2028,C1370,Water Purifier,Home Appliance,1,5500,5500,0,Credit,0
O1381,26-11-2028,C1371,Bookshelf Rack,Furniture,4,15000,60000,45000,Cash,0
O1382,27-11-2028,C1372,Sofa,Furniture,1,30000,30000,0,Cash,0.15
O1383,28-11-2028,C1373,Ceiling Fan,Home Appliance,2,25000,50000,25000,Cash,0.05
O1384,29-11-2028,C1374,Printer,Electronics,1,8000,8000,0,Cash,0
O1385,30-11-2028,C1375,AC ,Electronics,5,40000,200000,160000,Credit,0.1
O1386,01-12-2028,C1376,Monitor,Electronics,1,12000,12000,0,Cash,0
O1387,02-12-2028,C1377,Laptop,Electronics,4,50000,200000,150000,Cash,0.05
O1388,03-12-2028,C1378,Sofa,Furniture,2,30000,60000,30000,Cash,0
O1389,04-12-2028,C1379,Bookshelf Rack,Furniture,1,15000,15000,0,Credit,0
O1390,05-12-2028,C1380,Electric Kettle,Home Appliance,1,1800,1800,0,Cash,0.1
O1391,06-12-2028,C1381,Mobile,Electronics,3,20000,60000,40000,Cash,0
O1392,07-12-2028,C1382,Laptop,Electronics,1,50000,50000,0,Cash,0.05
O1393,08-12-2028,C1383,Mobile,Electronics,1,20000,20000,0,Cash,0
O1394,09-12-2028,C1384, Mixer Grinder,Home Appliance,1,5000,5000,0,Cash,0.05
O1395,10-12-2028,C1385, Printer,Electronics,2,8000,16000,8000,Credit,0
O1396,11-12-2028,C1386,Table,Furniture,1,25000,25000,0,Credit,0.1
O1397,12-12-2028,C1387,AC,Electronics,4,40000,160000,120000,Cash,0
O1398,13-12-2028,C1388,Sofa,Furniture,1,30000,30000,0,Cash,0.05
O1399,14-12-2028,C1389,Monitor,Electronics,4,12000,48000,36000,Credit,0.1
O1400,15-12-2028,C1390, Chair,Furniture,2,6000,12000,6000,Cash,0
O1401,16-12-2028,C1391,Ceiling Fan,Home Appliance,1,2500,2500,0,Cash,0
O1402,17-12-2028,C1392,Electric Kettle,Home Appliance,1,1800,1800,0,Cash,0.15
O1403,18-12-2028,C1393,Mixer Grinder,Home Appliance,3,5000,15000,10000,Cash,0.05
O1404,19-12-2028,C1394,Printer,Electronics,1,8000,8000,0,Cash,0
O1405,20-12-2028,C1395,AC,Electronics,5,50000,250000,200000,Cash,0.1
O1406,21-12-2028,C1396,Bookshelf Rack,Furniture,1,15000,15000,0,Cash,0
O1407,22-12-2028,C1397,Water Purifier,Home Appliance,2,5500,11000,5500,Cash,0.05
O1408,23-12-2028,C1398,Mobile,Electronics,1,20000,20000,0,Credit,0
O1409,24-12-2028,C1399,Monitor,Electronics,1,12000,12000,0,Cash,0
O1410,25-12-2028,C1400,Ceiling Fan,Home Appliance,1,25000,25000,0,Cash,0.1
O1411,26-12-2028,C1401,Sofa,Furniture,4,30000,120000,90000,Cash,0
O1412,27-12-2028,C1402,Table,Furniture,2,25000,50000,25000,Cash,0.05
O1413,28-12-2028,C1403,Mixer Grinder,Home Appliance,1,5000,5000,0,Credit,0
O1414,29-12-2028,C1404,AC,Electronics,1,40000,40000,0,Cash,0.05
O1415,30-12-2028,C1405,Chair,Furniture,3,6000,18000,12000,Cash,0
O1416,31-12-2028,C1406,Laptop,Electronics,1,50000,50000,0,Cash,0.1
O1417,01-01-2029,C1407,Bookshelf Rack,Furniture,4,15000,60000,45000,Cash,0
O1418,02-01-2029,C1408,Electric Kettle,Home Appliance,1,1800,1800,0,Credit,0.05
O1419,03-01-2029,C1409,Sofa,Furniture,2,30000,60000,30000,Credit,0.1
O1420,04-01-2029,C1410,Chair,Furniture,1,6000,6000,0,Cash,0
O1421,05-01-2029,C1411,Mixer Grinder,Home Appliance,5,5000,25000,20000,Cash,0
O1422,06-01-2029,C1412,Mixer Grinder,Home Appliance,1,5000,5000,0,Cash,0.15
O1423,07-01-2029,C1413,AC,Electronics,4,40000,160000,120000,Cash,0.05
O1424,08-01-2029,C1414,Ceiling Fan,Home Appliance,2,25000,50000,25000,Cash,0
O1425,09-01-2029,C1415,Laptop,Electronics,1,50000,50000,0,Cash,0.1
O1426,10-01-2029,C1416,Water Purifier,Home Appliance,1,5500,5500,0,Cash,0
O1427,11-01-2029,C1417,Sofa,Furniture,3,30000,90000,60000,Credit,0.05
O1428,12-01-2029,C1418,Monitor,Electronics,1,12000,12000,0,Cash,0
O1429,13-01-2029,C1419,Printer,Electronics,3,8000,24000,16000,Cash,0
O1430,14-01-2029,C1420,Mobile,Electronics,1,20000,20000,0,Credit,0.1
O1431,15-01-2029,C1421,Electric Kettle,Home Appliance,2,1800,3600,1800,Credit,0
O1432,16-01-2029,C1422,AC,Electronics,1,40000,40000,0,Cash,0.05
O1433,17-01-2029,C1423,Monitor,Electronics,4,12000,48000,36000,Cash,0
O1434,18-01-2029,C1424,Chair,Furniture,1,6000,6000,0,Cash,0.05
O1435,19-01-2029,C1425, AC,Electronics,4,40000,160000,120000,Credit,0
O1436,20-01-2029,C1426,Mixer Grinder,Home Appliance,2,5000,10000,5000,Cash,0.1
O1437,21-01-2029,C1427,Laptop,Electronics,3,50000,150000,100000,Cash,0
O1438,22-01-2029,C1428,Sofa,Furniture,2,30000,60000,30000,Cash,0.05
O1439,23-01-2029,C1429,Bookshelf Rack,Furniture,1,15000,15000,0,Cash,0.1
O1440,24-01-2029,C1430,Mobile,Electronics,4,20000,80000,60000,Cash,0
O1441,25-01-2029,C1431,Electric Kettle,Home Appliance,2,1800,3600,1800,Credit,0
O1442,26-01-2029,C1432,AC ,Electronics,1,40000,40000,0,Cash,0.15
O1443,27-01-2029,C1433,Mobile,Electronics,1,20000,20000,0,Cash,0.05
O1444,28-01-2029,C1434,Sofa,Furniture,3,30000,90000,60000,Cash,0
O1445,29-01-2029,C1435,Mixer Grinder,Home Appliance,1,5000,5000,0,Credit,0.1
O1446,30-01-2029,C1436,Chair,Furniture,5,6000,30000,24000,Cash,0
O1447,31-01-2029,C1437,Mobile,Electronics,1,20000,20000,0,Cash,0.05
O1448,01-02-2029,C1438,AC,Electronics,2,40000,80000,40000,Cash,0
O1449,02-02-2029,C1439,Printer,Electronics,1,8000,8000,0,Cash,0
O1450,03-02-2029,C1440,Mixer Grinder,Home Appliance,1,5000,5000,0,Cash,0.1
O1451,04-02-2029,C1441,Bookshelf Rack,Furniture,1,15000,15000,0,Cash,0
O1452,05-02-2029,C1442,Water Purifier,Home Appliance,4,5500,22000,16500,Credit,0.05
O1453,06-02-2029,C1443,Laptop,Electronics,2,50000,100000,50000,Cash,0
O1454,07-02-2029,C1444,Electric Kettle,Home Appliance,5,1800,9000,7200,Cash,0.05
O1455,08-02-2029,C1445,Mobile,Electronics,1,20000,20000,0,Cash,0
O1456,09-02-2029,C1446,Table,Furniture,3,25000,75000,50000,Credit,0.1
O1457,10-02-2029,C1447,Ceiling Fan,Home Appliance,1,25000,25000,0,Cash,0
O1458,11-02-2029,C1448,Sofa,Furniture,5,30000,150000,120000,Cash,0.05
O1459,12-02-2029,C1449,Monitor,Electronics,1,12000,12000,0,Cash,0.1
O1460,13-02-2029,C1450,Chair,Furniture,2,60000,120000,60000,Cash,0
O1461,14-02-2029,C1451,Water Purifier,Home Appliance,1,5500,5500,0,Credit,0
O1462,15-02-2029,C1452,AC,Electronics,3,40000,120000,80000,Cash,0.15
O1463,16-02-2029,C1453,Mobile,Electronics,1,20000,20000,0,Cash,0.05
O1464,17-02-2029,C1454,Printer,Electronics,4,8000,32000,24000,Cash,0
O1465,18-02-2029,C1455,Mixer Grinder,Home Appliance,2,5000,10000,5000,Credit,0.1
O1466,19-02-2029,C1456,Bookshelf Rack,Furniture,1,15000,15000,0,Cash,0
O1467,20-02-2029,C1457,Electric Kettle,Home Appliance,1,1800,1800,0,Cash,0.05
O1468,21-02-2029,C1458, AC,Electronics,3,40000,120000,80000,Cash,0
O1469,22-02-2029,C1459,Sofa,Furniture,1,30000,30000,0,Cash,0
O1470,23-02-2029,C1460,Mobile,Electronics,4,20000,80000,60000,Cash,0.1
O1471,24-02-2029,C1461,Ceiling Fan,Home Appliance,1,25000,25000,0,Credit,0
O1472,25-02-2029,C1462,Chair,Furniture,2,60000,120000,60000,Credit,0.05
O1473,26-02-2029,C1463,Monitor,Electronics,1,12000,12000,0,Cash,0
O1474,27-02-2029,C1464,Water Purifier,Home Appliance,5,5500,27500,22000,Cash,0.05
O1475,28-02-2029,C1465,Bookshelf Rack,Furniture,1,15000,15000,0,Cash,0
O1476,01-03-2029,C1466,Sofa,Furniture,4,30000,120000,90000,Credit,0.1
O1477,02-03-2029,C1467,Ceiling Fan,Home Appliance,2,25000,50000,25000,Credit,0
O1478,03-03-2029,C1468,Printer,Electronics,1,8000,8000,0,Cash,0.15
O1479,04-03-2029,C1469,AC ,Electronics,1,40000,40000,0,Cash,0.05
O1480,05-03-2029,C1470,Laptop,Electronics,3,50000,150000,100000,Cash,0.05
O1481,06-03-2029,C1471,Mobile,Electronics,1,20000,20000,0,Credit,0.1
O1482,07-03-2029,C1472, Mixer Grinder,Home Appliance,1,5000,5000,0,Cash,0
O1483,08-03-2029,C1473, Printer,Electronics,1,8000,8000,0,Cash,0
O1484,09-03-2029,C1474,Table,Furniture,2,25000,50000,25000,Cash,0.15
O1485,10-03-2029,C1475,AC,Electronics,1,40000,40000,0,Cash,0.05
O1486,11-03-2029,C1476,Sofa,Furniture,4,30000,120000,90000,Cash,0
O1487,12-03-2029,C1477,Monitor,Electronics,1,12000,12000,0,Credit,0.1
O1488,13-03-2029,C1478, Chair,Furniture,4,6000,24000,18000,Cash,0
O1489,14-03-2029,C1479,Ceiling Fan,Home Appliance,2,2500,5000,2500,Cash,0.05
O1490,15-03-2029,C1480,Electric Kettle,Home Appliance,1,1800,1800,0,Cash,0
O1491,16-03-2029,C1481,Mixer Grinder,Home Appliance,1,5000,5000,0,Credit,0
O1492,17-03-2029,C1482,Printer,Electronics,4,8000,32000,24000,Cash,0.1
O1493,18-03-2029,C1483,AC,Electronics,2,50000,100000,50000,Cash,0
O1494,19-03-2029,C1484,Bookshelf Rack,Furniture,1,15000,15000,0,Cash,0.05
O1495,20-03-2029,C1485,Water Purifier,Home Appliance,1,5500,5500,0,Cash,0
O1496,21-03-2029,C1486,Mobile,Electronics,3,20000,60000,40000,Cash,0.05
O1497,22-03-2029,C1487,Monitor,Electronics,1,12000,12000,0,Cash,0
O1498,23-03-2029,C1488,Ceiling Fan,Home Appliance,4,25000,100000,75000,Credit,0.1
O1499,24-03-2029,C1489,Sofa,Furniture,1,30000,30000,0,Cash,0
O1500,25-03-2029,C1490,Table,Furniture,2,25000,50000,25000,Cash,0.05
O1501,26-03-2029,C1491,AC,Electronics,1,50000,50000,0,Cash,0.1
O1502,27-03-2029,C1492,Laptop,Electronics,5,50000,250000,200000,Credit,0.15
O1503,28-03-2029,C1493,Mobile,Electronics,1,20000,20000,0,Cash,0.05
O1504,29-03-2029,C1494, Mixer Grinder,Home Appliance,4,5000,20000,15000,Cash,0
O1505,30-03-2029,C1495, Printer,Electronics,2,8000,16000,8000,Cash,0.1
O1506,31-03-2029,C1496,Table,Furniture,1,25000,25000,0,Cash,0
O1507,01-04-2029,C1497,AC,Electronics,1,40000,40000,0,Credit,0.05
O1508,02-04-2029,C1498,Sofa,Furniture,3,30000,90000,60000,Cash,0
O1509,03-04-2029,C1499,Monitor,Electronics,1,12000,12000,0,Cash,0
O1510,04-04-2029,C1500, Chair,Furniture,3,6000,18000,12000,Cash,0.1
O1511,05-04-2029,C1501,Ceiling Fan,Home Appliance,1,2500,2500,0,Credit,0
O1512,06-04-2029,C1502,Electric Kettle,Home Appliance,2,1800,3600,1800,Cash,0.05
O1513,07-04-2029,C1503,Mixer Grinder,Home Appliance,1,5000,5000,0,Cash,0
O1514,08-04-2029,C1504,Printer,Electronics,4,8000,32000,24000,Cash,0.05
O1515,09-04-2029,C1505,AC,Electronics,1,50000,50000,0,Cash,0
O1516,10-04-2029,C1506,Bookshelf Rack,Furniture,4,15000,60000,45000,Cash,0.1
O1517,11-04-2029,C1507,Laptop,Electronics,2,50000,100000,50000,Credit,0.05
O1518,12-04-2029,C1508,Mobile,Electronics,3,20000,60000,40000,Credit,0.1
O1519,13-04-2029,C1509, Mixer Grinder,Home Appliance,2,5000,10000,5000,Cash,0
O1520,14-04-2029,C1510, Printer,Electronics,1,8000,8000,0,Cash,0
O1521,15-04-2029,C1511,Table,Furniture,4,25000,100000,75000,Cash,0.15
O1522,16-04-2029,C1512,AC,Electronics,2,40000,80000,40000,Credit,0.05
O1523,17-04-2029,C1513,Sofa,Furniture,1,30000,30000,0,Credit,0
O1524,18-04-2029,C1514,Monitor,Electronics,1,12000,12000,0,Cash,0.1
O1525,19-04-2029,C1515, Chair,Furniture,3,6000,18000,12000,Cash,0
O1526,20-04-2029,C1516,Ceiling Fan,Home Appliance,1,2500,2500,0,Cash,0.05
O1527,21-04-2029,C1517,Electric Kettle,Home Appliance,5,1800,9000,7200,Credit,0
O1528,22-04-2029,C1518,Mixer Grinder,Home Appliance,1,5000,5000,0,Cash,0
O1529,23-04-2029,C1519,Printer,Electronics,2,8000,16000,8000,Cash,0.1
O1530,24-04-2029,C1520,AC,Electronics,1,50000,50000,0,Cash,0
O1531,25-04-2029,C1521,Bookshelf Rack,Furniture,1,15000,15000,0,Cash,0.05
O1532,26-04-2029,C1522,Water Purifier,Home Appliance,1,5500,5500,0,Cash,0
O1533,27-04-2029,C1523,Mobile,Electronics,4,20000,80000,60000,Credit,0.05
O1534,28-04-2029,C1524,Monitor,Electronics,2,12000,24000,12000,Cash,0
O1535,29-04-2029,C1525,Ceiling Fan,Home Appliance,5,25000,125000,100000,Cash,0.1
O1536,30-04-2029,C1526,Sofa,Furniture,1,30000,30000,0,Cash,0
O1537,01-05-2029,C1527,Table,Furniture,3,25000,75000,50000,Credit,0.05
O1538,02-05-2029,C1528,Mixer Grinder,Home Appliance,1,5000,5000,0,Cash,0.1
O1539,03-05-2029,C1529,AC,Electronics,5,40000,200000,160000,Cash,0
O1540,04-05-2029,C1530,Chair,Furniture,1,6000,6000,0,Cash,0
O1541,05-05-2029,C1531,Laptop,Electronics,2,50000,100000,50000,Cash,0.15
O1542,06-05-2029,C1532,Bookshelf Rack,Furniture,1,15000,15000,0,Cash,0.05
O1543,07-05-2029,C1533,Electric Kettle,Home Appliance,3,1800,5400,3600,Cash,0
O1544,08-05-2029,C1534,Sofa,Furniture,1,30000,30000,0,Credit,0.1
O1545,09-05-2029,C1535,Chair,Furniture,4,6000,24000,18000,Cash,0
O1546,10-05-2029,C1536,Mixer Grinder,Home Appliance,2,5000,10000,5000,Cash,0.05
O1547,11-05-2029,C1537,Mixer Grinder,Home Appliance,1,5000,5000,0,Cash,0
O1548,12-05-2029,C1538,AC,Electronics,1,40000,40000,0,Credit,0
O1549,13-05-2029,C1539,Ceiling Fan,Home Appliance,3,25000,75000,50000,Cash,0.1
O1550,14-05-2029,C1540,Laptop,Electronics,1,50000,50000,0,Cash,0
O1551,15-05-2029,C1541,Water Purifier,Home Appliance,4,5500,22000,16500,Credit,0.05
O1552,16-05-2029,C1542,Sofa,Furniture,1,30000,30000,0,Credit,0
O1553,17-05-2029,C1543,Monitor,Electronics,2,12000,24000,12000,Cash,0.05
O1554,18-05-2029,C1544,Printer,Electronics,1,8000,8000,0,Cash,0
O1555,19-05-2029,C1545,Mobile,Electronics,5,20000,100000,80000,Cash,0.1
O1556,20-05-2029,C1546,Electric Kettle,Home Appliance,1,1800,1800,0,Credit,0
O1557,21-05-2029,C1547,AC,Electronics,4,40000,160000,120000,Cash,0.05
O1558,22-05-2029,C1548,Monitor,Electronics,2,12000,24000,12000,Cash,0.1
O1559,23-05-2029,C1549,Chair,Furniture,1,6000,6000,0,Cash,0
O1560,24-05-2029,C1550, AC,Electronics,1,40000,40000,0,Cash,0
O1561,25-05-2029,C1551,Mixer Grinder,Home Appliance,3,5000,15000,10000,Cash,0.15
O1562,26-05-2029,C1552,Laptop,Electronics,1,50000,50000,0,Credit,0.05
O1563,27-05-2029,C1553,Sofa,Furniture,1,30000,30000,0,Cash,0
O1564,28-05-2029,C1554,Bookshelf Rack,Furniture,1,15000,15000,0,Cash,0.1
O1565,29-05-2029,C1555,Mobile,Electronics,2,20000,40000,20000,Cash,0
O1566,30-05-2029,C1556,Electric Kettle,Home Appliance,1,1800,1800,0,Credit,0.05
O1567,31-05-2029,C1557,AC ,Electronics,4,40000,160000,120000,Cash,0
O1568,01-06-2029,C1558,Mobile,Electronics,1,20000,20000,0,Cash,0
O1569,02-06-2029,C1559,Sofa,Furniture,4,30000,120000,90000,Cash,0.1
O1570,03-06-2029,C1560,Mixer Grinder,Home Appliance,2,5000,10000,5000,Cash,0
O1571,04-06-2029,C1561,Chair,Furniture,1,6000,6000,0,Cash,0.05
O1572,05-06-2029,C1562,Mobile,Electronics,1,20000,20000,0,Cash,0
O1573,06-06-2029,C1563,AC,Electronics,3,40000,120000,80000,Credit,0.05
O1574,07-06-2029,C1564,Printer,Electronics,1,8000,8000,0,Cash,0
O1575,08-06-2029,C1565,Mixer Grinder,Home Appliance,5,5000,25000,20000,Cash,0.1
O1576,09-06-2029,C1566,Bookshelf Rack,Furniture,1,15000,15000,0,Cash,0
O1577,10-06-2029,C1567,Water Purifier,Home Appliance,2,5500,11000,5500,Credit,0.05
O1578,11-06-2029,C1568,Laptop,Electronics,1,50000,50000,0,Cash,0.1
O1579,12-06-2029,C1569,Electric Kettle,Home Appliance,1,1800,1800,0,Cash,0
O1580,13-06-2029,C1570,Mobile,Electronics,1,20000,20000,0,Cash,0
O1581,14-06-2029,C1571,Table,Furniture,4,25000,100000,75000,Cash,0.15
O1582,15-06-2029,C1572,Ceiling Fan,Home Appliance,2,25000,50000,25000,Credit,0.05
O1583,16-06-2029,C1573,Sofa,Furniture,1,30000,30000,0,Cash,0
O1584,17-06-2029,C1574,Monitor,Electronics,1,12000,12000,0,Cash,0.1
O1585,18-06-2029,C1575,Chair,Furniture,3,60000,180000,120000,Cash,0
O1586,19-06-2029,C1576,Water Purifier,Home Appliance,1,5500,5500,0,Credit,0.05
O1587,20-06-2029,C1577,AC,Electronics,4,40000,160000,120000,Cash,0
O1588,21-06-2029,C1578,Mobile,Electronics,1,20000,20000,0,Cash,0
O1589,22-06-2029,C1579,Printer,Electronics,2,8000,16000,8000,Cash,0.1
O1590,23-06-2029,C1580,Mixer Grinder,Home Appliance,1,5000,5000,0,Cash,0
O1591,24-06-2029,C1581,Bookshelf Rack,Furniture,5,15000,75000,60000,Cash,0.05
O1592,25-06-2029,C1582,Electric Kettle,Home Appliance,1,1800,1800,0,Credit,0
O1593,26-06-2029,C1583, AC,Electronics,4,40000,160000,120000,Credit,0.05
O1594,27-06-2029,C1584,Sofa,Furniture,2,30000,60000,30000,Cash,0
O1595,28-06-2029,C1585,Mobile,Electronics,1,20000,20000,0,Cash,0.1
O1596,29-06-2029,C1586,Ceiling Fan,Home Appliance,1,25000,25000,0,Cash,0
O1597,30-06-2029,C1587,Chair,Furniture,3,60000,180000,120000,Credit,0.05
O1598,01-07-2029,C1588,Monitor,Electronics,1,12000,12000,0,Credit,0.1
O1599,02-07-2029,C1589,Water Purifier,Home Appliance,3,5500,16500,11000,Cash,0
O1600,03-07-2029,C1590,Bookshelf Rack,Furniture,1,15000,15000,0,Cash,0
O1601,04-07-2029,C1591,Sofa,Furniture,2,30000,60000,30000,Cash,0.15
O1602,05-07-2029,C1592,Ceiling Fan,Home Appliance,1,25000,25000,0,Credit,0.05
O1603,06-07-2029,C1593,Printer,Electronics,4,8000,32000,24000,Cash,0
O1604,07-07-2029,C1594,AC ,Electronics,1,40000,40000,0,Cash,0.1
O1605,08-07-2029,C1595,Monitor,Electronics,4,12000,48000,36000,Cash,0
O1606,09-07-2029,C1596,Laptop,Electronics,2,50000,100000,50000,Cash,0.05
O1607,10-07-2029,C1597,Sofa,Furniture,3,30000,90000,60000,Cash,0
O1608,11-07-2029,C1598,Bookshelf Rack,Furniture,2,15000,30000,15000,Credit,0
O1609,12-07-2029,C1599,Electric Kettle,Home Appliance,1,1800,1800,0,Cash,0.1
O1610,13-07-2029,C1600,Mobile,Electronics,4,20000,80000,60000,Cash,0
O1611,14-07-2029,C1601,Laptop,Electronics,2,50000,100000,50000,Cash,0.05
O1612,15-07-2029,C1602,Mobile,Electronics,1,20000,20000,0,Credit,0
O1613,16-07-2029,C1603, Mixer Grinder,Home Appliance,1,5000,5000,0,Cash,0.05
O1614,17-07-2029,C1604, Printer,Electronics,3,8000,24000,16000,Cash,0
O1615,18-07-2029,C1605,Table,Furniture,1,25000,25000,0,Cash,0.1
O1616,19-07-2029,C1606,AC,Electronics,5,40000,200000,160000,Cash,0
O1617,20-07-2029,C1607,Sofa,Furniture,1,30000,30000,0,Cash,0.05
O1618,21-07-2029,C1608,Monitor,Electronics,2,12000,24000,12000,Cash,0.1
O1619,22-07-2029,C1609, Chair,Furniture,1,6000,6000,0,Credit,0
O1620,23-07-2029,C1610,Ceiling Fan,Home Appliance,1,2500,2500,0,Cash,0
O1621,24-07-2029,C1611,Electric Kettle,Home Appliance,1,1800,1800,0,Cash,0.15
O1622,25-07-2029,C1612,Mixer Grinder,Home Appliance,4,5000,20000,15000,Cash,0.05
O1623,26-07-2029,C1613,Printer,Electronics,2,8000,16000,8000,Credit,0
O1624,27-07-2029,C1614,AC,Electronics,5,50000,250000,200000,Cash,0.1
O1625,28-07-2029,C1615,Bookshelf Rack,Furniture,1,15000,15000,0,Cash,0
O1626,29-07-2029,C1616,Water Purifier,Home Appliance,3,5500,16500,11000,Cash,0.05
O1627,30-07-2029,C1617,Mobile,Electronics,1,20000,20000,0,Cash,0
O1628,31-07-2029,C1618,Monitor,Electronics,5,12000,60000,48000,Credit,0
O1629,01-08-2029,C1619,Ceiling Fan,Home Appliance,1,25000,25000,0,Cash,0.1
O1630,02-08-2029,C1620,Sofa,Furniture,2,30000,60000,30000,Cash,0
O1631,03-08-2029,C1621,Table,Furniture,1,25000,25000,0,Cash,0.05
O1632,04-08-2029,C1622,Mixer Grinder,Home Appliance,3,5000,15000,10000,Credit,0
O1633,05-08-2029,C1623,AC,Electronics,1,40000,40000,0,Cash,0.05
O1634,06-08-2029,C1624,Chair,Furniture,4,6000,24000,18000,Cash,0
O1635,07-08-2029,C1625,Laptop,Electronics,2,50000,100000,50000,Cash,0.1
O1636,08-08-2029,C1626,Bookshelf Rack,Furniture,1,15000,15000,0,Cash,0
O1637,09-08-2029,C1627,Electric Kettle,Home Appliance,1,1800,1800,0,Cash,0.05
O1638,10-08-2029,C1628,Sofa,Furniture,3,30000,90000,60000,Credit,0.1
O1639,11-08-2029,C1629,Chair,Furniture,1,6000,6000,0,Credit,0
O1640,12-08-2029,C1630,Mixer Grinder,Home Appliance,4,5000,20000,15000,Cash,0
O1641,13-08-2029,C1631,Mixer Grinder,Home Appliance,1,5000,5000,0,Cash,0.15
O1642,14-08-2029,C1632,AC,Electronics,2,40000,80000,40000,Cash,0.05
O1643,15-08-2029,C1633,Ceiling Fan,Home Appliance,1,25000,25000,0,Credit,0
O1644,16-08-2029,C1634,Laptop,Electronics,5,50000,250000,200000,Credit,0.1
O1645,17-08-2029,C1635,Water Purifier,Home Appliance,1,5500,5500,0,Cash,0
O1646,18-08-2029,C1636,Sofa,Furniture,4,30000,120000,90000,Cash,0.05
O1647,19-08-2029,C1637,Monitor,Electronics,2,12000,24000,12000,Cash,0
O1648,20-08-2029,C1638,Printer,Electronics,1,8000,8000,0,Credit,0
O1649,21-08-2029,C1639,Mobile,Electronics,1,20000,20000,0,Cash,0.1
O1650,22-08-2029,C1640,Electric Kettle,Home Appliance,3,1800,5400,3600,Cash,0
O1651,23-08-2029,C1641,AC,Electronics,1,40000,40000,0,Cash,0.05
O1652,24-08-2029,C1642,Monitor,Electronics,1,12000,12000,0,Cash,0
O1653,25-08-2029,C1643,Chair,Furniture,1,6000,6000,0,Cash,0.05
O1654,26-08-2029,C1644, AC,Electronics,2,40000,80000,40000,Credit,0
O1655,27-08-2029,C1645,Mixer Grinder,Home Appliance,1,5000,5000,0,Cash,0.1
O1656,28-08-2029,C1646,Laptop,Electronics,4,50000,200000,150000,Cash,0
O1657,29-08-2029,C1647,Sofa,Furniture,1,30000,30000,0,Cash,0.05
O1658,30-08-2029,C1648,Bookshelf Rack,Furniture,4,15000,60000,45000,Credit,0.1
O1659,31-08-2029,C1649,Mobile,Electronics,2,20000,40000,20000,Cash,0
O1660,01-09-2029,C1650,Electric Kettle,Home Appliance,1,1800,1800,0,Cash,0
O1661,02-09-2029,C1651,AC ,Electronics,1,40000,40000,0,Cash,0.15
O1662,03-09-2029,C1652,Mobile,Electronics,4,20000,80000,60000,Cash,0.05
O1663,04-09-2029,C1653,Sofa,Furniture,2,30000,60000,30000,Cash,0
O1664,05-09-2029,C1654,Mixer Grinder,Home Appliance,1,5000,5000,0,Cash,0.1
O1665,06-09-2029,C1655,Chair,Furniture,1,6000,6000,0,Credit,0
O1666,07-09-2029,C1656,Mobile,Electronics,3,20000,60000,40000,Cash,0.05
O1667,08-09-2029,C1657,AC,Electronics,1,40000,40000,0,Cash,0
O1668,09-09-2029,C1658,Printer,Electronics,4,8000,32000,24000,Cash,0
O1669,10-09-2029,C1659,Mixer Grinder,Home Appliance,1,5000,5000,0,Credit,0.1
O1670,11-09-2029,C1660,Bookshelf Rack,Furniture,2,15000,30000,15000,Cash,0
O1671,12-09-2029,C1661,Water Purifier,Home Appliance,1,5500,5500,0,Cash,0.05
O1672,13-09-2029,C1662,Laptop,Electronics,5,50000,250000,200000,Credit,0
O1673,14-09-2029,C1663,Electric Kettle,Home Appliance,1,1800,1800,0,Credit,0.05
O1674,15-09-2029,C1664,Mobile,Electronics,4,20000,80000,60000,Cash,0
O1675,16-09-2029,C1665,Table,Furniture,2,25000,50000,25000,Cash,0.1
O1676,17-09-2029,C1666,Ceiling Fan,Home Appliance,1,25000,25000,0,Cash,0
O1677,18-09-2029,C1667,Sofa,Furniture,1,30000,30000,0,Credit,0.05
O1678,19-09-2029,C1668,Monitor,Electronics,3,12000,36000,24000,Cash,0.1
O1679,20-09-2029,C1669,Chair,Furniture,1,60000,60000,0,Cash,0
O1680,21-09-2029,C1670,Water Purifier,Home Appliance,3,5500,16500,11000,Cash,0
O1681,22-09-2029,C1671,AC,Electronics,1,40000,40000,0,Cash,0.15
O1682,23-09-2029,C1672,Mobile,Electronics,2,20000,40000,20000,Cash,0.05
O1683,24-09-2029,C1673,Printer,Electronics,1,8000,8000,0,Credit,0
O1684,25-09-2029,C1674,Mixer Grinder,Home Appliance,4,5000,20000,15000,Cash,0.1
O1685,26-09-2029,C1675,Bookshelf Rack,Furniture,1,15000,15000,0,Cash,0
O1686,27-09-2029,C1676,Electric Kettle,Home Appliance,4,1800,7200,5400,Cash,0.05
O1687,28-09-2029,C1677, AC,Electronics,2,40000,80000,40000,Credit,0
O1688,29-09-2029,C1678,Sofa,Furniture,3,30000,90000,60000,Cash,0
O1689,30-09-2029,C1679,Mobile,Electronics,2,20000,40000,20000,Cash,0.1
O1690,01-10-2029,C1680,Ceiling Fan,Home Appliance,1,25000,25000,0,Cash,0
O1691,02-10-2029,C1681,Chair,Furniture,4,60000,240000,180000,Cash,0.05
O1692,03-10-2029,C1682,Monitor,Electronics,2,12000,24000,12000,Cash,0
O1693,04-10-2029,C1683,Water Purifier,Home Appliance,1,5500,5500,0,Cash,0.05
O1694,05-10-2029,C1684,Bookshelf Rack,Furniture,1,15000,15000,0,Credit,0
O1695,06-10-2029,C1685,Sofa,Furniture,3,30000,90000,60000,Cash,0.1
O1696,07-10-2029,C1686,Ceiling Fan,Home Appliance,1,25000,25000,0,Cash,0
O1697,08-10-2029,C1687,Printer,Electronics,5,8000,40000,32000,Cash,0.15
O1698,09-10-2029,C1688,AC ,Electronics,1,40000,40000,0,Credit,0.05
O1699,10-10-2029,C1689,Laptop,Electronics,2,50000,100000,50000,Cash,0.05
O1700,11-10-2029,C1690,Mobile,Electronics,1,20000,20000,0,Cash,0.1
O1701,12-10-2029,C1691, Mixer Grinder,Home Appliance,1,5000,5000,0,Cash,0
O1702,13-10-2029,C1692, Printer,Electronics,1,8000,8000,0,Cash,0
O1703,14-10-2029,C1693,Table,Furniture,4,25000,100000,75000,Credit,0.15
O1704,15-10-2029,C1694,AC,Electronics,2,40000,80000,40000,Cash,0.05
O1705,16-10-2029,C1695,Sofa,Furniture,5,30000,150000,120000,Cash,0
O1706,17-10-2029,C1696,Monitor,Electronics,1,12000,12000,0,Cash,0.1
O1707,18-10-2029,C1697, Chair,Furniture,3,6000,18000,12000,Credit,0
O1708,19-10-2029,C1698,Ceiling Fan,Home Appliance,1,2500,2500,0,Cash,0.05
O1709,20-10-2029,C1699,Electric Kettle,Home Appliance,5,1800,9000,7200,Cash,0
O1710,21-10-2029,C1700,Mixer Grinder,Home Appliance,1,5000,5000,0,Cash,0
O1711,22-10-2029,C1701,Printer,Electronics,2,8000,16000,8000,Cash,0.1
O1712,23-10-2029,C1702,AC,Electronics,1,50000,50000,0,Cash,0
O1713,24-10-2029,C1703,Bookshelf Rack,Furniture,3,15000,45000,30000,Credit,0.05
O1714,25-10-2029,C1704,Water Purifier,Home Appliance,1,5500,5500,0,Credit,0
O1715,26-10-2029,C1705,Mobile,Electronics,4,20000,80000,60000,Cash,0.05
O1716,27-10-2029,C1706,Monitor,Electronics,2,12000,24000,12000,Cash,0
O1717,28-10-2029,C1707,Ceiling Fan,Home Appliance,1,25000,25000,0,Cash,0.1
O1718,29-10-2029,C1708,Sofa,Furniture,1,30000,30000,0,Credit,0
O1719,30-10-2029,C1709,Table,Furniture,3,25000,75000,50000,Credit,0.05
O1720,31-10-2029,C1710,AC,Electronics,1,50000,50000,0,Cash,0.1
O1721,01-11-2029,C1711,Laptop,Electronics,4,50000,200000,150000,Cash,0.15
O1722,02-11-2029,C1712,Mobile,Electronics,1,20000,20000,0,Cash,0.05
O1723,03-11-2029,C1713, Mixer Grinder,Home Appliance,2,5000,10000,5000,Credit,0
O1724,04-11-2029,C1714, Printer,Electronics,1,8000,8000,0,Cash,0.1
O1725,05-11-2029,C1715,Table,Furniture,5,25000,125000,100000,Cash,0
O1726,06-11-2029,C1716,AC,Electronics,1,40000,40000,0,Cash,0.05
O1727,07-11-2029,C1717,Sofa,Furniture,4,30000,120000,90000,Cash,0
O1728,08-11-2029,C1718,Monitor,Electronics,2,12000,24000,12000,Cash,0
O1729,09-11-2029,C1719, Chair,Furniture,1,6000,6000,0,Credit,0.1
O1730,10-11-2029,C1720,Ceiling Fan,Home Appliance,1,2500,2500,0,Cash,0
O1731,11-11-2029,C1721,Electric Kettle,Home Appliance,3,1800,5400,3600,Cash,0.05
O1732,12-11-2029,C1722,Mixer Grinder,Home Appliance,1,5000,5000,0,Cash,0
O1733,13-11-2029,C1723,Printer,Electronics,1,8000,8000,0,Credit,0.05
O1734,14-11-2029,C1724,AC,Electronics,1,50000,50000,0,Cash,0
O1735,15-11-2029,C1725,Bookshelf Rack,Furniture,2,15000,30000,15000,Cash,0.1
O1736,16-11-2029,C1726,Laptop,Electronics,1,50000,50000,0,Cash,0.05
O1737,17-11-2029,C1727,Mobile,Electronics,4,20000,80000,60000,Cash,0.1
O1738,18-11-2029,C1728, Mixer Grinder,Home Appliance,1,5000,5000,0,Cash,0
O1739,19-11-2029,C1729, Printer,Electronics,4,8000,32000,24000,Cash,0
O1740,20-11-2029,C1730,Table,Furniture,2,25000,50000,25000,Credit,0.15
O1741,21-11-2029,C1731,AC,Electronics,1,40000,40000,0,Cash,0.05
O1742,22-11-2029,C1732,Sofa,Furniture,1,30000,30000,0,Cash,0
O1743,23-11-2029,C1733,Monitor,Electronics,3,12000,36000,24000,Cash,0.1
O1744,24-11-2029,C1734, Chair,Furniture,1,6000,6000,0,Credit,0
O1745,25-11-2029,C1735,Ceiling Fan,Home Appliance,5,2500,12500,10000,Cash,0.05
O1746,26-11-2029,C1736,Electric Kettle,Home Appliance,1,1800,1800,0,Cash,0
O1747,27-11-2029,C1737,Mixer Grinder,Home Appliance,2,5000,10000,5000,Cash,0
O1748,28-11-2029,C1738,Printer,Electronics,1,8000,8000,0,Cash,0.1
O1749,29-11-2029,C1739,AC,Electronics,1,50000,50000,0,Credit,0
O1750,30-11-2029,C1740,Bookshelf Rack,Furniture,1,15000,15000,0,Cash,0.05
O1751,01-12-2029,C1741,Water Purifier,Home Appliance,4,5500,22000,16500,Cash,0
O1752,02-12-2029,C1742,Mobile,Electronics,2,20000,40000,20000,Cash,0.05
O1753,03-12-2029,C1743,Monitor,Electronics,1,12000,12000,0,Credit,0
O1754,04-12-2029,C1744,Ceiling Fan,Home Appliance,1,25000,25000,0,Cash,0.1
O1755,05-12-2029,C1745,Sofa,Furniture,3,30000,90000,60000,Cash,0
O1756,06-12-2029,C1746,Table,Furniture,1,25000,25000,0,Cash,0.05
O1757,07-12-2029,C1747,Mixer Grinder,Home Appliance,4,5000,20000,15000,Cash,0.1
O1758,08-12-2029,C1748,AC,Electronics,1,40000,40000,0,Cash,0
O1759,09-12-2029,C1749,Chair,Furniture,2,6000,12000,6000,Credit,0
O1760,10-12-2029,C1750,Laptop,Electronics,1,50000,50000,0,Credit,0.15
O1761,11-12-2029,C1751,Bookshelf Rack,Furniture,5,15000,75000,60000,Cash,0.05
O1762,12-12-2029,C1752,Electric Kettle,Home Appliance,1,1800,1800,0,Cash,0
O1763,13-12-2029,C1753,Sofa,Furniture,4,30000,120000,90000,Cash,0.1
O1764,14-12-2029,C1754,Chair,Furniture,2,6000,12000,6000,Credit,0
O1765,15-12-2029,C1755,Mixer Grinder,Home Appliance,1,5000,5000,0,Credit,0.05
O1766,16-12-2029,C1756,Mixer Grinder,Home Appliance,1,5000,5000,0,Cash,0
O1767,17-12-2029,C1757,AC,Electronics,3,40000,120000,80000,Cash,0
O1768,18-12-2029,C1758,Ceiling Fan,Home Appliance,1,25000,25000,0,Cash,0.1
O1769,19-12-2029,C1759,Laptop,Electronics,3,50000,150000,100000,Credit,0
O1770,20-12-2029,C1760,Water Purifier,Home Appliance,1,5500,5500,0,Cash,0.05
O1771,21-12-2029,C1761,Sofa,Furniture,2,30000,60000,30000,Cash,0
O1772,22-12-2029,C1762,Monitor,Electronics,1,12000,12000,0,Cash,0.05
O1773,23-12-2029,C1763,Printer,Electronics,4,8000,32000,24000,Cash,0
O1774,24-12-2029,C1764,Mobile,Electronics,1,20000,20000,0,Cash,0.1
O1775,25-12-2029,C1765,Electric Kettle,Home Appliance,4,1800,7200,5400,Credit,0
O1776,26-12-2029,C1766,AC,Electronics,2,40000,80000,40000,Cash,0.05
O1777,27-12-2029,C1767,Monitor,Electronics,3,12000,36000,24000,Cash,0.1
O1778,28-12-2029,C1768,Chair,Furniture,2,6000,12000,6000,Cash,0
O1779,29-12-2029,C1769, AC,Electronics,1,40000,40000,0,Credit,0
O1780,30-12-2029,C1770,Mixer Grinder,Home Appliance,4,5000,20000,15000,Cash,0.15
O1781,31-12-2029,C1771,Laptop,Electronics,2,50000,100000,50000,Cash,0.05
O1782,01-01-2030,C1772,Sofa,Furniture,1,30000,30000,0,Cash,0
O1783,02-01-2030,C1773,Bookshelf Rack,Furniture,1,15000,15000,0,Cash,0.1
O1784,03-01-2030,C1774,Mobile,Electronics,3,20000,60000,40000,Cash,0
O1785,04-01-2030,C1775,Electric Kettle,Home Appliance,1,1800,1800,0,Cash,0.05
O1786,05-01-2030,C1776,AC ,Electronics,5,40000,200000,160000,Credit,0
O1787,06-01-2030,C1777,Mobile,Electronics,1,20000,20000,0,Cash,0
O1788,07-01-2030,C1778,Sofa,Furniture,2,30000,60000,30000,Cash,0.1
O1789,08-01-2030,C1779,Mixer Grinder,Home Appliance,1,5000,5000,0,Cash,0
O1790,09-01-2030,C1780,Chair,Furniture,1,6000,6000,0,Credit,0.05
O1791,10-01-2030,C1781,Mobile,Electronics,1,20000,20000,0,Cash,0
O1792,11-01-2030,C1782,AC,Electronics,4,40000,160000,120000,Cash,0.05
O1793,12-01-2030,C1783,Printer,Electronics,2,8000,16000,8000,Credit,0
O1794,13-01-2030,C1784,Mixer Grinder,Home Appliance,5,5000,25000,20000,Credit,0.1
O1795,14-01-2030,C1785,Bookshelf Rack,Furniture,1,15000,15000,0,Cash,0
O1796,15-01-2030,C1786,Water Purifier,Home Appliance,3,5500,16500,11000,Cash,0.05
O1797,16-01-2030,C1787,Laptop,Electronics,1,50000,50000,0,Cash,0.1
O1798,17-01-2030,C1788,Electric Kettle,Home Appliance,5,1800,9000,7200,Credit,0
O1799,18-01-2030,C1789,Mobile,Electronics,1,20000,20000,0,Cash,0
O1800,19-01-2030,C1790,Table,Furniture,2,25000,50000,25000,Cash,0.15
O1801,20-01-2030,C1791,Ceiling Fan,Home Appliance,1,25000,25000,0,Cash,0.05
O1802,21-01-2030,C1792,Sofa,Furniture,3,30000,90000,60000,Cash,0
O1803,22-01-2030,C1793,Monitor,Electronics,1,12000,12000,0,Cash,0.1
O1804,23-01-2030,C1794,Chair,Furniture,4,60000,240000,180000,Credit,0
O1805,24-01-2030,C1795,Water Purifier,Home Appliance,2,5500,11000,5500,Cash,0.05
O1806,25-01-2030,C1796,AC,Electronics,1,40000,40000,0,Cash,0
O1807,26-01-2030,C1797,Mobile,Electronics,1,20000,20000,0,Cash,0
O1808,27-01-2030,C1798,Printer,Electronics,3,8000,24000,16000,Credit,0.1
O1809,28-01-2030,C1799,Mixer Grinder,Home Appliance,1,5000,5000,0,Credit,0
O1810,29-01-2030,C1800,Bookshelf Rack,Furniture,4,15000,60000,45000,Cash,0.05
O1811,30-01-2030,C1801,Electric Kettle,Home Appliance,1,1800,1800,0,Cash,0
O1812,31-01-2030,C1802, AC,Electronics,2,40000,80000,40000,Cash,0.05
O1813,01-02-2030,C1803,Sofa,Furniture,1,30000,30000,0,Cash,0
O1814,02-02-2030,C1804,Mobile,Electronics,5,20000,100000,80000,Credit,0.1
O1815,03-02-2030,C1805,Ceiling Fan,Home Appliance,1,25000,25000,0,Credit,0
O1816,04-02-2030,C1806,Chair,Furniture,4,60000,240000,180000,Cash,0.05
O1817,05-02-2030,C1807,Monitor,Electronics,2,12000,24000,12000,Cash,0.1
O1818,06-02-2030,C1808,Water Purifier,Home Appliance,1,5500,5500,0,Cash,0
O1819,07-02-2030,C1809,Bookshelf Rack,Furniture,1,15000,15000,0,Cash,0
O1820,08-02-2030,C1810,Sofa,Furniture,3,30000,90000,60000,Cash,0.15
O1821,09-02-2030,C1811,Ceiling Fan,Home Appliance,1,25000,25000,0,Cash,0.05
O1822,10-02-2030,C1812,Printer,Electronics,1,8000,8000,0,Cash,0
O1823,11-02-2030,C1813,AC ,Electronics,1,40000,40000,0,Credit,0.1
O1824,12-02-2030,C1814,Monitor,Electronics,2,12000,24000,12000,Cash,0
O1825,13-02-2030,C1815,Laptop,Electronics,1,50000,50000,0,Credit,0.05
O1826,14-02-2030,C1816,Sofa,Furniture,4,30000,120000,90000,Cash,0
O1827,15-02-2030,C1817,Bookshelf Rack,Furniture,1,15000,15000,0,Credit,0
O1828,16-02-2030,C1818,Electric Kettle,Home Appliance,4,1800,7200,5400,Cash,0.1
O1829,17-02-2030,C1819,Mobile,Electronics,2,20000,40000,20000,Cash,0
O1830,18-02-2030,C1820,Laptop,Electronics,1,50000,50000,0,Cash,0.05
O1831,19-02-2030,C1821,Mobile,Electronics,1,20000,20000,0,Credit,0
O1832,20-02-2030,C1822, Mixer Grinder,Home Appliance,4,5000,20000,15000,Cash,0.05
O1833,21-02-2030,C1823, Printer,Electronics,2,8000,16000,8000,Cash,0
O1834,22-02-2030,C1824,Table,Furniture,1,25000,25000,0,Cash,0.1
O1835,23-02-2030,C1825,AC,Electronics,1,40000,40000,0,Cash,0
O1836,24-02-2030,C1826,Sofa,Furniture,3,30000,90000,60000,Cash,0.05
O1837,25-02-2030,C1827,Monitor,Electronics,1,12000,12000,0,Cash,0.1
O1838,26-02-2030,C1828, Chair,Furniture,4,6000,24000,18000,Cash,0
O1839,27-02-2030,C1829,Ceiling Fan,Home Appliance,1,2500,2500,0,Cash,0
O1840,28-02-2030,C1830,Electric Kettle,Home Appliance,2,1800,3600,1800,Cash,0.15
O1841,01-03-2030,C1831,Mixer Grinder,Home Appliance,1,5000,5000,0,Cash,0.05
O1842,02-03-2030,C1832,Printer,Electronics,5,8000,40000,32000,Credit,0
O1843,03-03-2030,C1833,AC,Electronics,1,50000,50000,0,Cash,0.1
O1844,04-03-2030,C1834,Bookshelf Rack,Furniture,4,15000,60000,45000,Credit,0
O1845,05-03-2030,C1835,Water Purifier,Home Appliance,2,5500,11000,5500,Credit,0.05
O1846,06-03-2030,C1836,Mobile,Electronics,1,20000,20000,0,Cash,0
O1847,07-03-2030,C1837,Monitor,Electronics,1,12000,12000,0,Cash,0
O1848,08-03-2030,C1838,Ceiling Fan,Home Appliance,3,25000,75000,50000,Cash,0.1
O1849,09-03-2030,C1839,Sofa,Furniture,1,30000,30000,0,Credit,0
O1850,10-03-2030,C1840,Table,Furniture,3,25000,75000,50000,Cash,0.05
O1851,11-03-2030,C1841,Mixer Grinder,Home Appliance,1,5000,5000,0,Cash,0
O1852,12-03-2030,C1842,AC,Electronics,2,40000,80000,40000,Cash,0.05
O1853,13-03-2030,C1843,Chair,Furniture,1,6000,6000,0,Cash,0
O1854,14-03-2030,C1844,Laptop,Electronics,4,50000,200000,150000,Cash,0.1
O1855,15-03-2030,C1845,Bookshelf Rack,Furniture,1,15000,15000,0,Credit,0
O1856,16-03-2030,C1846,Electric Kettle,Home Appliance,4,1800,7200,5400,Cash,0.05
O1857,17-03-2030,C1847,Sofa,Furniture,2,30000,60000,30000,Cash,0.1
O1858,18-03-2030,C1848,Chair,Furniture,3,6000,18000,12000,Cash,0
O1859,19-03-2030,C1849,Mixer Grinder,Home Appliance,2,5000,10000,5000,Credit,0
O1860,20-03-2030,C1850,Mixer Grinder,Home Appliance,1,5000,5000,0,Cash,0.15
O1861,21-03-2030,C1851,AC,Electronics,4,40000,160000,120000,Cash,0.05
O1862,22-03-2030,C1852,Ceiling Fan,Home Appliance,2,25000,50000,25000,Cash,0
O1863,23-03-2030,C1853,Laptop,Electronics,1,50000,50000,0,Cash,0.1
O1864,24-03-2030,C1854,Water Purifier,Home Appliance,1,5500,5500,0,Cash,0
O1865,25-03-2030,C1855,Sofa,Furniture,3,30000,90000,60000,Cash,0.05
O1866,26-03-2030,C1856,Monitor,Electronics,1,12000,12000,0,Credit,0
O1867,27-03-2030,C1857,Printer,Electronics,5,8000,40000,32000,Cash,0
O1868,28-03-2030,C1858,Mobile,Electronics,1,20000,20000,0,Cash,0.1
O1869,29-03-2030,C1859,Electric Kettle,Home Appliance,2,1800,3600,1800,Cash,0
O1870,30-03-2030,C1860,AC,Electronics,1,40000,40000,0,Credit,0.05
O1871,31-03-2030,C1861,Monitor,Electronics,1,12000,12000,0,Cash,0
O1872,01-04-2030,C1862,Chair,Furniture,1,6000,6000,0,Cash,0.05
O1873,02-04-2030,C1863, AC,Electronics,4,40000,160000,120000,Cash,0
O1874,03-04-2030,C1864,Mixer Grinder,Home Appliance,2,5000,10000,5000,Cash,0.1
O1875,04-04-2030,C1865,Laptop,Electronics,5,50000,250000,200000,Credit,0
O1876,05-04-2030,C1866,Sofa,Furniture,1,30000,30000,0,Cash,0.05
O1877,06-04-2030,C1867,Bookshelf Rack,Furniture,3,15000,45000,30000,Cash,0.1
O1878,07-04-2030,C1868,Mobile,Electronics,1,20000,20000,0,Cash,0
O1879,08-04-2030,C1869,Electric Kettle,Home Appliance,5,1800,9000,7200,Credit,0
O1880,09-04-2030,C1870,AC ,Electronics,1,40000,40000,0,Cash,0.15
O1881,10-04-2030,C1871,Mobile,Electronics,2,20000,40000,20000,Cash,0.05
O1882,11-04-2030,C1872,Sofa,Furniture,1,30000,30000,0,Cash,0
O1883,12-04-2030,C1873,Mixer Grinder,Home Appliance,3,5000,15000,10000,Cash,0.1
O1884,13-04-2030,C1874,Chair,Furniture,1,6000,6000,0,Cash,0
O1885,14-04-2030,C1875,Mobile,Electronics,4,20000,80000,60000,Credit,0.05
O1886,15-04-2030,C1876,AC,Electronics,2,40000,80000,40000,Credit,0
O1887,16-04-2030,C1877,Printer,Electronics,1,8000,8000,0,Cash,0
O1888,17-04-2030,C1878,Mixer Grinder,Home Appliance,1,5000,5000,0,Cash,0.1
O1889,18-04-2030,C1879,Bookshelf Rack,Furniture,3,15000,45000,30000,Credit,0
O1890,19-04-2030,C1880,Water Purifier,Home Appliance,1,5500,5500,0,Cash,0.05
O1891,20-04-2030,C1881,Laptop,Electronics,4,50000,200000,150000,Cash,0
O1892,21-04-2030,C1882,Electric Kettle,Home Appliance,1,1800,1800,0,Cash,0.05
O1893,22-04-2030,C1883,Mobile,Electronics,2,20000,40000,20000,Cash,0
O1894,23-04-2030,C1884,Table,Furniture,1,25000,25000,0,Cash,0.1
O1895,24-04-2030,C1885,Ceiling Fan,Home Appliance,5,25000,125000,100000,Cash,0
O1896,25-04-2030,C1886,Sofa,Furniture,1,30000,30000,0,Cash,0.05
O1897,26-04-2030,C1887,Monitor,Electronics,4,12000,48000,36000,Cash,0.1
O1898,27-04-2030,C1888,Chair,Furniture,2,60000,120000,60000,Credit,0
O1899,28-04-2030,C1889,Water Purifier,Home Appliance,1,5500,5500,0,Cash,0
O1900,29-04-2030,C1890,AC,Electronics,1,40000,40000,0,Cash,0.15
O1901,30-04-2030,C1891,Mobile,Electronics,3,20000,60000,40000,Cash,0.05
O1902,01-05-2030,C1892,Printer,Electronics,1,8000,8000,0,Cash,0
O1903,02-05-2030,C1893,Mixer Grinder,Home Appliance,1,5000,5000,0,Credit,0.1
O1904,03-05-2030,C1894,Bookshelf Rack,Furniture,1,15000,15000,0,Cash,0
O1905,04-05-2030,C1895,Electric Kettle,Home Appliance,2,1800,3600,1800,Cash,0.05
O1906,05-05-2030,C1896, AC,Electronics,1,40000,40000,0,Cash,0
O1907,06-05-2030,C1897,Sofa,Furniture,4,30000,120000,90000,Cash,0
O1908,07-05-2030,C1898,Mobile,Electronics,1,20000,20000,0,Credit,0.1
O1909,08-05-2030,C1899,Ceiling Fan,Home Appliance,4,25000,100000,75000,Credit,0
O1910,09-05-2030,C1900,Chair,Furniture,2,60000,120000,60000,Cash,0.05
O1911,10-05-2030,C1901,Monitor,Electronics,1,12000,12000,0,Cash,0
O1912,11-05-2030,C1902,Water Purifier,Home Appliance,1,5500,5500,0,Cash,0.05
O1913,12-05-2030,C1903,Bookshelf Rack,Furniture,3,15000,45000,30000,Cash,0
O1914,13-05-2030,C1904,Sofa,Furniture,1,30000,30000,0,Cash,0.1
O1915,14-05-2030,C1905,Ceiling Fan,Home Appliance,5,25000,125000,100000,Cash,0
O1916,15-05-2030,C1906,Printer,Electronics,1,8000,8000,0,Cash,0.15
O1917,16-05-2030,C1907,AC ,Electronics,2,40000,80000,40000,Credit,0.05
O1918,17-05-2030,C1908,Laptop,Electronics,1,50000,50000,0,Cash,0.05
O1919,18-05-2030,C1909,Mobile,Electronics,1,20000,20000,0,Credit,0.1
O1920,19-05-2030,C1910, Mixer Grinder,Home Appliance,1,5000,5000,0,Cash,0
O1921,20-05-2030,C1911, Printer,Electronics,4,8000,32000,24000,Credit,0
O1922,21-05-2030,C1912,Table,Furniture,2,25000,50000,25000,Cash,0.15
O1923,22-05-2030,C1913,AC,Electronics,1,40000,40000,0,Cash,0.05
O1924,23-05-2030,C1914,Sofa,Furniture,1,30000,30000,0,Cash,0
O1925,24-05-2030,C1915,Monitor,Electronics,3,12000,36000,24000,Credit,0.1
O1926,25-05-2030,C1916, Chair,Furniture,1,6000,6000,0,Cash,0
O1927,26-05-2030,C1917,Ceiling Fan,Home Appliance,4,2500,10000,7500,Cash,0.05
O1928,27-05-2030,C1918,Electric Kettle,Home Appliance,1,1800,1800,0,Cash,0
O1929,28-05-2030,C1919,Mixer Grinder,Home Appliance,2,5000,10000,5000,Cash,0
O1930,29-05-2030,C1920,Printer,Electronics,1,8000,8000,0,Cash,0.1
O1931,30-05-2030,C1921,AC,Electronics,5,50000,250000,200000,Cash,0
O1932,31-05-2030,C1922,Bookshelf Rack,Furniture,1,15000,15000,0,Cash,0.05
O1933,01-06-2030,C1923,Water Purifier,Home Appliance,4,5500,22000,16500,Cash,0
O1934,02-06-2030,C1924,Mobile,Electronics,2,20000,40000,20000,Cash,0.05
O1935,03-06-2030,C1925,Monitor,Electronics,1,12000,12000,0,Cash,0
O1936,04-06-2030,C1926,Ceiling Fan,Home Appliance,1,25000,25000,0,Credit,0.1
O1937,05-06-2030,C1927,Sofa,Furniture,3,30000,90000,60000,Cash,0
O1938,06-06-2030,C1928,Table,Furniture,1,25000,25000,0,Credit,0.05
O1939,07-06-2030,C1929,AC,Electronics,3,50000,150000,100000,Credit,0.1
O1940,08-06-2030,C1930,Laptop,Electronics,1,50000,50000,0,Cash,0.15
O1941,09-06-2030,C1931,Mobile,Electronics,2,20000,40000,20000,Cash,0.05
O1942,10-06-2030,C1932, Mixer Grinder,Home Appliance,1,5000,5000,0,Cash,0
O1943,11-06-2030,C1933, Printer,Electronics,4,8000,32000,24000,Credit,0.1
O1944,12-06-2030,C1934,Table,Furniture,1,25000,25000,0,Cash,0
O1945,13-06-2030,C1935,AC,Electronics,4,40000,160000,120000,Cash,0.05
O1946,14-06-2030,C1936,Sofa,Furniture,2,30000,60000,30000,Cash,0
O1947,15-06-2030,C1937,Monitor,Electronics,3,12000,36000,24000,Cash,0
O1948,16-06-2030,C1938, Chair,Furniture,2,6000,12000,6000,Cash,0.1
O1949,17-06-2030,C1939,Ceiling Fan,Home Appliance,1,2500,2500,0,Credit,0
O1950,18-06-2030,C1940,Electric Kettle,Home Appliance,4,1800,7200,5400,Cash,0.05
O1951,19-06-2030,C1941,Mixer Grinder,Home Appliance,2,5000,10000,5000,Cash,0
O1952,20-06-2030,C1942,Printer,Electronics,1,8000,8000,0,Cash,0.05
O1953,21-06-2030,C1943,AC,Electronics,1,50000,50000,0,Credit,0
O1954,22-06-2030,C1944,Bookshelf Rack,Furniture,3,15000,45000,30000,Cash,0.1
O1955,23-06-2030,C1945,Laptop,Electronics,1,50000,50000,0,Cash,0.05
O1956,24-06-2030,C1946,Mobile,Electronics,5,20000,100000,80000,Cash,0.1
O1957,25-06-2030,C1947, Mixer Grinder,Home Appliance,1,5000,5000,0,Cash,0
O1958,26-06-2030,C1948, Printer,Electronics,2,8000,16000,8000,Cash,0
O1959,27-06-2030,C1949,Table,Furniture,1,25000,25000,0,Cash,0.15
O1960,28-06-2030,C1950,AC,Electronics,1,40000,40000,0,Credit,0.05
O1961,29-06-2030,C1951,Sofa,Furniture,1,30000,30000,0,Cash,0
O1962,30-06-2030,C1952,Monitor,Electronics,4,12000,48000,36000,Cash,0.1
O1963,01-07-2030,C1953, Chair,Furniture,2,6000,12000,6000,Cash,0
O1964,02-07-2030,C1954,Ceiling Fan,Home Appliance,5,2500,12500,10000,Credit,0.05
O1965,03-07-2030,C1955,Electric Kettle,Home Appliance,1,1800,1800,0,Cash,0
O1966,04-07-2030,C1956,Mixer Grinder,Home Appliance,3,5000,15000,10000,Cash,0
O1967,05-07-2030,C1957,Printer,Electronics,1,8000,8000,0,Cash,0.1
O1968,06-07-2030,C1958,AC,Electronics,5,50000,250000,200000,Cash,0
O1969,07-07-2030,C1959,Bookshelf Rack,Furniture,1,15000,15000,0,Credit,0.05
O1970,08-07-2030,C1960,Water Purifier,Home Appliance,2,5500,11000,5500,Cash,0
O1971,09-07-2030,C1961,Mobile,Electronics,1,20000,20000,0,Cash,0.05
O1972,10-07-2030,C1962,Monitor,Electronics,3,12000,36000,24000,Cash,0
O1973,11-07-2030,C1963,Ceiling Fan,Home Appliance,1,25000,25000,0,Credit,0.1
O1974,12-07-2030,C1964,Sofa,Furniture,4,30000,120000,90000,Cash,0
O1975,13-07-2030,C1965,Table,Furniture,2,25000,50000,25000,Cash,0.05
O1976,14-07-2030,C1966,Mixer Grinder,Home Appliance,1,5000,5000,0,Cash,0.1
O1977,15-07-2030,C1967,AC,Electronics,1,40000,40000,0,Cash,0
O1978,16-07-2030,C1968,Chair,Furniture,3,6000,18000,12000,Cash,0
O1979,17-07-2030,C1969,Laptop,Electronics,1,50000,50000,0,Credit,0.15
O1980,18-07-2030,C1970,Bookshelf Rack,Furniture,4,15000,60000,45000,Credit,0.05
O1981,19-07-2030,C1971,Electric Kettle,Home Appliance,1,1800,1800,0,Cash,0
O1982,20-07-2030,C1972,Sofa,Furniture,2,30000,60000,30000,Cash,0.1
O1983,21-07-2030,C1973,Chair,Furniture,1,6000,6000,0,Credit,0
O1984,22-07-2030,C1974,Mixer Grinder,Home Appliance,5,5000,25000,20000,Cash,0.05
O1985,23-07-2030,C1975,Mixer Grinder,Home Appliance,1,5000,5000,0,Cash,0
O1986,24-07-2030,C1976,AC,Electronics,4,40000,160000,120000,Cash,0
O1987,25-07-2030,C1977,Ceiling Fan,Home Appliance,2,25000,50000,25000,Cash,0.1
O1988,26-07-2030,C1978,Laptop,Electronics,1,50000,50000,0,Cash,0
O1989,27-07-2030,C1979,Water Purifier,Home Appliance,1,5500,5500,0,Cash,0.05
O1990,28-07-2030,C1980,Sofa,Furniture,3,30000,90000,60000,Cash,0
O1991,29-07-2030,C1981,Monitor,Electronics,1,12000,12000,0,Cash,0.05
O1992,30-07-2030,C1982,Printer,Electronics,1,8000,8000,0,Credit,0
O1993,31-07-2030,C1983,Mobile,Electronics,1,20000,20000,0,Cash,0.1
O1994,01-08-2030,C1984,Electric Kettle,Home Appliance,2,1800,3600,1800,Cash,0
O1995,02-08-2030,C1985,AC,Electronics,1,40000,40000,0,Cash,0.05
O1996,03-08-2030,C1986,Monitor,Electronics,4,12000,48000,36000,Cash,0.1
O1997,04-08-2030,C1987,Chair,Furniture,1,6000,6000,0,Credit,0
O1998,05-08-2030,C1988, AC,Electronics,4,40000,160000,120000,Cash,0
O1999,06-08-2030,C1989,Mixer Grinder,Home Appliance,2,5000,10000,5000,Cash,0.15
O2000,07-08-2030,C1990,Laptop,Electronics,1,50000,50000,0,Cash,0.05
O2001,08-08-2030,C1991,Sofa,Furniture,1,30000,30000,0,Cash,0
O2002,09-08-2030,C1992,Bookshelf Rack,Furniture,4,15000,60000,45000,Credit,0.1
O2003,10-08-2030,C1993,Mobile,Electronics,2,20000,40000,20000,Credit,0
O2004,11-08-2030,C1994,Electric Kettle,Home Appliance,1,1800,1800,0,Cash,0.05
O2005,12-08-2030,C1995,AC ,Electronics,1,40000,40000,0,Cash,0
O2006,13-08-2030,C1996,Mobile,Electronics,3,20000,60000,40000,Cash,0
O2007,14-08-2030,C1997,Sofa,Furniture,1,30000,30000,0,Cash,0.1
O2008,15-08-2030,C1998,Mixer Grinder,Home Appliance,4,5000,20000,15000,Cash,0
O2009,16-08-2030,C1999,Chair,Furniture,1,6000,6000,0,Cash,0.05
O2010,17-08-2030,C2000,Mobile,Electronics,2,20000,40000,20000,Cash,0
O2011,18-08-2030,C2001,AC,Electronics,1,40000,40000,0,Credit,0.05
O2012,19-08-2030,C2002,Printer,Electronics,5,8000,40000,32000,Cash,0
O2013,20-08-2030,C2003,Mixer Grinder,Home Appliance,1,5000,5000,0,Cash,0.1
O2014,21-08-2030,C2004,Bookshelf Rack,Furniture,4,15000,60000,45000,Credit,0
O2015,22-08-2030,C2005,Water Purifier,Home Appliance,2,5500,11000,5500,Credit,0.05
O2016,23-08-2030,C2006,Laptop,Electronics,1,50000,50000,0,Cash,0.1
O2017,24-08-2030,C2007,Electric Kettle,Home Appliance,1,1800,1800,0,Cash,0
O2018,25-08-2030,C2008,Mobile,Electronics,3,20000,60000,40000,Cash,0
O2019,26-08-2030,C2009,Table,Furniture,1,25000,25000,0,Credit,0.15
O2020,27-08-2030,C2010,Ceiling Fan,Home Appliance,3,25000,75000,50000,Cash,0.05
O2021,28-08-2030,C2011,Sofa,Furniture,1,30000,30000,0,Cash,0
O2022,29-08-2030,C2012,Monitor,Electronics,2,12000,24000,12000,Cash,0.1
O2023,30-08-2030,C2013,Chair,Furniture,1,60000,60000,0,Cash,0
O2024,31-08-2030,C2014,Water Purifier,Home Appliance,4,5500,22000,16500,Cash,0.05
O2025,01-09-2030,C2015,AC,Electronics,1,40000,40000,0,Credit,0
O2026,02-09-2030,C2016,Mobile,Electronics,4,20000,80000,60000,Cash,0
O2027,03-09-2030,C2017,Printer,Electronics,2,8000,16000,8000,Cash,0.1
O2028,04-09-2030,C2018,Mixer Grinder,Home Appliance,3,5000,15000,10000,Cash,0
O2029,05-09-2030,C2019,Bookshelf Rack,Furniture,2,15000,30000,15000,Credit,0.05
O2030,06-09-2030,C2020,Electric Kettle,Home Appliance,1,1800,1800,0,Cash,0
O2031,07-09-2030,C2021, AC,Electronics,4,40000,160000,120000,Cash,0.05
O2032,08-09-2030,C2022,Sofa,Furniture,2,30000,60000,30000,Cash,0
O2033,09-09-2030,C2023,Mobile,Electronics,1,20000,20000,0,Cash,0.1
O2034,10-09-2030,C2024,Ceiling Fan,Home Appliance,1,25000,25000,0,Cash,0
O2035,11-09-2030,C2025,Chair,Furniture,3,60000,180000,120000,Cash,0.05
O2036,12-09-2030,C2026,Monitor,Electronics,1,12000,12000,0,Credit,0.1
O2037,13-09-2030,C2027,Water Purifier,Home Appliance,5,5500,27500,22000,Cash,0
O2038,14-09-2030,C2028,Bookshelf Rack,Furniture,1,15000,15000,0,Cash,0
O2039,15-09-2030,C2029,Sofa,Furniture,2,30000,60000,30000,Cash,0.15
O2040,16-09-2030,C2030,Ceiling Fan,Home Appliance,1,25000,25000,0,Credit,0.05
O2041,17-09-2030,C2031,Printer,Electronics,1,8000,8000,0,Cash,0
O2042,18-09-2030,C2032,AC ,Electronics,1,40000,40000,0,Cash,0.1
O2043,19-09-2030,C2033,Monitor,Electronics,4,12000,48000,36000,Cash,0
O2044,20-09-2030,C2034,Laptop,Electronics,2,50000,100000,50000,Cash,0.05
O2045,21-09-2030,C2035,Sofa,Furniture,5,30000,150000,120000,Credit,0
O2046,22-09-2030,C2036,Bookshelf Rack,Furniture,1,15000,15000,0,Cash,0
O2047,23-09-2030,C2037,Electric Kettle,Home Appliance,3,1800,5400,3600,Cash,0.1
O2048,24-09-2030,C2038,Mobile,Electronics,1,20000,20000,0,Cash,0
O2049,25-09-2030,C2039,Laptop,Electronics,5,50000,250000,200000,Credit,0.05
O2050,26-09-2030,C2040,Mobile,Electronics,1,20000,20000,0,Cash,0
O2051,27-09-2030,C2041, Mixer Grinder,Home Appliance,2,5000,10000,5000,Cash,0.05
O2052,28-09-2030,C2042, Printer,Electronics,1,8000,8000,0,Cash,0
O2053,29-09-2030,C2043,Table,Furniture,3,25000,75000,50000,Cash,0.1
O2054,30-09-2030,C2044,AC,Electronics,1,40000,40000,0,Cash,0
O2055,01-10-2030,C2045,Sofa,Furniture,4,30000,120000,90000,Credit,0.05
O2056,02-10-2030,C2046,Monitor,Electronics,2,12000,24000,12000,Credit,0.1
O2057,03-10-2030,C2047, Chair,Furniture,1,6000,6000,0,Cash,0
O2058,04-10-2030,C2048,Ceiling Fan,Home Appliance,1,2500,2500,0,Cash,0
O2059,05-10-2030,C2049,Electric Kettle,Home Appliance,3,1800,5400,3600,Cash,0.15
O2060,06-10-2030,C2050,Mixer Grinder,Home Appliance,1,5000,5000,0,Credit,0.05
O2061,07-10-2030,C2051,Printer,Electronics,4,8000,32000,24000,Credit,0
O2062,08-10-2030,C2052,AC,Electronics,1,50000,50000,0,Cash,0.1
O2063,09-10-2030,C2053,Bookshelf Rack,Furniture,2,15000,30000,15000,Cash,0
O2064,10-10-2030,C2054,Water Purifier,Home Appliance,1,5500,5500,0,Cash,0.05
O2065,11-10-2030,C2055,Mobile,Electronics,5,20000,100000,80000,Credit,0
O2066,12-10-2030,C2056,Monitor,Electronics,1,12000,12000,0,Cash,0
O2067,13-10-2030,C2057,Ceiling Fan,Home Appliance,4,25000,100000,75000,Cash,0.1
O2068,14-10-2030,C2058,Sofa,Furniture,2,30000,60000,30000,Cash,0
O2069,15-10-2030,C2059,Table,Furniture,1,25000,25000,0,Cash,0.05
O2070,16-10-2030,C2060,Mixer Grinder,Home Appliance,1,5000,5000,0,Cash,0
O2071,17-10-2030,C2061,AC,Electronics,3,40000,120000,80000,Credit,0.05
O2072,18-10-2030,C2062,Chair,Furniture,1,6000,6000,0,Cash,0
O2073,19-10-2030,C2063,Laptop,Electronics,1,50000,50000,0,Cash,0.1
O2074,20-10-2030,C2064,Bookshelf Rack,Furniture,1,15000,15000,0,Cash,0
O2075,21-10-2030,C2065,Electric Kettle,Home Appliance,2,1800,3600,1800,Credit,0.05
O2076,22-10-2030,C2066,Sofa,Furniture,1,30000,30000,0,Cash,0.1
O2077,23-10-2030,C2067,Chair,Furniture,4,6000,24000,18000,Cash,0
O2078,24-10-2030,C2068,Mixer Grinder,Home Appliance,1,5000,5000,0,Cash,0
O2079,25-10-2030,C2069,Mixer Grinder,Home Appliance,4,5000,20000,15000,Cash,0.15
O2080,26-10-2030,C2070,AC,Electronics,2,40000,80000,40000,Cash,0.05
O2081,27-10-2030,C2071,Ceiling Fan,Home Appliance,1,25000,25000,0,Cash,0
O2082,28-10-2030,C2072,Laptop,Electronics,1,50000,50000,0,Credit,0.1
O2083,29-10-2030,C2073,Water Purifier,Home Appliance,3,5500,16500,11000,Cash,0
O2084,30-10-2030,C2074,Sofa,Furniture,1,30000,30000,0,Cash,0.05
O2085,31-10-2030,C2075,Monitor,Electronics,5,12000,60000,48000,Cash,0
O2086,01-11-2030,C2076,Printer,Electronics,1,8000,8000,0,Credit,0
O2087,02-11-2030,C2077,Mobile,Electronics,2,20000,40000,20000,Cash,0.1
O2088,03-11-2030,C2078,Electric Kettle,Home Appliance,1,1800,1800,0,Cash,0
O2089,04-11-2030,C2079,AC,Electronics,1,40000,40000,0,Cash,0.05
O2090,05-11-2030,C2080,Monitor,Electronics,1,12000,12000,0,Cash,0
O2091,06-11-2030,C2081,Chair,Furniture,4,6000,24000,18000,Credit,0.05
O2092,07-11-2030,C2082, AC,Electronics,2,40000,80000,40000,Cash,0
O2093,08-11-2030,C2083,Mixer Grinder,Home Appliance,1,5000,5000,0,Cash,0.1
O2094,09-11-2030,C2084,Laptop,Electronics,1,50000,50000,0,Cash,0
O2095,10-11-2030,C2085,Sofa,Furniture,3,30000,90000,60000,Credit,0.05
O2096,11-11-2030,C2086,Bookshelf Rack,Furniture,1,15000,15000,0,Cash,0.1
O2097,12-11-2030,C2087,Mobile,Electronics,4,20000,80000,60000,Cash,0
O2098,13-11-2030,C2088,Electric Kettle,Home Appliance,1,1800,1800,0,Cash,0
O2099,14-11-2030,C2089,AC ,Electronics,2,40000,80000,40000,Cash,0.15
O2100,15-11-2030,C2090,Mobile,Electronics,1,20000,20000,0,Cash,0.05
O2101,16-11-2030,C2091,Sofa,Furniture,5,30000,150000,120000,Credit,0
O2102,17-11-2030,C2092,Mixer Grinder,Home Appliance,1,5000,5000,0,Credit,0.1
O2103,18-11-2030,C2093,Chair,Furniture,4,6000,24000,18000,Cash,0
O2104,19-11-2030,C2094,Mobile,Electronics,2,20000,40000,20000,Cash,0.05
O2105,20-11-2030,C2095,AC,Electronics,1,40000,40000,0,Cash,0
O2106,21-11-2030,C2096,Printer,Electronics,1,8000,8000,0,Credit,0
O2107,22-11-2030,C2097,Mixer Grinder,Home Appliance,3,5000,15000,10000,Credit,0.1
O2108,23-11-2030,C2098,Bookshelf Rack,Furniture,1,15000,15000,0,Cash,0
O2109,24-11-2030,C2099,Water Purifier,Home Appliance,3,5500,16500,11000,Cash,0.05
O2110,25-11-2030,C2100,Laptop,Electronics,1,50000,50000,0,Cash,0
O2111,26-11-2030,C2101,Electric Kettle,Home Appliance,2,1800,3600,1800,Credit,0.05
O2112,27-11-2030,C2102,Mobile,Electronics,1,20000,20000,0,Cash,0
O2113,28-11-2030,C2103,Table,Furniture,4,25000,100000,75000,Cash,0.1
O2114,29-11-2030,C2104,Ceiling Fan,Home Appliance,1,25000,25000,0,Cash,0
O2115,30-11-2030,C2105,Sofa,Furniture,4,30000,120000,90000,Cash,0.05
O2116,01-12-2030,C2106,Monitor,Electronics,2,12000,24000,12000,Cash,0.1
O2117,02-12-2030,C2107,Chair,Furniture,3,60000,180000,120000,Credit,0
O2118,03-12-2030,C2108,Water Purifier,Home Appliance,2,5500,11000,5500,Cash,0
O2119,04-12-2030,C2109,AC,Electronics,1,40000,40000,0,Cash,0.15
O2120,05-12-2030,C2110,Mobile,Electronics,4,20000,80000,60000,Cash,0.05
O2121,06-12-2030,C2111,Printer,Electronics,2,8000,16000,8000,Credit,0
O2122,07-12-2030,C2112,Mixer Grinder,Home Appliance,1,5000,5000,0,Cash,0.1
O2123,08-12-2030,C2113,Bookshelf Rack,Furniture,1,15000,15000,0,Cash,0
O2124,09-12-2030,C2114,Electric Kettle,Home Appliance,3,1800,5400,3600,Cash,0.05
O2125,10-12-2030,C2115, AC,Electronics,1,40000,40000,0,Cash,0
O2126,11-12-2030,C2116,Sofa,Furniture,5,30000,150000,120000,Cash,0
O2127,12-12-2030,C2117,Mobile,Electronics,1,20000,20000,0,Cash,0.1
O2128,13-12-2030,C2118,Ceiling Fan,Home Appliance,2,25000,50000,25000,Credit,0
O2129,14-12-2030,C2119,Chair,Furniture,1,60000,60000,0,Cash,0.05
O2130,15-12-2030,C2120,Monitor,Electronics,1,12000,12000,0,Cash,0
O2131,16-12-2030,C2121,Water Purifier,Home Appliance,1,5500,5500,0,Cash,0.05
O2132,17-12-2030,C2122,Bookshelf Rack,Furniture,4,15000,60000,45000,Credit,0
O2133,18-12-2030,C2123,Sofa,Furniture,2,30000,60000,30000,Cash,0.1
O2134,19-12-2030,C2124,Ceiling Fan,Home Appliance,5,25000,125000,100000,Cash,0
O2135,20-12-2030,C2125,Printer,Electronics,1,8000,8000,0,Credit,0.15
O2136,21-12-2030,C2126,AC ,Electronics,3,40000,120000,80000,Credit,0.05
O2137,22-12-2030,C2127,Laptop,Electronics,1,50000,50000,0,Cash,0.05
O2138,23-12-2030,C2128,Mobile,Electronics,5,20000,100000,80000,Cash,0.1
O2139,24-12-2030,C2129, Mixer Grinder,Home Appliance,1,5000,5000,0,Cash,0
O2140,25-12-2030,C2130, Printer,Electronics,2,8000,16000,8000,Credit,0
O2141,26-12-2030,C2131,Table,Furniture,1,25000,25000,0,Cash,0.15
O2142,27-12-2030,C2132,AC,Electronics,3,40000,120000,80000,Cash,0.05
O2143,28-12-2030,C2133,Sofa,Furniture,1,30000,30000,0,Cash,0
O2144,29-12-2030,C2134,Monitor,Electronics,4,12000,48000,36000,Cash,0.1
O2145,30-12-2030,C2135, Chair,Furniture,2,6000,12000,6000,Cash,0
O2146,31-12-2030,C2136,Ceiling Fan,Home Appliance,1,2500,2500,0,Credit,0.05
O2147,01-01-2031,C2137,Electric Kettle,Home Appliance,1,1800,1800,0,Cash,0
O2148,02-01-2031,C2138,Mixer Grinder,Home Appliance,3,5000,15000,10000,Cash,0
O2149,03-01-2031,C2139,Printer,Electronics,1,8000,8000,0,Cash,0.1
O2150,04-01-2031,C2140,AC,Electronics,4,50000,200000,150000,Credit,0
O2151,05-01-2031,C2141,Bookshelf Rack,Furniture,1,15000,15000,0,Cash,0.05
O2152,06-01-2031,C2142,Water Purifier,Home Appliance,2,5500,11000,5500,Cash,0
O2153,07-01-2031,C2143,Mobile,Electronics,1,20000,20000,0,Cash,0.05
O2154,08-01-2031,C2144,Monitor,Electronics,5,12000,60000,48000,Cash,0
O2155,09-01-2031,C2145,Ceiling Fan,Home Appliance,1,25000,25000,0,Cash,0.1
O2156,10-01-2031,C2146,Sofa,Furniture,4,30000,120000,90000,Cash,0
O2157,11-01-2031,C2147,Table,Furniture,2,25000,50000,25000,Credit,0.05
O2158,12-01-2031,C2148,AC,Electronics,1,50000,50000,0,Cash,0.1
O2159,13-01-2031,C2149,Laptop,Electronics,1,50000,50000,0,Cash,0.15
O2160,14-01-2031,C2150,Mobile,Electronics,3,20000,60000,40000,Cash,0.05
O2161,15-01-2031,C2151, Mixer Grinder,Home Appliance,1,5000,5000,0,Credit,0
O2162,16-01-2031,C2152, Printer,Electronics,1,8000,8000,0,Cash,0.1
O2163,17-01-2031,C2153,Table,Furniture,1,25000,25000,0,Cash,0
O2164,18-01-2031,C2154,AC,Electronics,2,40000,80000,40000,Cash,0.05
O2165,19-01-2031,C2155,Sofa,Furniture,1,30000,30000,0,Cash,0
O2166,20-01-2031,C2156,Monitor,Electronics,4,12000,48000,36000,Credit,0
O2167,21-01-2031,C2157, Chair,Furniture,1,6000,6000,0,Cash,0.1
O2168,22-01-2031,C2158,Ceiling Fan,Home Appliance,4,2500,10000,7500,Cash,0
O2169,23-01-2031,C2159,Electric Kettle,Home Appliance,2,1800,3600,1800,Cash,0.05
O2170,24-01-2031,C2160,Mixer Grinder,Home Appliance,1,5000,5000,0,Credit,0
O2171,25-01-2031,C2161,Printer,Electronics,1,8000,8000,0,Cash,0.05
O2172,26-01-2031,C2162,AC,Electronics,4,50000,200000,150000,Cash,0
O2173,27-01-2031,C2163,Bookshelf Rack,Furniture,2,15000,30000,15000,Cash,0.1
O2174,28-01-2031,C2164,Laptop,Electronics,1,50000,50000,0,Cash,0.05
O2175,29-01-2031,C2165,Mobile,Electronics,1,20000,20000,0,Cash,0.1
O2176,30-01-2031,C2166, Mixer Grinder,Home Appliance,3,5000,15000,10000,Credit,0
O2177,31-01-2031,C2167, Printer,Electronics,1,8000,8000,0,Credit,0
O2178,01-02-2031,C2168,Table,Furniture,4,25000,100000,75000,Cash,0.15
O2179,02-02-2031,C2169,AC,Electronics,1,40000,40000,0,Cash,0.05
O2180,03-02-2031,C2170,Sofa,Furniture,2,30000,60000,30000,Cash,0
O2181,04-02-2031,C2171,Monitor,Electronics,1,12000,12000,0,Credit,0.1
O2182,05-02-2031,C2172, Chair,Furniture,5,6000,30000,24000,Credit,0
O2183,06-02-2031,C2173,Ceiling Fan,Home Appliance,1,2500,2500,0,Cash,0.05
O2184,07-02-2031,C2174,Electric Kettle,Home Appliance,4,1800,7200,5400,Cash,0
O2185,08-02-2031,C2175,Mixer Grinder,Home Appliance,2,5000,10000,5000,Cash,0
O2186,09-02-2031,C2176,Printer,Electronics,1,8000,8000,0,Credit,0.1
O2187,10-02-2031,C2177,AC,Electronics,1,50000,50000,0,Cash,0
O2188,11-02-2031,C2178,Bookshelf Rack,Furniture,3,15000,45000,30000,Cash,0.05
O2189,12-02-2031,C2179,Water Purifier,Home Appliance,1,5500,5500,0,Cash,0
O2190,13-02-2031,C2180,Mobile,Electronics,3,20000,60000,40000,Cash,0.05
O2191,14-02-2031,C2181,Monitor,Electronics,1,12000,12000,0,Cash,0
O2192,15-02-2031,C2182,Ceiling Fan,Home Appliance,2,25000,50000,25000,Credit,0.1
O2193,16-02-2031,C2183,Sofa,Furniture,1,30000,30000,0,Cash,0
O2194,17-02-2031,C2184,Table,Furniture,4,25000,100000,75000,Cash,0.05
O2195,18-02-2031,C2185,Mixer Grinder,Home Appliance,1,5000,5000,0,Cash,0.1
O2196,19-02-2031,C2186,AC,Electronics,4,40000,160000,120000,Credit,0
O2197,20-02-2031,C2187,Chair,Furniture,2,6000,12000,6000,Cash,0
O2198,21-02-2031,C2188,Laptop,Electronics,3,50000,150000,100000,Cash,0.15
O2199,22-02-2031,C2189,Bookshelf Rack,Furniture,2,15000,30000,15000,Cash,0.05
O2200,23-02-2031,C2190,Electric Kettle,Home Appliance,1,1800,1800,0,Cash,0
O2201,24-02-2031,C2191,Sofa,Furniture,4,30000,120000,90000,Cash,0.1
O2202,25-02-2031,C2192,Chair,Furniture,2,6000,12000,6000,Cash,0
O2203,26-02-2031,C2193,Mixer Grinder,Home Appliance,1,5000,5000,0,Credit,0.05
O2204,27-02-2031,C2194,Mixer Grinder,Home Appliance,1,5000,5000,0,Cash,0
O2205,28-02-2031,C2195,AC,Electronics,3,40000,120000,80000,Cash,0
O2206,01-03-2031,C2196,Ceiling Fan,Home Appliance,1,25000,25000,0,Cash,0.1
O2207,02-03-2031,C2197,Laptop,Electronics,5,50000,250000,200000,Credit,0
O2208,03-03-2031,C2198,Water Purifier,Home Appliance,1,5500,5500,0,Cash,0.05
O2209,04-03-2031,C2199,Sofa,Furniture,2,30000,60000,30000,Cash,0
O2210,05-03-2031,C2200,Monitor,Electronics,1,12000,12000,0,Cash,0.05
O2211,06-03-2031,C2201,Printer,Electronics,1,8000,8000,0,Cash,0
O2212,07-03-2031,C2202,Mobile,Electronics,1,20000,20000,0,Credit,0.1
O2213,08-03-2031,C2203,Electric Kettle,Home Appliance,4,1800,7200,5400,Cash,0
O2214,09-03-2031,C2204,AC,Electronics,2,40000,80000,40000,Cash,0.05
O2215,10-03-2031,C2205,Monitor,Electronics,5,12000,60000,48000,Cash,0.1
O2216,11-03-2031,C2206,Chair,Furniture,1,6000,6000,0,Credit,0
O2217,12-03-2031,C2207, AC,Electronics,3,40000,120000,80000,Cash,0
O2218,13-03-2031,C2208,Mixer Grinder,Home Appliance,1,5000,5000,0,Cash,0.15
O2219,14-03-2031,C2209,Laptop,Electronics,5,50000,250000,200000,Cash,0.05
O2220,15-03-2031,C2210,Sofa,Furniture,1,30000,30000,0,Cash,0
O2221,16-03-2031,C2211,Bookshelf Rack,Furniture,2,15000,30000,15000,Cash,0.1
O2222,17-03-2031,C2212,Mobile,Electronics,1,20000,20000,0,Credit,0
O2223,18-03-2031,C2213,Electric Kettle,Home Appliance,3,1800,5400,3600,Credit,0.05
O2224,19-03-2031,C2214,AC ,Electronics,1,40000,40000,0,Cash,0
O2225,20-03-2031,C2215,Mobile,Electronics,4,20000,80000,60000,Cash,0
O2226,21-03-2031,C2216,Sofa,Furniture,2,30000,60000,30000,Cash,0.1
O2227,22-03-2031,C2217,Mixer Grinder,Home Appliance,1,5000,5000,0,Credit,0
O2228,23-03-2031,C2218,Chair,Furniture,1,6000,6000,0,Credit,0.05
O2229,24-03-2031,C2219,Mobile,Electronics,3,20000,60000,40000,Cash,0
O2230,25-03-2031,C2220,AC,Electronics,1,40000,40000,0,Cash,0.05
O2231,26-03-2031,C2221,Printer,Electronics,4,8000,32000,24000,Cash,0
O2232,27-03-2031,C2222,Mixer Grinder,Home Appliance,1,5000,5000,0,Credit,0.1
O2233,28-03-2031,C2223,Bookshelf Rack,Furniture,2,15000,30000,15000,Cash,0
O2234,29-03-2031,C2224,Water Purifier,Home Appliance,1,5500,5500,0,Cash,0.05
O2235,30-03-2031,C2225,Laptop,Electronics,5,50000,250000,200000,Cash,0.1
O2236,31-03-2031,C2226,Electric Kettle,Home Appliance,1,1800,1800,0,Cash,0
O2237,01-04-2031,C2227,Mobile,Electronics,4,20000,80000,60000,Cash,0
O2238,02-04-2031,C2228,Table,Furniture,2,25000,50000,25000,Credit,0.15
O2239,03-04-2031,C2229,Ceiling Fan,Home Appliance,1,25000,25000,0,Cash,0.05
O2240,04-04-2031,C2230,Sofa,Furniture,1,30000,30000,0,Cash,0
O2241,05-04-2031,C2231,Monitor,Electronics,3,12000,36000,24000,Cash,0.1
O2242,06-04-2031,C2232,Chair,Furniture,1,60000,60000,0,Credit,0
O2243,07-04-2031,C2233,Water Purifier,Home Appliance,1,5500,5500,0,Cash,0.05
O2244,08-04-2031,C2234,AC,Electronics,1,40000,40000,0,Cash,0
O2245,09-04-2031,C2235,Mobile,Electronics,2,20000,40000,20000,Cash,0
O2246,10-04-2031,C2236,Printer,Electronics,1,8000,8000,0,Cash,0.1
O2247,11-04-2031,C2237,Mixer Grinder,Home Appliance,4,5000,20000,15000,Cash,0
O2248,12-04-2031,C2238,Bookshelf Rack,Furniture,1,15000,15000,0,Cash,0.05
O2249,13-04-2031,C2239,Electric Kettle,Home Appliance,4,1800,7200,5400,Credit,0
O2250,14-04-2031,C2240, AC,Electronics,2,40000,80000,40000,Cash,0.05
O2251,15-04-2031,C2241,Sofa,Furniture,1,30000,30000,0,Cash,0
O2252,16-04-2031,C2242,Mobile,Electronics,1,20000,20000,0,Cash,0.1
O2253,17-04-2031,C2243,Ceiling Fan,Home Appliance,3,25000,75000,50000,Credit,0
O2254,18-04-2031,C2244,Chair,Furniture,1,60000,60000,0,Cash,0.05
O2255,19-04-2031,C2245,Monitor,Electronics,5,12000,60000,48000,Cash,0.1
O2256,20-04-2031,C2246,Water Purifier,Home Appliance,1,5500,5500,0,Credit,0
O2257,21-04-2031,C2247,Bookshelf Rack,Furniture,2,15000,30000,15000,Credit,0
O2258,22-04-2031,C2248,Sofa,Furniture,1,30000,30000,0,Cash,0.15
O2259,23-04-2031,C2249,Ceiling Fan,Home Appliance,1,25000,25000,0,Cash,0.05
O2260,24-04-2031,C2250,Printer,Electronics,1,8000,8000,0,Cash,0
O2261,25-04-2031,C2251,AC ,Electronics,4,40000,160000,120000,Credit,0.1
O2262,26-04-2031,C2252,Monitor,Electronics,2,12000,24000,12000,Cash,0
O2263,27-04-2031,C2253,Laptop,Electronics,1,50000,50000,0,Cash,0.05
O2264,28-04-2031,C2254,Sofa,Furniture,1,30000,30000,0,Cash,0
O2265,29-04-2031,C2255,Bookshelf Rack,Furniture,3,15000,45000,30000,Cash,0
O2266,30-04-2031,C2256,Electric Kettle,Home Appliance,1,1800,1800,0,Cash,0.1
O2267,01-05-2031,C2257,Mobile,Electronics,4,20000,80000,60000,Credit,0
O2268,02-05-2031,C2258,Laptop,Electronics,1,50000,50000,0,Cash,0.05
O2269,03-05-2031,C2259,Mobile,Electronics,2,20000,40000,20000,Cash,0
O2270,04-05-2031,C2260, Mixer Grinder,Home Appliance,1,5000,5000,0,Cash,0.05
O2271,05-05-2031,C2261, Printer,Electronics,5,8000,40000,32000,Credit,0
O2272,06-05-2031,C2262,Table,Furniture,1,25000,25000,0,Cash,0.1
O2273,07-05-2031,C2263,AC,Electronics,4,40000,160000,120000,Cash,0
O2274,08-05-2031,C2264,Sofa,Furniture,2,30000,60000,30000,Cash,0.05
O2275,09-05-2031,C2265,Monitor,Electronics,1,12000,12000,0,Cash,0.1
O2276,10-05-2031,C2266, Chair,Furniture,1,6000,6000,0,Cash,0
O2277,11-05-2031,C2267,Ceiling Fan,Home Appliance,3,2500,7500,5000,Cash,0
O2278,12-05-2031,C2268,Electric Kettle,Home Appliance,1,1800,1800,0,Credit,0.15
O2279,13-05-2031,C2269,Mixer Grinder,Home Appliance,3,5000,15000,10000,Cash,0.05
O2280,14-05-2031,C2270,Printer,Electronics,1,8000,8000,0,Cash,0
O2281,15-05-2031,C2271,AC,Electronics,2,50000,100000,50000,Cash,0.1
O2282,16-05-2031,C2272,Bookshelf Rack,Furniture,1,15000,15000,0,Credit,0
O2283,17-05-2031,C2273,Water Purifier,Home Appliance,4,5500,22000,16500,Cash,0.05
O2284,18-05-2031,C2274,Mobile,Electronics,1,20000,20000,0,Cash,0
O2285,19-05-2031,C2275,Monitor,Electronics,4,12000,48000,36000,Cash,0
O2286,20-05-2031,C2276,Ceiling Fan,Home Appliance,2,25000,50000,25000,Cash,0.1
O2287,21-05-2031,C2277,Sofa,Furniture,3,30000,90000,60000,Credit,0
O2288,22-05-2031,C2278,Table,Furniture,2,25000,50000,25000,Cash,0.05
O2289,23-05-2031,C2279,Mixer Grinder,Home Appliance,1,5000,5000,0,Cash,0
O2290,24-05-2031,C2280,AC,Electronics,4,40000,160000,120000,Cash,0.05
O2291,25-05-2031,C2281,Chair,Furniture,2,6000,12000,6000,Credit,0
O2292,26-05-2031,C2282,Laptop,Electronics,1,50000,50000,0,Cash,0.1
O2293,27-05-2031,C2283,Bookshelf Rack,Furniture,1,15000,15000,0,Cash,0
O2294,28-05-2031,C2284,Electric Kettle,Home Appliance,3,1800,5400,3600,Cash,0.05
O2295,29-05-2031,C2285,Sofa,Furniture,1,30000,30000,0,Cash,0.1
O2296,30-05-2031,C2286,Chair,Furniture,5,6000,30000,24000,Cash,0
O2297,31-05-2031,C2287,Mixer Grinder,Home Appliance,1,5000,5000,0,Credit,0
O2298,01-06-2031,C2288,Mixer Grinder,Home Appliance,2,5000,10000,5000,Credit,0.15
O2299,02-06-2031,C2289,AC,Electronics,1,40000,40000,0,Cash,0.05
O2300,03-06-2031,C2290,Ceiling Fan,Home Appliance,1,25000,25000,0,Cash,0
O2301,04-06-2031,C2291,Laptop,Electronics,1,50000,50000,0,Cash,0.1
O2302,05-06-2031,C2292,Water Purifier,Home Appliance,4,5500,22000,16500,Credit,0
O2303,06-06-2031,C2293,Sofa,Furniture,2,30000,60000,30000,Credit,0.05
O2304,07-06-2031,C2294,Monitor,Electronics,5,12000,60000,48000,Cash,0
O2305,08-06-2031,C2295,Printer,Electronics,1,8000,8000,0,Cash,0
O2306,09-06-2031,C2296,Mobile,Electronics,3,20000,60000,40000,Cash,0.1
O2307,10-06-2031,C2297,Electric Kettle,Home Appliance,1,1800,1800,0,Credit,0
O2308,11-06-2031,C2298,AC,Electronics,5,40000,200000,160000,Cash,0.05
O2309,12-06-2031,C2299,Monitor,Electronics,1,12000,12000,0,Cash,0
O2310,13-06-2031,C2300,Chair,Furniture,2,6000,12000,6000,Cash,0.05
O2311,14-06-2031,C2301, AC,Electronics,1,40000,40000,0,Cash,0
O2312,15-06-2031,C2302,Mixer Grinder,Home Appliance,3,5000,15000,10000,Cash,0.1
O2313,16-06-2031,C2303,Laptop,Electronics,1,50000,50000,0,Credit,0
O2314,17-06-2031,C2304,Sofa,Furniture,4,30000,120000,90000,Cash,0.05
O2315,18-06-2031,C2305,Bookshelf Rack,Furniture,2,15000,30000,15000,Cash,0.1
O2316,19-06-2031,C2306,Mobile,Electronics,1,20000,20000,0,Cash,0
O2317,20-06-2031,C2307,Electric Kettle,Home Appliance,1,1800,1800,0,Credit,0
O2318,21-06-2031,C2308,AC ,Electronics,3,40000,120000,80000,Cash,0.15
O2319,22-06-2031,C2309,Mobile,Electronics,1,20000,20000,0,Cash,0.05
O2320,23-06-2031,C2310,Sofa,Furniture,4,30000,120000,90000,Cash,0
O2321,24-06-2031,C2311,Mixer Grinder,Home Appliance,1,5000,5000,0,Cash,0.1
O2322,25-06-2031,C2312,Chair,Furniture,2,6000,12000,6000,Cash,0
O2323,26-06-2031,C2313,Mobile,Electronics,1,20000,20000,0,Cash,0.05
O2324,27-06-2031,C2314,AC,Electronics,5,40000,200000,160000,Credit,0
O2325,28-06-2031,C2315,Printer,Electronics,1,8000,8000,0,Cash,0
O2326,29-06-2031,C2316,Mixer Grinder,Home Appliance,4,5000,20000,15000,Cash,0.1
O2327,30-06-2031,C2317,Bookshelf Rack,Furniture,2,15000,30000,15000,Cash,0
O2328,01-07-2031,C2318,Water Purifier,Home Appliance,1,5500,5500,0,Credit,0.05
O2329,02-07-2031,C2319,Laptop,Electronics,1,50000,50000,0,Cash,0
O2330,03-07-2031,C2320,Electric Kettle,Home Appliance,3,1800,5400,3600,Cash,0.05
O2331,04-07-2031,C2321,Mobile,Electronics,1,20000,20000,0,Cash,0
O2332,05-07-2031,C2322,Table,Furniture,1,25000,25000,0,Cash,0.1
O2333,06-07-2031,C2323,Ceiling Fan,Home Appliance,1,25000,25000,0,Credit,0
O2334,07-07-2031,C2324,Sofa,Furniture,2,30000,60000,30000,Cash,0.05
O2335,08-07-2031,C2325,Monitor,Electronics,1,12000,12000,0,Cash,0.1
O2336,09-07-2031,C2326,Chair,Furniture,4,60000,240000,180000,Cash,0
O2337,10-07-2031,C2327,Water Purifier,Home Appliance,1,5500,5500,0,Credit,0
O2338,11-07-2031,C2328,AC,Electronics,4,40000,160000,120000,Cash,0.15
O2339,12-07-2031,C2329,Mobile,Electronics,2,20000,40000,20000,Cash,0.05
O2340,13-07-2031,C2330,Printer,Electronics,1,8000,8000,0,Cash,0
O2341,14-07-2031,C2331,Mixer Grinder,Home Appliance,1,5000,5000,0,Cash,0.1
O2342,15-07-2031,C2332,Bookshelf Rack,Furniture,4,15000,60000,45000,Cash,0
O2343,16-07-2031,C2333,Electric Kettle,Home Appliance,2,1800,3600,1800,Credit,0.05
O2344,17-07-2031,C2334, AC,Electronics,1,40000,40000,0,Credit,0
O2345,18-07-2031,C2335,Sofa,Furniture,1,30000,30000,0,Cash,0
O2346,19-07-2031,C2336,Mobile,Electronics,3,20000,60000,40000,Cash,0.1
O2347,20-07-2031,C2337,Ceiling Fan,Home Appliance,1,25000,25000,0,Cash,0
O2348,21-07-2031,C2338,Chair,Furniture,4,60000,240000,180000,Credit,0.05
O2349,22-07-2031,C2339,Monitor,Electronics,1,12000,12000,0,Credit,0
O2350,23-07-2031,C2340,Water Purifier,Home Appliance,2,5500,11000,5500,Cash,0.05
O2351,24-07-2031,C2341,Bookshelf Rack,Furniture,1,15000,15000,0,Cash,0
O2352,25-07-2031,C2342,Sofa,Furniture,5,30000,150000,120000,Cash,0.1
O2353,26-07-2031,C2343,Ceiling Fan,Home Appliance,1,25000,25000,0,Credit,0
O2354,27-07-2031,C2344,Printer,Electronics,4,8000,32000,24000,Cash,0.15
O2355,28-07-2031,C2345,AC ,Electronics,2,40000,80000,40000,Cash,0.05
O2356,29-07-2031,C2346,Laptop,Electronics,1,50000,50000,0,Cash,0.05
O2357,30-07-2031,C2347,Mobile,Electronics,1,20000,20000,0,Cash,0.1
O2358,31-07-2031,C2348, Mixer Grinder,Home Appliance,3,5000,15000,10000,Cash,0
O2359,01-08-2031,C2349, Printer,Electronics,1,8000,8000,0,Credit,0
O2360,02-08-2031,C2350,Table,Furniture,3,25000,75000,50000,Cash,0.15
O2361,03-08-2031,C2351,AC,Electronics,1,40000,40000,0,Cash,0.05
O2362,04-08-2031,C2352,Sofa,Furniture,2,30000,60000,30000,Cash,0
O2363,05-08-2031,C2353,Monitor,Electronics,1,12000,12000,0,Credit,0.1
O2364,06-08-2031,C2354, Chair,Furniture,4,6000,24000,18000,Cash,0
O2365,07-08-2031,C2355,Ceiling Fan,Home Appliance,1,2500,2500,0,Cash,0.05
O2366,08-08-2031,C2356,Electric Kettle,Home Appliance,4,1800,7200,5400,Cash,0
O2367,09-08-2031,C2357,Mixer Grinder,Home Appliance,2,5000,10000,5000,Cash,0
O2368,10-08-2031,C2358,Printer,Electronics,3,8000,24000,16000,Cash,0.1
O2369,11-08-2031,C2359,AC,Electronics,2,50000,100000,50000,Cash,0
O2370,12-08-2031,C2360,Bookshelf Rack,Furniture,1,15000,15000,0,Credit,0.05
O2371,13-08-2031,C2361,Water Purifier,Home Appliance,4,5500,22000,16500,Cash,0
O2372,14-08-2031,C2362,Mobile,Electronics,2,20000,40000,20000,Cash,0.05
O2373,15-08-2031,C2363,Monitor,Electronics,1,12000,12000,0,Cash,0
O2374,16-08-2031,C2364,Ceiling Fan,Home Appliance,1,25000,25000,0,Credit,0.1
O2375,17-08-2031,C2365,Sofa,Furniture,3,30000,90000,60000,Cash,0
O2376,18-08-2031,C2366,Table,Furniture,1,25000,25000,0,Cash,0.05
O2377,19-08-2031,C2367,AC,Electronics,5,50000,250000,200000,Credit,0.1
O2378,20-08-2031,C2368,Laptop,Electronics,1,50000,50000,0,Credit,0.15
O2379,21-08-2031,C2369,Mobile,Electronics,2,20000,40000,20000,Cash,0.05
O2380,22-08-2031,C2370, Mixer Grinder,Home Appliance,1,5000,5000,0,Cash,0
O2381,23-08-2031,C2371, Printer,Electronics,1,8000,8000,0,Cash,0.1
O2382,24-08-2031,C2372,Table,Furniture,1,25000,25000,0,Credit,0
O2383,25-08-2031,C2373,AC,Electronics,4,40000,160000,120000,Cash,0.05
O2384,26-08-2031,C2374,Sofa,Furniture,2,30000,60000,30000,Cash,0
O2385,27-08-2031,C2375,Monitor,Electronics,5,12000,60000,48000,Cash,0
O2386,28-08-2031,C2376, Chair,Furniture,1,6000,6000,0,Cash,0.1
O2387,29-08-2031,C2377,Ceiling Fan,Home Appliance,3,2500,7500,5000,Cash,0
O2388,30-08-2031,C2378,Electric Kettle,Home Appliance,1,1800,1800,0,Credit,0.05
O2389,31-08-2031,C2379,Mixer Grinder,Home Appliance,5,5000,25000,20000,Cash,0
O2390,01-09-2031,C2380,Printer,Electronics,1,8000,8000,0,Cash,0.05
O2391,02-09-2031,C2381,AC,Electronics,2,50000,100000,50000,Cash,0
O2392,03-09-2031,C2382,Bookshelf Rack,Furniture,1,15000,15000,0,Credit,0.1
O2393,04-09-2031,C2383,Laptop,Electronics,3,50000,150000,100000,Credit,0.05
O2394,05-09-2031,C2384,Mobile,Electronics,1,20000,20000,0,Cash,0.1
O2395,06-09-2031,C2385, Mixer Grinder,Home Appliance,4,5000,20000,15000,Cash,0
O2396,07-09-2031,C2386, Printer,Electronics,2,8000,16000,8000,Cash,0
O2397,08-09-2031,C2387,Table,Furniture,1,25000,25000,0,Credit,0.15
O2398,09-09-2031,C2388,AC,Electronics,1,40000,40000,0,Cash,0.05
O2399,10-09-2031,C2389,Sofa,Furniture,3,30000,90000,60000,Cash,0
O2400,11-09-2031,C2390,Monitor,Electronics,1,12000,12000,0,Cash,0.1
O2401,12-09-2031,C2391, Chair,Furniture,4,6000,24000,18000,Cash,0
O2402,13-09-2031,C2392,Ceiling Fan,Home Appliance,1,2500,2500,0,Cash,0.05
O2403,14-09-2031,C2393,Electric Kettle,Home Appliance,2,1800,3600,1800,Credit,0
O2404,15-09-2031,C2394,Mixer Grinder,Home Appliance,1,5000,5000,0,Credit,0
O2405,16-09-2031,C2395,Printer,Electronics,5,8000,40000,32000,Cash,0.1
O2406,17-09-2031,C2396,AC,Electronics,1,50000,50000,0,Cash,0
O2407,18-09-2031,C2397,Bookshelf Rack,Furniture,4,15000,60000,45000,Cash,0.05
O2408,19-09-2031,C2398,Water Purifier,Home Appliance,2,5500,11000,5500,Credit,0
O2409,20-09-2031,C2399,Mobile,Electronics,1,20000,20000,0,Credit,0.05
O2410,21-09-2031,C2400,Monitor,Electronics,1,12000,12000,0,Cash,0
O2411,22-09-2031,C2401,Ceiling Fan,Home Appliance,3,25000,75000,50000,Cash,0.1
O2412,23-09-2031,C2402,Sofa,Furniture,1,30000,30000,0,Cash,0
O2413,24-09-2031,C2403,Table,Furniture,1,25000,25000,0,Credit,0.05
O2414,25-09-2031,C2404,Mixer Grinder,Home Appliance,1,5000,5000,0,Cash,0.1
O2415,26-09-2031,C2405,AC,Electronics,2,40000,80000,40000,Cash,0
O2416,27-09-2031,C2406,Chair,Furniture,1,6000,6000,0,Cash,0
O2417,28-09-2031,C2407,Laptop,Electronics,4,50000,200000,150000,Cash,0.15
O2418,29-09-2031,C2408,Bookshelf Rack,Furniture,1,15000,15000,0,Cash,0.05
O2419,30-09-2031,C2409,Electric Kettle,Home Appliance,4,1800,7200,5400,Credit,0
O2420,01-10-2031,C2410,Sofa,Furniture,2,30000,60000,30000,Cash,0.1
O2421,02-10-2031,C2411,Chair,Furniture,1,6000,6000,0,Cash,0
O2422,03-10-2031,C2412,Mixer Grinder,Home Appliance,1,5000,5000,0,Cash,0.05
O2423,04-10-2031,C2413,Mixer Grinder,Home Appliance,3,5000,15000,10000,Credit,0
O2424,05-10-2031,C2414,AC,Electronics,1,40000,40000,0,Cash,0
O2425,06-10-2031,C2415,Ceiling Fan,Home Appliance,5,25000,125000,100000,Cash,0.1
O2426,07-10-2031,C2416,Laptop,Electronics,1,50000,50000,0,Cash,0
O2427,08-10-2031,C2417,Water Purifier,Home Appliance,2,5500,11000,5500,Cash,0.05
O2428,09-10-2031,C2418,Sofa,Furniture,1,30000,30000,0,Cash,0
O2429,10-10-2031,C2419,Monitor,Electronics,1,12000,12000,0,Cash,0.05
O2430,11-10-2031,C2420,Printer,Electronics,1,8000,8000,0,Credit,0
O2431,12-10-2031,C2421,Mobile,Electronics,4,20000,80000,60000,Cash,0.1
O2432,13-10-2031,C2422,Electric Kettle,Home Appliance,2,1800,3600,1800,Cash,0
O2433,14-10-2031,C2423,AC,Electronics,1,40000,40000,0,Cash,0.05
O2434,15-10-2031,C2424,Monitor,Electronics,1,12000,12000,0,Credit,0.1
O2435,16-10-2031,C2425,Chair,Furniture,3,6000,18000,12000,Cash,0
O2436,17-10-2031,C2426, AC,Electronics,1,40000,40000,0,Cash,0
O2437,18-10-2031,C2427,Mixer Grinder,Home Appliance,4,5000,20000,15000,Credit,0.15
O2438,19-10-2031,C2428,Laptop,Electronics,1,50000,50000,0,Credit,0.05
O2439,20-10-2031,C2429,Sofa,Furniture,2,30000,60000,30000,Cash,0
O2440,21-10-2031,C2430,Bookshelf Rack,Furniture,1,15000,15000,0,Cash,0.1
O2441,22-10-2031,C2431,Mobile,Electronics,5,20000,100000,80000,Cash,0
O2442,23-10-2031,C2432,Electric Kettle,Home Appliance,1,1800,1800,0,Credit,0.05
O2443,24-10-2031,C2433,AC ,Electronics,4,40000,160000,120000,Cash,0
O2444,25-10-2031,C2434,Mobile,Electronics,2,20000,40000,20000,Cash,0
O2445,26-10-2031,C2435,Sofa,Furniture,1,30000,30000,0,Cash,0.1
O2446,27-10-2031,C2436,Mixer Grinder,Home Appliance,1,5000,5000,0,Cash,0
O2447,28-10-2031,C2437,Chair,Furniture,3,6000,18000,12000,Cash,0.05
O2448,29-10-2031,C2438,Mobile,Electronics,1,20000,20000,0,Credit,0
O2449,30-10-2031,C2439,AC,Electronics,3,40000,120000,80000,Cash,0.05
O2450,31-10-2031,C2440,Printer,Electronics,1,8000,8000,0,Cash,0
O2451,01-11-2031,C2441,Mixer Grinder,Home Appliance,2,5000,10000,5000,Cash,0.1
O2452,02-11-2031,C2442,Bookshelf Rack,Furniture,1,15000,15000,0,Credit,0
O2453,03-11-2031,C2443,Water Purifier,Home Appliance,4,5500,22000,16500,Cash,0.05
O2454,04-11-2031,C2444,Laptop,Electronics,1,50000,50000,0,Cash,0.1
O2455,05-11-2031,C2445,Electric Kettle,Home Appliance,4,1800,7200,5400,Cash,0
O2456,06-11-2031,C2446,Mobile,Electronics,2,20000,40000,20000,Cash,0
O2457,07-11-2031,C2447,Table,Furniture,3,25000,75000,50000,Cash,0.15
O2458,08-11-2031,C2448,Ceiling Fan,Home Appliance,2,25000,50000,25000,Cash,0.05
O2459,09-11-2031,C2449,Sofa,Furniture,1,30000,30000,0,Credit,0
O2460,10-11-2031,C2450,Monitor,Electronics,4,12000,48000,36000,Cash,0.1
O2461,11-11-2031,C2451,Chair,Furniture,2,60000,120000,60000,Cash,0
O2462,12-11-2031,C2452,Water Purifier,Home Appliance,1,5500,5500,0,Cash,0.05
O2463,13-11-2031,C2453,AC,Electronics,1,40000,40000,0,Credit,0
O2464,14-11-2031,C2454,Mobile,Electronics,3,20000,60000,40000,Cash,0
O2465,15-11-2031,C2455,Printer,Electronics,1,8000,8000,0,Cash,0.1
O2466,16-11-2031,C2456,Mixer Grinder,Home Appliance,5,5000,25000,20000,Cash,0
O2467,17-11-2031,C2457,Bookshelf Rack,Furniture,1,15000,15000,0,Cash,0.05
O2468,18-11-2031,C2458,Electric Kettle,Home Appliance,2,1800,3600,1800,Credit,0
O2469,19-11-2031,C2459, AC,Electronics,1,40000,40000,0,Cash,0.05
O2470,20-11-2031,C2460,Sofa,Furniture,1,30000,30000,0,Cash,0
O2471,21-11-2031,C2461,Mobile,Electronics,1,20000,20000,0,Cash,0.1
O2472,22-11-2031,C2462,Ceiling Fan,Home Appliance,4,25000,100000,75000,Credit,0
O2473,23-11-2031,C2463,Chair,Furniture,2,60000,120000,60000,Cash,0.05
O2474,24-11-2031,C2464,Monitor,Electronics,5,12000,60000,48000,Cash,0.1
O2475,25-11-2031,C2465,Water Purifier,Home Appliance,1,5500,5500,0,Cash,0
O2476,26-11-2031,C2466,Bookshelf Rack,Furniture,3,15000,45000,30000,Cash,0
O2477,27-11-2031,C2467,Sofa,Furniture,1,30000,30000,0,Cash,0.15
O2478,28-11-2031,C2468,Ceiling Fan,Home Appliance,5,25000,125000,100000,Credit,0.05
O2479,29-11-2031,C2469,Printer,Electronics,1,8000,8000,0,Credit,0
O2480,30-11-2031,C2470,AC ,Electronics,2,40000,80000,40000,Cash,0.1
O2481,01-12-2031,C2471,Monitor,Electronics,1,12000,12000,0,Cash,0
O2482,02-12-2031,C2472,Laptop,Electronics,3,50000,150000,100000,Cash,0.05
O2483,03-12-2031,C2473,Sofa,Furniture,1,30000,30000,0,Credit,0
O2484,04-12-2031,C2474,Bookshelf Rack,Furniture,4,15000,60000,45000,Credit,0
O2485,05-12-2031,C2475,Electric Kettle,Home Appliance,2,1800,3600,1800,Cash,0.1
O2486,06-12-2031,C2476,Mobile,Electronics,1,20000,20000,0,Cash,0
O2487,07-12-2031,C2477,Laptop,Electronics,1,50000,50000,0,Cash,0.05
O2488,08-12-2031,C2478,Mobile,Electronics,3,20000,60000,40000,Credit,0
O2489,09-12-2031,C2479, Mixer Grinder,Home Appliance,1,5000,5000,0,Cash,0.05
O2490,10-12-2031,C2480, Printer,Electronics,4,8000,32000,24000,Cash,0
O2491,11-12-2031,C2481,Table,Furniture,1,25000,25000,0,Cash,0.1
O2492,12-12-2031,C2482,AC,Electronics,2,40000,80000,40000,Cash,0
O2493,13-12-2031,C2483,Sofa,Furniture,1,30000,30000,0,Cash,0.05
O2494,14-12-2031,C2484,Monitor,Electronics,5,12000,60000,48000,Credit,0.1
O2495,15-12-2031,C2485, Chair,Furniture,1,6000,6000,0,Cash,0
O2496,16-12-2031,C2486,Ceiling Fan,Home Appliance,4,2500,10000,7500,Cash,0
O2497,17-12-2031,C2487,Electric Kettle,Home Appliance,2,1800,3600,1800,Cash,0.15
O2498,18-12-2031,C2488,Mixer Grinder,Home Appliance,1,5000,5000,0,Credit,0.05
O2499,19-12-2031,C2489,Printer,Electronics,1,8000,8000,0,Cash,0
O2500,20-12-2031,C2490,AC,Electronics,3,50000,150000,100000,Cash,0.1
O2501,21-12-2031,C2491,Bookshelf Rack,Furniture,1,15000,15000,0,Cash,0
O2502,22-12-2031,C2492,Water Purifier,Home Appliance,1,5500,5500,0,Cash,0.05
O2503,23-12-2031,C2493,Laptop,Electronics,1,50000,50000,0,Cash,0
O2504,24-12-2031,C2494,Sofa,Furniture,2,30000,60000,30000,Cash,0
,,,,,,,,,,
,,,,,,,,,,
,,,,,,,,,,
,,,,,,,,,,
,,,,,,,,,,
,,,,,,,,,,
